I0304 16:57:09.859144   44890 blockbook.go:157] Blockbook: {Version:unknown GitCommit:unknown BuildTime:unknown GoVersion:go1.26.0 OSArch:darwin/arm64}, debug mode false
I0304 16:57:09.860833   44890 coordinaterpc.go:104] Chain name regtest
I0304 16:57:09.860852   44890 coordinaterpc.go:114] rpc: block chain regtest
I0304 16:57:09.860866   44890 mempool_bitcoin_type.go:140] mempool: starting with 8*2 sync workers
I0304 16:57:09.860879   44890 rocksdb.go:152] rocksdb: opening ./data, required data version 7, cache size 536870912, max open files 16384
I0304 16:57:09.927347   44890 rocksdb.go:197] rocksdb: asset-aware UTXO storage enabled
I0304 16:57:09.927574   44890 internalstate.go:251] set 0 block times, average block period 0s
I0304 16:57:09.927606   44890 rocksdb.go:2008] rocksdb: processed block times in 63.208µs
I0304 16:57:09.927840   44890 fiat_rates.go:72] FiatRates config is empty, not downloading fiat rates
I0304 16:57:09.928631   44890 worker.go:2609] GetSystemInfo, 764µs
I0304 16:57:09.929858   44890 internal.go:88] internal server: starting to listen on http://:19070
I0304 16:57:09.933902   44890 public.go:134] public server: starting to listen on http://:19170
I0304 16:57:09.934208   44890 sync.go:190] resync: genesis from block 0
I0304 16:57:09.934551   44890 sync.go:211] resync: bulk sync of blocks 0-1033, using 8 workers
I0304 16:57:09.934976   44890 bulkconnect.go:80] rocksdb: bulk connect init, db set to inconsistent state
I0304 16:57:09.936281   44890 rocksdb_coordinatetype.go:552] ASSET-DEBUG processAssetsCoordinateType: block=0 txs=1
I0304 16:57:09.936610   44890 rocksdb_coordinatetype.go:731] ASSET-DEBUG Phase3: 0 affected pairs, 0 assetTxs
I0304 16:57:09.937254   44890 rocksdb_coordinatetype.go:552] ASSET-DEBUG processAssetsCoordinateType: block=1 txs=1
I0304 16:57:09.937266   44890 rocksdb_coordinatetype.go:731] ASSET-DEBUG Phase3: 0 affected pairs, 0 assetTxs
I0304 16:57:09.937292   44890 rocksdb_coordinatetype.go:552] ASSET-DEBUG processAssetsCoordinateType: block=2 txs=1
I0304 16:57:09.937295   44890 rocksdb_coordinatetype.go:731] ASSET-DEBUG Phase3: 0 affected pairs, 0 assetTxs
I0304 16:57:09.937312   44890 rocksdb_coordinatetype.go:552] ASSET-DEBUG processAssetsCoordinateType: block=3 txs=1
I0304 16:57:09.937314   44890 rocksdb_coordinatetype.go:731] ASSET-DEBUG Phase3: 0 affected pairs, 0 assetTxs
I0304 16:57:09.937323   44890 rocksdb_coordinatetype.go:552] ASSET-DEBUG processAssetsCoordinateType: block=4 txs=1
I0304 16:57:09.937325   44890 rocksdb_coordinatetype.go:731] ASSET-DEBUG Phase3: 0 affected pairs, 0 assetTxs
I0304 16:57:09.937333   44890 rocksdb_coordinatetype.go:552] ASSET-DEBUG processAssetsCoordinateType: block=5 txs=1
I0304 16:57:09.937334   44890 rocksdb_coordinatetype.go:731] ASSET-DEBUG Phase3: 0 affected pairs, 0 assetTxs
I0304 16:57:09.937398   44890 rocksdb_coordinatetype.go:552] ASSET-DEBUG processAssetsCoordinateType: block=6 txs=1
I0304 16:57:09.937413   44890 rocksdb_coordinatetype.go:731] ASSET-DEBUG Phase3: 0 affected pairs, 0 assetTxs
I0304 16:57:09.937794   44890 rocksdb_coordinatetype.go:552] ASSET-DEBUG processAssetsCoordinateType: block=7 txs=1
I0304 16:57:09.937800   44890 rocksdb_coordinatetype.go:731] ASSET-DEBUG Phase3: 0 affected pairs, 0 assetTxs
I0304 16:57:09.937822   44890 rocksdb_coordinatetype.go:552] ASSET-DEBUG processAssetsCoordinateType: block=8 txs=1
I0304 16:57:09.937825   44890 rocksdb_coordinatetype.go:731] ASSET-DEBUG Phase3: 0 affected pairs, 0 assetTxs
I0304 16:57:09.937921   44890 rocksdb_coordinatetype.go:552] ASSET-DEBUG processAssetsCoordinateType: block=9 txs=1
I0304 16:57:09.937925   44890 rocksdb_coordinatetype.go:731] ASSET-DEBUG Phase3: 0 affected pairs, 0 assetTxs
I0304 16:57:09.937938   44890 rocksdb_coordinatetype.go:552] ASSET-DEBUG processAssetsCoordinateType: block=10 txs=1
I0304 16:57:09.937939   44890 rocksdb_coordinatetype.go:731] ASSET-DEBUG Phase3: 0 affected pairs, 0 assetTxs
I0304 16:57:09.937949   44890 rocksdb_coordinatetype.go:552] ASSET-DEBUG processAssetsCoordinateType: block=11 txs=1
I0304 16:57:09.937951   44890 rocksdb_coordinatetype.go:731] ASSET-DEBUG Phase3: 0 affected pairs, 0 assetTxs
I0304 16:57:09.938032   44890 rocksdb_coordinatetype.go:552] ASSET-DEBUG processAssetsCoordinateType: block=12 txs=1
I0304 16:57:09.938035   44890 rocksdb_coordinatetype.go:731] ASSET-DEBUG Phase3: 0 affected pairs, 0 assetTxs
I0304 16:57:09.938393   44890 rocksdb_coordinatetype.go:552] ASSET-DEBUG processAssetsCoordinateType: block=13 txs=1
I0304 16:57:09.938399   44890 rocksdb_coordinatetype.go:731] ASSET-DEBUG Phase3: 0 affected pairs, 0 assetTxs
I0304 16:57:09.938418   44890 rocksdb_coordinatetype.go:552] ASSET-DEBUG processAssetsCoordinateType: block=14 txs=1
I0304 16:57:09.938421   44890 rocksdb_coordinatetype.go:731] ASSET-DEBUG Phase3: 0 affected pairs, 0 assetTxs
I0304 16:57:09.938432   44890 rocksdb_coordinatetype.go:552] ASSET-DEBUG processAssetsCoordinateType: block=15 txs=1
I0304 16:57:09.938433   44890 rocksdb_coordinatetype.go:731] ASSET-DEBUG Phase3: 0 affected pairs, 0 assetTxs
I0304 16:57:09.938444   44890 rocksdb_coordinatetype.go:552] ASSET-DEBUG processAssetsCoordinateType: block=16 txs=1
I0304 16:57:09.938446   44890 rocksdb_coordinatetype.go:731] ASSET-DEBUG Phase3: 0 affected pairs, 0 assetTxs
I0304 16:57:09.938573   44890 rocksdb_coordinatetype.go:552] ASSET-DEBUG processAssetsCoordinateType: block=17 txs=1
I0304 16:57:09.938578   44890 rocksdb_coordinatetype.go:731] ASSET-DEBUG Phase3: 0 affected pairs, 0 assetTxs
I0304 16:57:09.938590   44890 rocksdb_coordinatetype.go:552] ASSET-DEBUG processAssetsCoordinateType: block=18 txs=1
I0304 16:57:09.938592   44890 rocksdb_coordinatetype.go:731] ASSET-DEBUG Phase3: 0 affected pairs, 0 assetTxs
I0304 16:57:09.938633   44890 rocksdb_coordinatetype.go:552] ASSET-DEBUG processAssetsCoordinateType: block=19 txs=1
I0304 16:57:09.938638   44890 rocksdb_coordinatetype.go:731] ASSET-DEBUG Phase3: 0 affected pairs, 0 assetTxs
I0304 16:57:09.938836   44890 rocksdb_coordinatetype.go:552] ASSET-DEBUG processAssetsCoordinateType: block=20 txs=1
I0304 16:57:09.938839   44890 rocksdb_coordinatetype.go:731] ASSET-DEBUG Phase3: 0 affected pairs, 0 assetTxs
I0304 16:57:09.938984   44890 rocksdb_coordinatetype.go:552] ASSET-DEBUG processAssetsCoordinateType: block=21 txs=1
I0304 16:57:09.938988   44890 rocksdb_coordinatetype.go:731] ASSET-DEBUG Phase3: 0 affected pairs, 0 assetTxs
I0304 16:57:09.939029   44890 rocksdb_coordinatetype.go:552] ASSET-DEBUG processAssetsCoordinateType: block=22 txs=1
I0304 16:57:09.939034   44890 rocksdb_coordinatetype.go:731] ASSET-DEBUG Phase3: 0 affected pairs, 0 assetTxs
I0304 16:57:09.939107   44890 rocksdb_coordinatetype.go:552] ASSET-DEBUG processAssetsCoordinateType: block=23 txs=1
I0304 16:57:09.939111   44890 rocksdb_coordinatetype.go:731] ASSET-DEBUG Phase3: 0 affected pairs, 0 assetTxs
I0304 16:57:09.939202   44890 rocksdb_coordinatetype.go:552] ASSET-DEBUG processAssetsCoordinateType: block=24 txs=1
I0304 16:57:09.939205   44890 rocksdb_coordinatetype.go:731] ASSET-DEBUG Phase3: 0 affected pairs, 0 assetTxs
I0304 16:57:09.939335   44890 rocksdb_coordinatetype.go:552] ASSET-DEBUG processAssetsCoordinateType: block=25 txs=1
I0304 16:57:09.939341   44890 rocksdb_coordinatetype.go:731] ASSET-DEBUG Phase3: 0 affected pairs, 0 assetTxs
I0304 16:57:09.939489   44890 rocksdb_coordinatetype.go:552] ASSET-DEBUG processAssetsCoordinateType: block=26 txs=1
I0304 16:57:09.939493   44890 rocksdb_coordinatetype.go:731] ASSET-DEBUG Phase3: 0 affected pairs, 0 assetTxs
I0304 16:57:09.939631   44890 rocksdb_coordinatetype.go:552] ASSET-DEBUG processAssetsCoordinateType: block=27 txs=1
I0304 16:57:09.939634   44890 rocksdb_coordinatetype.go:731] ASSET-DEBUG Phase3: 0 affected pairs, 0 assetTxs
I0304 16:57:09.939742   44890 rocksdb_coordinatetype.go:552] ASSET-DEBUG processAssetsCoordinateType: block=28 txs=1
I0304 16:57:09.939745   44890 rocksdb_coordinatetype.go:731] ASSET-DEBUG Phase3: 0 affected pairs, 0 assetTxs
I0304 16:57:09.939868   44890 rocksdb_coordinatetype.go:552] ASSET-DEBUG processAssetsCoordinateType: block=29 txs=1
I0304 16:57:09.939871   44890 rocksdb_coordinatetype.go:731] ASSET-DEBUG Phase3: 0 affected pairs, 0 assetTxs
I0304 16:57:09.940006   44890 rocksdb_coordinatetype.go:552] ASSET-DEBUG processAssetsCoordinateType: block=30 txs=1
I0304 16:57:09.940009   44890 rocksdb_coordinatetype.go:731] ASSET-DEBUG Phase3: 0 affected pairs, 0 assetTxs
I0304 16:57:09.940170   44890 rocksdb_coordinatetype.go:552] ASSET-DEBUG processAssetsCoordinateType: block=31 txs=1
I0304 16:57:09.940173   44890 rocksdb_coordinatetype.go:731] ASSET-DEBUG Phase3: 0 affected pairs, 0 assetTxs
I0304 16:57:09.940271   44890 rocksdb_coordinatetype.go:552] ASSET-DEBUG processAssetsCoordinateType: block=32 txs=1
I0304 16:57:09.940274   44890 rocksdb_coordinatetype.go:731] ASSET-DEBUG Phase3: 0 affected pairs, 0 assetTxs
I0304 16:57:09.940331   44890 rocksdb_coordinatetype.go:552] ASSET-DEBUG processAssetsCoordinateType: block=33 txs=1
I0304 16:57:09.940335   44890 rocksdb_coordinatetype.go:731] ASSET-DEBUG Phase3: 0 affected pairs, 0 assetTxs
I0304 16:57:09.940409   44890 rocksdb_coordinatetype.go:552] ASSET-DEBUG processAssetsCoordinateType: block=34 txs=1
I0304 16:57:09.940413   44890 rocksdb_coordinatetype.go:731] ASSET-DEBUG Phase3: 0 affected pairs, 0 assetTxs
I0304 16:57:09.940737   44890 rocksdb_coordinatetype.go:552] ASSET-DEBUG processAssetsCoordinateType: block=35 txs=1
I0304 16:57:09.940739   44890 rocksdb_coordinatetype.go:731] ASSET-DEBUG Phase3: 0 affected pairs, 0 assetTxs
I0304 16:57:09.940749   44890 rocksdb_coordinatetype.go:552] ASSET-DEBUG processAssetsCoordinateType: block=36 txs=1
I0304 16:57:09.940750   44890 rocksdb_coordinatetype.go:731] ASSET-DEBUG Phase3: 0 affected pairs, 0 assetTxs
I0304 16:57:09.940935   44890 rocksdb_coordinatetype.go:552] ASSET-DEBUG processAssetsCoordinateType: block=37 txs=1
I0304 16:57:09.940942   44890 rocksdb_coordinatetype.go:731] ASSET-DEBUG Phase3: 0 affected pairs, 0 assetTxs
I0304 16:57:09.940951   44890 rocksdb_coordinatetype.go:552] ASSET-DEBUG processAssetsCoordinateType: block=38 txs=1
I0304 16:57:09.940953   44890 rocksdb_coordinatetype.go:731] ASSET-DEBUG Phase3: 0 affected pairs, 0 assetTxs
I0304 16:57:09.940995   44890 rocksdb_coordinatetype.go:552] ASSET-DEBUG processAssetsCoordinateType: block=39 txs=1
I0304 16:57:09.940999   44890 rocksdb_coordinatetype.go:731] ASSET-DEBUG Phase3: 0 affected pairs, 0 assetTxs
I0304 16:57:09.941059   44890 rocksdb_coordinatetype.go:552] ASSET-DEBUG processAssetsCoordinateType: block=40 txs=1
I0304 16:57:09.941063   44890 rocksdb_coordinatetype.go:731] ASSET-DEBUG Phase3: 0 affected pairs, 0 assetTxs
I0304 16:57:09.941204   44890 rocksdb_coordinatetype.go:552] ASSET-DEBUG processAssetsCoordinateType: block=41 txs=1
I0304 16:57:09.941207   44890 rocksdb_coordinatetype.go:731] ASSET-DEBUG Phase3: 0 affected pairs, 0 assetTxs
I0304 16:57:09.941325   44890 rocksdb_coordinatetype.go:552] ASSET-DEBUG processAssetsCoordinateType: block=42 txs=1
I0304 16:57:09.941330   44890 rocksdb_coordinatetype.go:731] ASSET-DEBUG Phase3: 0 affected pairs, 0 assetTxs
I0304 16:57:09.941464   44890 rocksdb_coordinatetype.go:552] ASSET-DEBUG processAssetsCoordinateType: block=43 txs=1
I0304 16:57:09.941469   44890 rocksdb_coordinatetype.go:731] ASSET-DEBUG Phase3: 0 affected pairs, 0 assetTxs
I0304 16:57:09.941609   44890 rocksdb_coordinatetype.go:552] ASSET-DEBUG processAssetsCoordinateType: block=44 txs=1
I0304 16:57:09.941613   44890 rocksdb_coordinatetype.go:731] ASSET-DEBUG Phase3: 0 affected pairs, 0 assetTxs
I0304 16:57:09.941680   44890 rocksdb_coordinatetype.go:552] ASSET-DEBUG processAssetsCoordinateType: block=45 txs=1
I0304 16:57:09.941683   44890 rocksdb_coordinatetype.go:731] ASSET-DEBUG Phase3: 0 affected pairs, 0 assetTxs
I0304 16:57:09.941768   44890 rocksdb_coordinatetype.go:552] ASSET-DEBUG processAssetsCoordinateType: block=46 txs=1
I0304 16:57:09.941772   44890 rocksdb_coordinatetype.go:731] ASSET-DEBUG Phase3: 0 affected pairs, 0 assetTxs
I0304 16:57:09.941839   44890 rocksdb_coordinatetype.go:552] ASSET-DEBUG processAssetsCoordinateType: block=47 txs=1
I0304 16:57:09.941842   44890 rocksdb_coordinatetype.go:731] ASSET-DEBUG Phase3: 0 affected pairs, 0 assetTxs
I0304 16:57:09.941955   44890 rocksdb_coordinatetype.go:552] ASSET-DEBUG processAssetsCoordinateType: block=48 txs=1
I0304 16:57:09.941959   44890 rocksdb_coordinatetype.go:731] ASSET-DEBUG Phase3: 0 affected pairs, 0 assetTxs
I0304 16:57:09.942100   44890 rocksdb_coordinatetype.go:552] ASSET-DEBUG processAssetsCoordinateType: block=49 txs=1
I0304 16:57:09.942104   44890 rocksdb_coordinatetype.go:731] ASSET-DEBUG Phase3: 0 affected pairs, 0 assetTxs
I0304 16:57:09.942209   44890 rocksdb_coordinatetype.go:552] ASSET-DEBUG processAssetsCoordinateType: block=50 txs=1
I0304 16:57:09.942212   44890 rocksdb_coordinatetype.go:731] ASSET-DEBUG Phase3: 0 affected pairs, 0 assetTxs
I0304 16:57:09.942358   44890 rocksdb_coordinatetype.go:552] ASSET-DEBUG processAssetsCoordinateType: block=51 txs=1
I0304 16:57:09.942361   44890 rocksdb_coordinatetype.go:731] ASSET-DEBUG Phase3: 0 affected pairs, 0 assetTxs
I0304 16:57:09.942504   44890 rocksdb_coordinatetype.go:552] ASSET-DEBUG processAssetsCoordinateType: block=52 txs=1
I0304 16:57:09.942506   44890 rocksdb_coordinatetype.go:731] ASSET-DEBUG Phase3: 0 affected pairs, 0 assetTxs
I0304 16:57:09.942515   44890 rocksdb_coordinatetype.go:552] ASSET-DEBUG processAssetsCoordinateType: block=53 txs=1
I0304 16:57:09.942517   44890 rocksdb_coordinatetype.go:731] ASSET-DEBUG Phase3: 0 affected pairs, 0 assetTxs
I0304 16:57:09.942616   44890 rocksdb_coordinatetype.go:552] ASSET-DEBUG processAssetsCoordinateType: block=54 txs=1
I0304 16:57:09.942619   44890 rocksdb_coordinatetype.go:731] ASSET-DEBUG Phase3: 0 affected pairs, 0 assetTxs
I0304 16:57:09.942778   44890 rocksdb_coordinatetype.go:552] ASSET-DEBUG processAssetsCoordinateType: block=55 txs=1
I0304 16:57:09.942780   44890 rocksdb_coordinatetype.go:731] ASSET-DEBUG Phase3: 0 affected pairs, 0 assetTxs
I0304 16:57:09.942949   44890 rocksdb_coordinatetype.go:552] ASSET-DEBUG processAssetsCoordinateType: block=56 txs=1
I0304 16:57:09.942952   44890 rocksdb_coordinatetype.go:731] ASSET-DEBUG Phase3: 0 affected pairs, 0 assetTxs
I0304 16:57:09.943004   44890 rocksdb_coordinatetype.go:552] ASSET-DEBUG processAssetsCoordinateType: block=57 txs=1
I0304 16:57:09.943007   44890 rocksdb_coordinatetype.go:731] ASSET-DEBUG Phase3: 0 affected pairs, 0 assetTxs
I0304 16:57:09.943164   44890 rocksdb_coordinatetype.go:552] ASSET-DEBUG processAssetsCoordinateType: block=58 txs=1
I0304 16:57:09.943168   44890 rocksdb_coordinatetype.go:731] ASSET-DEBUG Phase3: 0 affected pairs, 0 assetTxs
I0304 16:57:09.943181   44890 rocksdb_coordinatetype.go:552] ASSET-DEBUG processAssetsCoordinateType: block=59 txs=1
I0304 16:57:09.943183   44890 rocksdb_coordinatetype.go:731] ASSET-DEBUG Phase3: 0 affected pairs, 0 assetTxs
I0304 16:57:09.943308   44890 rocksdb_coordinatetype.go:552] ASSET-DEBUG processAssetsCoordinateType: block=60 txs=1
I0304 16:57:09.943311   44890 rocksdb_coordinatetype.go:731] ASSET-DEBUG Phase3: 0 affected pairs, 0 assetTxs
I0304 16:57:09.943566   44890 rocksdb_coordinatetype.go:552] ASSET-DEBUG processAssetsCoordinateType: block=61 txs=1
I0304 16:57:09.943580   44890 rocksdb_coordinatetype.go:731] ASSET-DEBUG Phase3: 0 affected pairs, 0 assetTxs
I0304 16:57:09.943661   44890 rocksdb_coordinatetype.go:552] ASSET-DEBUG processAssetsCoordinateType: block=62 txs=1
I0304 16:57:09.943680   44890 rocksdb_coordinatetype.go:731] ASSET-DEBUG Phase3: 0 affected pairs, 0 assetTxs
I0304 16:57:09.944053   44890 rocksdb_coordinatetype.go:552] ASSET-DEBUG processAssetsCoordinateType: block=63 txs=1
I0304 16:57:09.944057   44890 rocksdb_coordinatetype.go:731] ASSET-DEBUG Phase3: 0 affected pairs, 0 assetTxs
I0304 16:57:09.944068   44890 rocksdb_coordinatetype.go:552] ASSET-DEBUG processAssetsCoordinateType: block=64 txs=1
I0304 16:57:09.944070   44890 rocksdb_coordinatetype.go:731] ASSET-DEBUG Phase3: 0 affected pairs, 0 assetTxs
I0304 16:57:09.944380   44890 rocksdb_coordinatetype.go:552] ASSET-DEBUG processAssetsCoordinateType: block=65 txs=1
I0304 16:57:09.944387   44890 rocksdb_coordinatetype.go:731] ASSET-DEBUG Phase3: 0 affected pairs, 0 assetTxs
I0304 16:57:09.944415   44890 rocksdb_coordinatetype.go:552] ASSET-DEBUG processAssetsCoordinateType: block=66 txs=1
I0304 16:57:09.944419   44890 rocksdb_coordinatetype.go:731] ASSET-DEBUG Phase3: 0 affected pairs, 0 assetTxs
I0304 16:57:09.944529   44890 rocksdb_coordinatetype.go:552] ASSET-DEBUG processAssetsCoordinateType: block=67 txs=1
I0304 16:57:09.944533   44890 rocksdb_coordinatetype.go:731] ASSET-DEBUG Phase3: 0 affected pairs, 0 assetTxs
I0304 16:57:09.944826   44890 rocksdb_coordinatetype.go:552] ASSET-DEBUG processAssetsCoordinateType: block=68 txs=1
I0304 16:57:09.944833   44890 rocksdb_coordinatetype.go:731] ASSET-DEBUG Phase3: 0 affected pairs, 0 assetTxs
I0304 16:57:09.944871   44890 rocksdb_coordinatetype.go:552] ASSET-DEBUG processAssetsCoordinateType: block=69 txs=1
I0304 16:57:09.944876   44890 rocksdb_coordinatetype.go:731] ASSET-DEBUG Phase3: 0 affected pairs, 0 assetTxs
I0304 16:57:09.945131   44890 rocksdb_coordinatetype.go:552] ASSET-DEBUG processAssetsCoordinateType: block=70 txs=1
I0304 16:57:09.945135   44890 rocksdb_coordinatetype.go:731] ASSET-DEBUG Phase3: 0 affected pairs, 0 assetTxs
I0304 16:57:09.945230   44890 rocksdb_coordinatetype.go:552] ASSET-DEBUG processAssetsCoordinateType: block=71 txs=1
I0304 16:57:09.945237   44890 rocksdb_coordinatetype.go:731] ASSET-DEBUG Phase3: 0 affected pairs, 0 assetTxs
I0304 16:57:09.945294   44890 rocksdb_coordinatetype.go:552] ASSET-DEBUG processAssetsCoordinateType: block=72 txs=1
I0304 16:57:09.945298   44890 rocksdb_coordinatetype.go:731] ASSET-DEBUG Phase3: 0 affected pairs, 0 assetTxs
I0304 16:57:09.945391   44890 rocksdb_coordinatetype.go:552] ASSET-DEBUG processAssetsCoordinateType: block=73 txs=1
I0304 16:57:09.945395   44890 rocksdb_coordinatetype.go:731] ASSET-DEBUG Phase3: 0 affected pairs, 0 assetTxs
I0304 16:57:09.945607   44890 rocksdb_coordinatetype.go:552] ASSET-DEBUG processAssetsCoordinateType: block=74 txs=1
I0304 16:57:09.945610   44890 rocksdb_coordinatetype.go:731] ASSET-DEBUG Phase3: 0 affected pairs, 0 assetTxs
I0304 16:57:09.945624   44890 rocksdb_coordinatetype.go:552] ASSET-DEBUG processAssetsCoordinateType: block=75 txs=1
I0304 16:57:09.945626   44890 rocksdb_coordinatetype.go:731] ASSET-DEBUG Phase3: 0 affected pairs, 0 assetTxs
I0304 16:57:09.945727   44890 rocksdb_coordinatetype.go:552] ASSET-DEBUG processAssetsCoordinateType: block=76 txs=1
I0304 16:57:09.945731   44890 rocksdb_coordinatetype.go:731] ASSET-DEBUG Phase3: 0 affected pairs, 0 assetTxs
I0304 16:57:09.945811   44890 rocksdb_coordinatetype.go:552] ASSET-DEBUG processAssetsCoordinateType: block=77 txs=1
I0304 16:57:09.945814   44890 rocksdb_coordinatetype.go:731] ASSET-DEBUG Phase3: 0 affected pairs, 0 assetTxs
I0304 16:57:09.945922   44890 rocksdb_coordinatetype.go:552] ASSET-DEBUG processAssetsCoordinateType: block=78 txs=1
I0304 16:57:09.945927   44890 rocksdb_coordinatetype.go:731] ASSET-DEBUG Phase3: 0 affected pairs, 0 assetTxs
I0304 16:57:09.946026   44890 rocksdb_coordinatetype.go:552] ASSET-DEBUG processAssetsCoordinateType: block=79 txs=1
I0304 16:57:09.946029   44890 rocksdb_coordinatetype.go:731] ASSET-DEBUG Phase3: 0 affected pairs, 0 assetTxs
I0304 16:57:09.946170   44890 rocksdb_coordinatetype.go:552] ASSET-DEBUG processAssetsCoordinateType: block=80 txs=1
I0304 16:57:09.946176   44890 rocksdb_coordinatetype.go:731] ASSET-DEBUG Phase3: 0 affected pairs, 0 assetTxs
I0304 16:57:09.946276   44890 rocksdb_coordinatetype.go:552] ASSET-DEBUG processAssetsCoordinateType: block=81 txs=1
I0304 16:57:09.946278   44890 rocksdb_coordinatetype.go:731] ASSET-DEBUG Phase3: 0 affected pairs, 0 assetTxs
I0304 16:57:09.946397   44890 rocksdb_coordinatetype.go:552] ASSET-DEBUG processAssetsCoordinateType: block=82 txs=1
I0304 16:57:09.946400   44890 rocksdb_coordinatetype.go:731] ASSET-DEBUG Phase3: 0 affected pairs, 0 assetTxs
I0304 16:57:09.946438   44890 rocksdb_coordinatetype.go:552] ASSET-DEBUG processAssetsCoordinateType: block=83 txs=1
I0304 16:57:09.946441   44890 rocksdb_coordinatetype.go:731] ASSET-DEBUG Phase3: 0 affected pairs, 0 assetTxs
I0304 16:57:09.946598   44890 rocksdb_coordinatetype.go:552] ASSET-DEBUG processAssetsCoordinateType: block=84 txs=1
I0304 16:57:09.946601   44890 rocksdb_coordinatetype.go:731] ASSET-DEBUG Phase3: 0 affected pairs, 0 assetTxs
I0304 16:57:09.946674   44890 rocksdb_coordinatetype.go:552] ASSET-DEBUG processAssetsCoordinateType: block=85 txs=1
I0304 16:57:09.946677   44890 rocksdb_coordinatetype.go:731] ASSET-DEBUG Phase3: 0 affected pairs, 0 assetTxs
I0304 16:57:09.946782   44890 rocksdb_coordinatetype.go:552] ASSET-DEBUG processAssetsCoordinateType: block=86 txs=1
I0304 16:57:09.946785   44890 rocksdb_coordinatetype.go:731] ASSET-DEBUG Phase3: 0 affected pairs, 0 assetTxs
I0304 16:57:09.946920   44890 rocksdb_coordinatetype.go:552] ASSET-DEBUG processAssetsCoordinateType: block=87 txs=1
I0304 16:57:09.946924   44890 rocksdb_coordinatetype.go:731] ASSET-DEBUG Phase3: 0 affected pairs, 0 assetTxs
I0304 16:57:09.947040   44890 rocksdb_coordinatetype.go:552] ASSET-DEBUG processAssetsCoordinateType: block=88 txs=1
I0304 16:57:09.947044   44890 rocksdb_coordinatetype.go:731] ASSET-DEBUG Phase3: 0 affected pairs, 0 assetTxs
I0304 16:57:09.947175   44890 rocksdb_coordinatetype.go:552] ASSET-DEBUG processAssetsCoordinateType: block=89 txs=1
I0304 16:57:09.947178   44890 rocksdb_coordinatetype.go:731] ASSET-DEBUG Phase3: 0 affected pairs, 0 assetTxs
I0304 16:57:09.947271   44890 rocksdb_coordinatetype.go:552] ASSET-DEBUG processAssetsCoordinateType: block=90 txs=1
I0304 16:57:09.947274   44890 rocksdb_coordinatetype.go:731] ASSET-DEBUG Phase3: 0 affected pairs, 0 assetTxs
I0304 16:57:09.947393   44890 rocksdb_coordinatetype.go:552] ASSET-DEBUG processAssetsCoordinateType: block=91 txs=1
I0304 16:57:09.947396   44890 rocksdb_coordinatetype.go:731] ASSET-DEBUG Phase3: 0 affected pairs, 0 assetTxs
I0304 16:57:09.947493   44890 rocksdb_coordinatetype.go:552] ASSET-DEBUG processAssetsCoordinateType: block=92 txs=1
I0304 16:57:09.947496   44890 rocksdb_coordinatetype.go:731] ASSET-DEBUG Phase3: 0 affected pairs, 0 assetTxs
I0304 16:57:09.947601   44890 rocksdb_coordinatetype.go:552] ASSET-DEBUG processAssetsCoordinateType: block=93 txs=1
I0304 16:57:09.947604   44890 rocksdb_coordinatetype.go:731] ASSET-DEBUG Phase3: 0 affected pairs, 0 assetTxs
I0304 16:57:09.947706   44890 rocksdb_coordinatetype.go:552] ASSET-DEBUG processAssetsCoordinateType: block=94 txs=1
I0304 16:57:09.947709   44890 rocksdb_coordinatetype.go:731] ASSET-DEBUG Phase3: 0 affected pairs, 0 assetTxs
I0304 16:57:09.947846   44890 rocksdb_coordinatetype.go:552] ASSET-DEBUG processAssetsCoordinateType: block=95 txs=1
I0304 16:57:09.947849   44890 rocksdb_coordinatetype.go:731] ASSET-DEBUG Phase3: 0 affected pairs, 0 assetTxs
I0304 16:57:09.947980   44890 rocksdb_coordinatetype.go:552] ASSET-DEBUG processAssetsCoordinateType: block=96 txs=1
I0304 16:57:09.947983   44890 rocksdb_coordinatetype.go:731] ASSET-DEBUG Phase3: 0 affected pairs, 0 assetTxs
I0304 16:57:09.948097   44890 rocksdb_coordinatetype.go:552] ASSET-DEBUG processAssetsCoordinateType: block=97 txs=1
I0304 16:57:09.948100   44890 rocksdb_coordinatetype.go:731] ASSET-DEBUG Phase3: 0 affected pairs, 0 assetTxs
I0304 16:57:09.948228   44890 rocksdb_coordinatetype.go:552] ASSET-DEBUG processAssetsCoordinateType: block=98 txs=1
I0304 16:57:09.948232   44890 rocksdb_coordinatetype.go:731] ASSET-DEBUG Phase3: 0 affected pairs, 0 assetTxs
I0304 16:57:09.948326   44890 rocksdb_coordinatetype.go:552] ASSET-DEBUG processAssetsCoordinateType: block=99 txs=1
I0304 16:57:09.948330   44890 rocksdb_coordinatetype.go:731] ASSET-DEBUG Phase3: 0 affected pairs, 0 assetTxs
I0304 16:57:09.948405   44890 rocksdb_coordinatetype.go:552] ASSET-DEBUG processAssetsCoordinateType: block=100 txs=1
I0304 16:57:09.948408   44890 rocksdb_coordinatetype.go:731] ASSET-DEBUG Phase3: 0 affected pairs, 0 assetTxs
I0304 16:57:09.948517   44890 rocksdb_coordinatetype.go:552] ASSET-DEBUG processAssetsCoordinateType: block=101 txs=1
I0304 16:57:09.948520   44890 rocksdb_coordinatetype.go:731] ASSET-DEBUG Phase3: 0 affected pairs, 0 assetTxs
I0304 16:57:09.948587   44890 rocksdb_coordinatetype.go:552] ASSET-DEBUG processAssetsCoordinateType: block=102 txs=1
I0304 16:57:09.948590   44890 rocksdb_coordinatetype.go:731] ASSET-DEBUG Phase3: 0 affected pairs, 0 assetTxs
I0304 16:57:09.948721   44890 rocksdb_coordinatetype.go:552] ASSET-DEBUG processAssetsCoordinateType: block=103 txs=1
I0304 16:57:09.948723   44890 rocksdb_coordinatetype.go:731] ASSET-DEBUG Phase3: 0 affected pairs, 0 assetTxs
I0304 16:57:09.948781   44890 rocksdb_coordinatetype.go:552] ASSET-DEBUG processAssetsCoordinateType: block=104 txs=1
I0304 16:57:09.948784   44890 rocksdb_coordinatetype.go:731] ASSET-DEBUG Phase3: 0 affected pairs, 0 assetTxs
I0304 16:57:09.948866   44890 rocksdb_coordinatetype.go:552] ASSET-DEBUG processAssetsCoordinateType: block=105 txs=1
I0304 16:57:09.948868   44890 rocksdb_coordinatetype.go:731] ASSET-DEBUG Phase3: 0 affected pairs, 0 assetTxs
I0304 16:57:09.948948   44890 rocksdb_coordinatetype.go:552] ASSET-DEBUG processAssetsCoordinateType: block=106 txs=1
I0304 16:57:09.948951   44890 rocksdb_coordinatetype.go:731] ASSET-DEBUG Phase3: 0 affected pairs, 0 assetTxs
I0304 16:57:09.949103   44890 rocksdb_coordinatetype.go:552] ASSET-DEBUG processAssetsCoordinateType: block=107 txs=1
I0304 16:57:09.949106   44890 rocksdb_coordinatetype.go:731] ASSET-DEBUG Phase3: 0 affected pairs, 0 assetTxs
I0304 16:57:09.949197   44890 rocksdb_coordinatetype.go:552] ASSET-DEBUG processAssetsCoordinateType: block=108 txs=1
I0304 16:57:09.949200   44890 rocksdb_coordinatetype.go:731] ASSET-DEBUG Phase3: 0 affected pairs, 0 assetTxs
I0304 16:57:09.949424   44890 rocksdb_coordinatetype.go:552] ASSET-DEBUG processAssetsCoordinateType: block=109 txs=1
I0304 16:57:09.949428   44890 rocksdb_coordinatetype.go:731] ASSET-DEBUG Phase3: 0 affected pairs, 0 assetTxs
I0304 16:57:09.949468   44890 rocksdb_coordinatetype.go:552] ASSET-DEBUG processAssetsCoordinateType: block=110 txs=1
I0304 16:57:09.949472   44890 rocksdb_coordinatetype.go:731] ASSET-DEBUG Phase3: 0 affected pairs, 0 assetTxs
I0304 16:57:09.949596   44890 rocksdb_coordinatetype.go:552] ASSET-DEBUG processAssetsCoordinateType: block=111 txs=1
I0304 16:57:09.949600   44890 rocksdb_coordinatetype.go:731] ASSET-DEBUG Phase3: 0 affected pairs, 0 assetTxs
I0304 16:57:09.949677   44890 rocksdb_coordinatetype.go:552] ASSET-DEBUG processAssetsCoordinateType: block=112 txs=1
I0304 16:57:09.949686   44890 rocksdb_coordinatetype.go:731] ASSET-DEBUG Phase3: 0 affected pairs, 0 assetTxs
I0304 16:57:09.949780   44890 rocksdb_coordinatetype.go:552] ASSET-DEBUG processAssetsCoordinateType: block=113 txs=1
I0304 16:57:09.949783   44890 rocksdb_coordinatetype.go:731] ASSET-DEBUG Phase3: 0 affected pairs, 0 assetTxs
I0304 16:57:09.949932   44890 rocksdb_coordinatetype.go:552] ASSET-DEBUG processAssetsCoordinateType: block=114 txs=1
I0304 16:57:09.949936   44890 rocksdb_coordinatetype.go:731] ASSET-DEBUG Phase3: 0 affected pairs, 0 assetTxs
I0304 16:57:09.950091   44890 rocksdb_coordinatetype.go:552] ASSET-DEBUG processAssetsCoordinateType: block=115 txs=1
I0304 16:57:09.950095   44890 rocksdb_coordinatetype.go:731] ASSET-DEBUG Phase3: 0 affected pairs, 0 assetTxs
I0304 16:57:09.950140   44890 rocksdb_coordinatetype.go:552] ASSET-DEBUG processAssetsCoordinateType: block=116 txs=1
I0304 16:57:09.950145   44890 rocksdb_coordinatetype.go:731] ASSET-DEBUG Phase3: 0 affected pairs, 0 assetTxs
I0304 16:57:09.950210   44890 rocksdb_coordinatetype.go:552] ASSET-DEBUG processAssetsCoordinateType: block=117 txs=1
I0304 16:57:09.950213   44890 rocksdb_coordinatetype.go:731] ASSET-DEBUG Phase3: 0 affected pairs, 0 assetTxs
I0304 16:57:09.950322   44890 rocksdb_coordinatetype.go:552] ASSET-DEBUG processAssetsCoordinateType: block=118 txs=1
I0304 16:57:09.950325   44890 rocksdb_coordinatetype.go:731] ASSET-DEBUG Phase3: 0 affected pairs, 0 assetTxs
I0304 16:57:09.950470   44890 rocksdb_coordinatetype.go:552] ASSET-DEBUG processAssetsCoordinateType: block=119 txs=1
I0304 16:57:09.950473   44890 rocksdb_coordinatetype.go:731] ASSET-DEBUG Phase3: 0 affected pairs, 0 assetTxs
I0304 16:57:09.950498   44890 rocksdb_coordinatetype.go:552] ASSET-DEBUG processAssetsCoordinateType: block=120 txs=1
I0304 16:57:09.950500   44890 rocksdb_coordinatetype.go:731] ASSET-DEBUG Phase3: 0 affected pairs, 0 assetTxs
I0304 16:57:09.950624   44890 rocksdb_coordinatetype.go:552] ASSET-DEBUG processAssetsCoordinateType: block=121 txs=1
I0304 16:57:09.950627   44890 rocksdb_coordinatetype.go:731] ASSET-DEBUG Phase3: 0 affected pairs, 0 assetTxs
I0304 16:57:09.950682   44890 rocksdb_coordinatetype.go:552] ASSET-DEBUG processAssetsCoordinateType: block=122 txs=1
I0304 16:57:09.950684   44890 rocksdb_coordinatetype.go:731] ASSET-DEBUG Phase3: 0 affected pairs, 0 assetTxs
I0304 16:57:09.950783   44890 rocksdb_coordinatetype.go:552] ASSET-DEBUG processAssetsCoordinateType: block=123 txs=1
I0304 16:57:09.950786   44890 rocksdb_coordinatetype.go:731] ASSET-DEBUG Phase3: 0 affected pairs, 0 assetTxs
I0304 16:57:09.950878   44890 rocksdb_coordinatetype.go:552] ASSET-DEBUG processAssetsCoordinateType: block=124 txs=1
I0304 16:57:09.950882   44890 rocksdb_coordinatetype.go:731] ASSET-DEBUG Phase3: 0 affected pairs, 0 assetTxs
I0304 16:57:09.950980   44890 rocksdb_coordinatetype.go:552] ASSET-DEBUG processAssetsCoordinateType: block=125 txs=1
I0304 16:57:09.950983   44890 rocksdb_coordinatetype.go:731] ASSET-DEBUG Phase3: 0 affected pairs, 0 assetTxs
I0304 16:57:09.951088   44890 rocksdb_coordinatetype.go:552] ASSET-DEBUG processAssetsCoordinateType: block=126 txs=1
I0304 16:57:09.951094   44890 rocksdb_coordinatetype.go:731] ASSET-DEBUG Phase3: 0 affected pairs, 0 assetTxs
I0304 16:57:09.951174   44890 rocksdb_coordinatetype.go:552] ASSET-DEBUG processAssetsCoordinateType: block=127 txs=1
I0304 16:57:09.951177   44890 rocksdb_coordinatetype.go:731] ASSET-DEBUG Phase3: 0 affected pairs, 0 assetTxs
I0304 16:57:09.951336   44890 rocksdb_coordinatetype.go:552] ASSET-DEBUG processAssetsCoordinateType: block=128 txs=1
I0304 16:57:09.951340   44890 rocksdb_coordinatetype.go:731] ASSET-DEBUG Phase3: 0 affected pairs, 0 assetTxs
I0304 16:57:09.951414   44890 rocksdb_coordinatetype.go:552] ASSET-DEBUG processAssetsCoordinateType: block=129 txs=1
I0304 16:57:09.951418   44890 rocksdb_coordinatetype.go:731] ASSET-DEBUG Phase3: 0 affected pairs, 0 assetTxs
I0304 16:57:09.951501   44890 rocksdb_coordinatetype.go:552] ASSET-DEBUG processAssetsCoordinateType: block=130 txs=1
I0304 16:57:09.951504   44890 rocksdb_coordinatetype.go:731] ASSET-DEBUG Phase3: 0 affected pairs, 0 assetTxs
I0304 16:57:09.952089   44890 rocksdb_coordinatetype.go:552] ASSET-DEBUG processAssetsCoordinateType: block=131 txs=1
I0304 16:57:09.952114   44890 rocksdb_coordinatetype.go:731] ASSET-DEBUG Phase3: 0 affected pairs, 0 assetTxs
I0304 16:57:09.952177   44890 rocksdb_coordinatetype.go:552] ASSET-DEBUG processAssetsCoordinateType: block=132 txs=1
I0304 16:57:09.952183   44890 rocksdb_coordinatetype.go:731] ASSET-DEBUG Phase3: 0 affected pairs, 0 assetTxs
I0304 16:57:09.952203   44890 rocksdb_coordinatetype.go:552] ASSET-DEBUG processAssetsCoordinateType: block=133 txs=1
I0304 16:57:09.952206   44890 rocksdb_coordinatetype.go:731] ASSET-DEBUG Phase3: 0 affected pairs, 0 assetTxs
I0304 16:57:09.952243   44890 rocksdb_coordinatetype.go:552] ASSET-DEBUG processAssetsCoordinateType: block=134 txs=1
I0304 16:57:09.952250   44890 rocksdb_coordinatetype.go:731] ASSET-DEBUG Phase3: 0 affected pairs, 0 assetTxs
I0304 16:57:09.952614   44890 rocksdb_coordinatetype.go:552] ASSET-DEBUG processAssetsCoordinateType: block=135 txs=1
I0304 16:57:09.952619   44890 rocksdb_coordinatetype.go:731] ASSET-DEBUG Phase3: 0 affected pairs, 0 assetTxs
I0304 16:57:09.952722   44890 rocksdb_coordinatetype.go:552] ASSET-DEBUG processAssetsCoordinateType: block=136 txs=1
I0304 16:57:09.952726   44890 rocksdb_coordinatetype.go:731] ASSET-DEBUG Phase3: 0 affected pairs, 0 assetTxs
I0304 16:57:09.952821   44890 rocksdb_coordinatetype.go:552] ASSET-DEBUG processAssetsCoordinateType: block=137 txs=1
I0304 16:57:09.952824   44890 rocksdb_coordinatetype.go:731] ASSET-DEBUG Phase3: 0 affected pairs, 0 assetTxs
I0304 16:57:09.953007   44890 rocksdb_coordinatetype.go:552] ASSET-DEBUG processAssetsCoordinateType: block=138 txs=1
I0304 16:57:09.953010   44890 rocksdb_coordinatetype.go:731] ASSET-DEBUG Phase3: 0 affected pairs, 0 assetTxs
I0304 16:57:09.953020   44890 rocksdb_coordinatetype.go:552] ASSET-DEBUG processAssetsCoordinateType: block=139 txs=1
I0304 16:57:09.953021   44890 rocksdb_coordinatetype.go:731] ASSET-DEBUG Phase3: 0 affected pairs, 0 assetTxs
I0304 16:57:09.953202   44890 rocksdb_coordinatetype.go:552] ASSET-DEBUG processAssetsCoordinateType: block=140 txs=1
I0304 16:57:09.953205   44890 rocksdb_coordinatetype.go:731] ASSET-DEBUG Phase3: 0 affected pairs, 0 assetTxs
I0304 16:57:09.953217   44890 rocksdb_coordinatetype.go:552] ASSET-DEBUG processAssetsCoordinateType: block=141 txs=1
I0304 16:57:09.953219   44890 rocksdb_coordinatetype.go:731] ASSET-DEBUG Phase3: 0 affected pairs, 0 assetTxs
I0304 16:57:09.953321   44890 rocksdb_coordinatetype.go:552] ASSET-DEBUG processAssetsCoordinateType: block=142 txs=1
I0304 16:57:09.953327   44890 rocksdb_coordinatetype.go:731] ASSET-DEBUG Phase3: 0 affected pairs, 0 assetTxs
I0304 16:57:09.953454   44890 rocksdb_coordinatetype.go:552] ASSET-DEBUG processAssetsCoordinateType: block=143 txs=1
I0304 16:57:09.953458   44890 rocksdb_coordinatetype.go:731] ASSET-DEBUG Phase3: 0 affected pairs, 0 assetTxs
I0304 16:57:09.953549   44890 rocksdb_coordinatetype.go:552] ASSET-DEBUG processAssetsCoordinateType: block=144 txs=1
I0304 16:57:09.953552   44890 rocksdb_coordinatetype.go:731] ASSET-DEBUG Phase3: 0 affected pairs, 0 assetTxs
I0304 16:57:09.953827   44890 rocksdb_coordinatetype.go:552] ASSET-DEBUG processAssetsCoordinateType: block=145 txs=1
I0304 16:57:09.953830   44890 rocksdb_coordinatetype.go:731] ASSET-DEBUG Phase3: 0 affected pairs, 0 assetTxs
I0304 16:57:09.953841   44890 rocksdb_coordinatetype.go:552] ASSET-DEBUG processAssetsCoordinateType: block=146 txs=1
I0304 16:57:09.953842   44890 rocksdb_coordinatetype.go:731] ASSET-DEBUG Phase3: 0 affected pairs, 0 assetTxs
I0304 16:57:09.953910   44890 rocksdb_coordinatetype.go:552] ASSET-DEBUG processAssetsCoordinateType: block=147 txs=1
I0304 16:57:09.953917   44890 rocksdb_coordinatetype.go:731] ASSET-DEBUG Phase3: 0 affected pairs, 0 assetTxs
I0304 16:57:09.954083   44890 rocksdb_coordinatetype.go:552] ASSET-DEBUG processAssetsCoordinateType: block=148 txs=1
I0304 16:57:09.954086   44890 rocksdb_coordinatetype.go:731] ASSET-DEBUG Phase3: 0 affected pairs, 0 assetTxs
I0304 16:57:09.954113   44890 rocksdb_coordinatetype.go:552] ASSET-DEBUG processAssetsCoordinateType: block=149 txs=1
I0304 16:57:09.954117   44890 rocksdb_coordinatetype.go:731] ASSET-DEBUG Phase3: 0 affected pairs, 0 assetTxs
I0304 16:57:09.954244   44890 rocksdb_coordinatetype.go:552] ASSET-DEBUG processAssetsCoordinateType: block=150 txs=1
I0304 16:57:09.954247   44890 rocksdb_coordinatetype.go:731] ASSET-DEBUG Phase3: 0 affected pairs, 0 assetTxs
I0304 16:57:09.954284   44890 rocksdb_coordinatetype.go:552] ASSET-DEBUG processAssetsCoordinateType: block=151 txs=1
I0304 16:57:09.954287   44890 rocksdb_coordinatetype.go:731] ASSET-DEBUG Phase3: 0 affected pairs, 0 assetTxs
I0304 16:57:09.954353   44890 rocksdb_coordinatetype.go:552] ASSET-DEBUG processAssetsCoordinateType: block=152 txs=1
I0304 16:57:09.954357   44890 rocksdb_coordinatetype.go:731] ASSET-DEBUG Phase3: 0 affected pairs, 0 assetTxs
I0304 16:57:09.954471   44890 rocksdb_coordinatetype.go:552] ASSET-DEBUG processAssetsCoordinateType: block=153 txs=1
I0304 16:57:09.954474   44890 rocksdb_coordinatetype.go:731] ASSET-DEBUG Phase3: 0 affected pairs, 0 assetTxs
I0304 16:57:09.954561   44890 rocksdb_coordinatetype.go:552] ASSET-DEBUG processAssetsCoordinateType: block=154 txs=1
I0304 16:57:09.954564   44890 rocksdb_coordinatetype.go:731] ASSET-DEBUG Phase3: 0 affected pairs, 0 assetTxs
I0304 16:57:09.954642   44890 rocksdb_coordinatetype.go:552] ASSET-DEBUG processAssetsCoordinateType: block=155 txs=1
I0304 16:57:09.954645   44890 rocksdb_coordinatetype.go:731] ASSET-DEBUG Phase3: 0 affected pairs, 0 assetTxs
I0304 16:57:09.954794   44890 rocksdb_coordinatetype.go:552] ASSET-DEBUG processAssetsCoordinateType: block=156 txs=1
I0304 16:57:09.954796   44890 rocksdb_coordinatetype.go:731] ASSET-DEBUG Phase3: 0 affected pairs, 0 assetTxs
I0304 16:57:09.954825   44890 rocksdb_coordinatetype.go:552] ASSET-DEBUG processAssetsCoordinateType: block=157 txs=1
I0304 16:57:09.954829   44890 rocksdb_coordinatetype.go:731] ASSET-DEBUG Phase3: 0 affected pairs, 0 assetTxs
I0304 16:57:09.954923   44890 rocksdb_coordinatetype.go:552] ASSET-DEBUG processAssetsCoordinateType: block=158 txs=1
I0304 16:57:09.954927   44890 rocksdb_coordinatetype.go:731] ASSET-DEBUG Phase3: 0 affected pairs, 0 assetTxs
I0304 16:57:09.955049   44890 rocksdb_coordinatetype.go:552] ASSET-DEBUG processAssetsCoordinateType: block=159 txs=1
I0304 16:57:09.955052   44890 rocksdb_coordinatetype.go:731] ASSET-DEBUG Phase3: 0 affected pairs, 0 assetTxs
I0304 16:57:09.955131   44890 rocksdb_coordinatetype.go:552] ASSET-DEBUG processAssetsCoordinateType: block=160 txs=1
I0304 16:57:09.955134   44890 rocksdb_coordinatetype.go:731] ASSET-DEBUG Phase3: 0 affected pairs, 0 assetTxs
I0304 16:57:09.955242   44890 rocksdb_coordinatetype.go:552] ASSET-DEBUG processAssetsCoordinateType: block=161 txs=1
I0304 16:57:09.955245   44890 rocksdb_coordinatetype.go:731] ASSET-DEBUG Phase3: 0 affected pairs, 0 assetTxs
I0304 16:57:09.955271   44890 rocksdb_coordinatetype.go:552] ASSET-DEBUG processAssetsCoordinateType: block=162 txs=1
I0304 16:57:09.955278   44890 rocksdb_coordinatetype.go:731] ASSET-DEBUG Phase3: 0 affected pairs, 0 assetTxs
I0304 16:57:09.955396   44890 rocksdb_coordinatetype.go:552] ASSET-DEBUG processAssetsCoordinateType: block=163 txs=1
I0304 16:57:09.955400   44890 rocksdb_coordinatetype.go:731] ASSET-DEBUG Phase3: 0 affected pairs, 0 assetTxs
I0304 16:57:09.955514   44890 rocksdb_coordinatetype.go:552] ASSET-DEBUG processAssetsCoordinateType: block=164 txs=1
I0304 16:57:09.955519   44890 rocksdb_coordinatetype.go:731] ASSET-DEBUG Phase3: 0 affected pairs, 0 assetTxs
I0304 16:57:09.955535   44890 rocksdb_coordinatetype.go:552] ASSET-DEBUG processAssetsCoordinateType: block=165 txs=1
I0304 16:57:09.955538   44890 rocksdb_coordinatetype.go:731] ASSET-DEBUG Phase3: 0 affected pairs, 0 assetTxs
I0304 16:57:09.955607   44890 rocksdb_coordinatetype.go:552] ASSET-DEBUG processAssetsCoordinateType: block=166 txs=1
I0304 16:57:09.955611   44890 rocksdb_coordinatetype.go:731] ASSET-DEBUG Phase3: 0 affected pairs, 0 assetTxs
I0304 16:57:09.955712   44890 rocksdb_coordinatetype.go:552] ASSET-DEBUG processAssetsCoordinateType: block=167 txs=1
I0304 16:57:09.955715   44890 rocksdb_coordinatetype.go:731] ASSET-DEBUG Phase3: 0 affected pairs, 0 assetTxs
I0304 16:57:09.955841   44890 rocksdb_coordinatetype.go:552] ASSET-DEBUG processAssetsCoordinateType: block=168 txs=1
I0304 16:57:09.955844   44890 rocksdb_coordinatetype.go:731] ASSET-DEBUG Phase3: 0 affected pairs, 0 assetTxs
I0304 16:57:09.955911   44890 rocksdb_coordinatetype.go:552] ASSET-DEBUG processAssetsCoordinateType: block=169 txs=1
I0304 16:57:09.955914   44890 rocksdb_coordinatetype.go:731] ASSET-DEBUG Phase3: 0 affected pairs, 0 assetTxs
I0304 16:57:09.955981   44890 rocksdb_coordinatetype.go:552] ASSET-DEBUG processAssetsCoordinateType: block=170 txs=1
I0304 16:57:09.955984   44890 rocksdb_coordinatetype.go:731] ASSET-DEBUG Phase3: 0 affected pairs, 0 assetTxs
I0304 16:57:09.956053   44890 rocksdb_coordinatetype.go:552] ASSET-DEBUG processAssetsCoordinateType: block=171 txs=1
I0304 16:57:09.956056   44890 rocksdb_coordinatetype.go:731] ASSET-DEBUG Phase3: 0 affected pairs, 0 assetTxs
I0304 16:57:09.956145   44890 rocksdb_coordinatetype.go:552] ASSET-DEBUG processAssetsCoordinateType: block=172 txs=1
I0304 16:57:09.956148   44890 rocksdb_coordinatetype.go:731] ASSET-DEBUG Phase3: 0 affected pairs, 0 assetTxs
I0304 16:57:09.956265   44890 rocksdb_coordinatetype.go:552] ASSET-DEBUG processAssetsCoordinateType: block=173 txs=1
I0304 16:57:09.956268   44890 rocksdb_coordinatetype.go:731] ASSET-DEBUG Phase3: 0 affected pairs, 0 assetTxs
I0304 16:57:09.956351   44890 rocksdb_coordinatetype.go:552] ASSET-DEBUG processAssetsCoordinateType: block=174 txs=1
I0304 16:57:09.956354   44890 rocksdb_coordinatetype.go:731] ASSET-DEBUG Phase3: 0 affected pairs, 0 assetTxs
I0304 16:57:09.956444   44890 rocksdb_coordinatetype.go:552] ASSET-DEBUG processAssetsCoordinateType: block=175 txs=1
I0304 16:57:09.956447   44890 rocksdb_coordinatetype.go:731] ASSET-DEBUG Phase3: 0 affected pairs, 0 assetTxs
I0304 16:57:09.956521   44890 rocksdb_coordinatetype.go:552] ASSET-DEBUG processAssetsCoordinateType: block=176 txs=1
I0304 16:57:09.956524   44890 rocksdb_coordinatetype.go:731] ASSET-DEBUG Phase3: 0 affected pairs, 0 assetTxs
I0304 16:57:09.956623   44890 rocksdb_coordinatetype.go:552] ASSET-DEBUG processAssetsCoordinateType: block=177 txs=1
I0304 16:57:09.956626   44890 rocksdb_coordinatetype.go:731] ASSET-DEBUG Phase3: 0 affected pairs, 0 assetTxs
I0304 16:57:09.956711   44890 rocksdb_coordinatetype.go:552] ASSET-DEBUG processAssetsCoordinateType: block=178 txs=1
I0304 16:57:09.956714   44890 rocksdb_coordinatetype.go:731] ASSET-DEBUG Phase3: 0 affected pairs, 0 assetTxs
I0304 16:57:09.956830   44890 rocksdb_coordinatetype.go:552] ASSET-DEBUG processAssetsCoordinateType: block=179 txs=1
I0304 16:57:09.956832   44890 rocksdb_coordinatetype.go:731] ASSET-DEBUG Phase3: 0 affected pairs, 0 assetTxs
I0304 16:57:09.956905   44890 rocksdb_coordinatetype.go:552] ASSET-DEBUG processAssetsCoordinateType: block=180 txs=1
I0304 16:57:09.956909   44890 rocksdb_coordinatetype.go:731] ASSET-DEBUG Phase3: 0 affected pairs, 0 assetTxs
I0304 16:57:09.956950   44890 rocksdb_coordinatetype.go:552] ASSET-DEBUG processAssetsCoordinateType: block=181 txs=1
I0304 16:57:09.956954   44890 rocksdb_coordinatetype.go:731] ASSET-DEBUG Phase3: 0 affected pairs, 0 assetTxs
I0304 16:57:09.957029   44890 rocksdb_coordinatetype.go:552] ASSET-DEBUG processAssetsCoordinateType: block=182 txs=1
I0304 16:57:09.957031   44890 rocksdb_coordinatetype.go:731] ASSET-DEBUG Phase3: 0 affected pairs, 0 assetTxs
I0304 16:57:09.957178   44890 rocksdb_coordinatetype.go:552] ASSET-DEBUG processAssetsCoordinateType: block=183 txs=1
I0304 16:57:09.957180   44890 rocksdb_coordinatetype.go:731] ASSET-DEBUG Phase3: 0 affected pairs, 0 assetTxs
I0304 16:57:09.957271   44890 rocksdb_coordinatetype.go:552] ASSET-DEBUG processAssetsCoordinateType: block=184 txs=1
I0304 16:57:09.957274   44890 rocksdb_coordinatetype.go:731] ASSET-DEBUG Phase3: 0 affected pairs, 0 assetTxs
I0304 16:57:09.957363   44890 rocksdb_coordinatetype.go:552] ASSET-DEBUG processAssetsCoordinateType: block=185 txs=1
I0304 16:57:09.957365   44890 rocksdb_coordinatetype.go:731] ASSET-DEBUG Phase3: 0 affected pairs, 0 assetTxs
I0304 16:57:09.957378   44890 rocksdb_coordinatetype.go:552] ASSET-DEBUG processAssetsCoordinateType: block=186 txs=1
I0304 16:57:09.957381   44890 rocksdb_coordinatetype.go:731] ASSET-DEBUG Phase3: 0 affected pairs, 0 assetTxs
I0304 16:57:09.957467   44890 rocksdb_coordinatetype.go:552] ASSET-DEBUG processAssetsCoordinateType: block=187 txs=1
I0304 16:57:09.957469   44890 rocksdb_coordinatetype.go:731] ASSET-DEBUG Phase3: 0 affected pairs, 0 assetTxs
I0304 16:57:09.957600   44890 rocksdb_coordinatetype.go:552] ASSET-DEBUG processAssetsCoordinateType: block=188 txs=1
I0304 16:57:09.957603   44890 rocksdb_coordinatetype.go:731] ASSET-DEBUG Phase3: 0 affected pairs, 0 assetTxs
I0304 16:57:09.957688   44890 rocksdb_coordinatetype.go:552] ASSET-DEBUG processAssetsCoordinateType: block=189 txs=1
I0304 16:57:09.957691   44890 rocksdb_coordinatetype.go:731] ASSET-DEBUG Phase3: 0 affected pairs, 0 assetTxs
I0304 16:57:09.957765   44890 rocksdb_coordinatetype.go:552] ASSET-DEBUG processAssetsCoordinateType: block=190 txs=1
I0304 16:57:09.957768   44890 rocksdb_coordinatetype.go:731] ASSET-DEBUG Phase3: 0 affected pairs, 0 assetTxs
I0304 16:57:09.957859   44890 rocksdb_coordinatetype.go:552] ASSET-DEBUG processAssetsCoordinateType: block=191 txs=1
I0304 16:57:09.957862   44890 rocksdb_coordinatetype.go:731] ASSET-DEBUG Phase3: 0 affected pairs, 0 assetTxs
I0304 16:57:09.957954   44890 rocksdb_coordinatetype.go:552] ASSET-DEBUG processAssetsCoordinateType: block=192 txs=1
I0304 16:57:09.957957   44890 rocksdb_coordinatetype.go:731] ASSET-DEBUG Phase3: 0 affected pairs, 0 assetTxs
I0304 16:57:09.958059   44890 rocksdb_coordinatetype.go:552] ASSET-DEBUG processAssetsCoordinateType: block=193 txs=1
I0304 16:57:09.958064   44890 rocksdb_coordinatetype.go:731] ASSET-DEBUG Phase3: 0 affected pairs, 0 assetTxs
I0304 16:57:09.958131   44890 rocksdb_coordinatetype.go:552] ASSET-DEBUG processAssetsCoordinateType: block=194 txs=1
I0304 16:57:09.958134   44890 rocksdb_coordinatetype.go:731] ASSET-DEBUG Phase3: 0 affected pairs, 0 assetTxs
I0304 16:57:09.958221   44890 rocksdb_coordinatetype.go:552] ASSET-DEBUG processAssetsCoordinateType: block=195 txs=1
I0304 16:57:09.958223   44890 rocksdb_coordinatetype.go:731] ASSET-DEBUG Phase3: 0 affected pairs, 0 assetTxs
I0304 16:57:09.958380   44890 rocksdb_coordinatetype.go:552] ASSET-DEBUG processAssetsCoordinateType: block=196 txs=1
I0304 16:57:09.958383   44890 rocksdb_coordinatetype.go:731] ASSET-DEBUG Phase3: 0 affected pairs, 0 assetTxs
I0304 16:57:09.958443   44890 rocksdb_coordinatetype.go:552] ASSET-DEBUG processAssetsCoordinateType: block=197 txs=1
I0304 16:57:09.958445   44890 rocksdb_coordinatetype.go:731] ASSET-DEBUG Phase3: 0 affected pairs, 0 assetTxs
I0304 16:57:09.958521   44890 rocksdb_coordinatetype.go:552] ASSET-DEBUG processAssetsCoordinateType: block=198 txs=1
I0304 16:57:09.958524   44890 rocksdb_coordinatetype.go:731] ASSET-DEBUG Phase3: 0 affected pairs, 0 assetTxs
I0304 16:57:09.958686   44890 rocksdb_coordinatetype.go:552] ASSET-DEBUG processAssetsCoordinateType: block=199 txs=1
I0304 16:57:09.958691   44890 rocksdb_coordinatetype.go:731] ASSET-DEBUG Phase3: 0 affected pairs, 0 assetTxs
I0304 16:57:09.958924   44890 rocksdb_coordinatetype.go:552] ASSET-DEBUG processAssetsCoordinateType: block=200 txs=1
I0304 16:57:09.958930   44890 rocksdb_coordinatetype.go:731] ASSET-DEBUG Phase3: 0 affected pairs, 0 assetTxs
I0304 16:57:09.959120   44890 rocksdb_coordinatetype.go:552] ASSET-DEBUG processAssetsCoordinateType: block=201 txs=1
I0304 16:57:09.959124   44890 rocksdb_coordinatetype.go:731] ASSET-DEBUG Phase3: 0 affected pairs, 0 assetTxs
I0304 16:57:09.959299   44890 rocksdb_coordinatetype.go:552] ASSET-DEBUG processAssetsCoordinateType: block=202 txs=1
I0304 16:57:09.959312   44890 rocksdb_coordinatetype.go:731] ASSET-DEBUG Phase3: 0 affected pairs, 0 assetTxs
I0304 16:57:09.959593   44890 rocksdb_coordinatetype.go:552] ASSET-DEBUG processAssetsCoordinateType: block=203 txs=1
I0304 16:57:09.959597   44890 rocksdb_coordinatetype.go:731] ASSET-DEBUG Phase3: 0 affected pairs, 0 assetTxs
I0304 16:57:09.959616   44890 rocksdb_coordinatetype.go:552] ASSET-DEBUG processAssetsCoordinateType: block=204 txs=1
I0304 16:57:09.959622   44890 rocksdb_coordinatetype.go:731] ASSET-DEBUG Phase3: 0 affected pairs, 0 assetTxs
I0304 16:57:09.959673   44890 rocksdb_coordinatetype.go:552] ASSET-DEBUG processAssetsCoordinateType: block=205 txs=1
I0304 16:57:09.959677   44890 rocksdb_coordinatetype.go:731] ASSET-DEBUG Phase3: 0 affected pairs, 0 assetTxs
I0304 16:57:09.960143   44890 rocksdb_coordinatetype.go:552] ASSET-DEBUG processAssetsCoordinateType: block=206 txs=1
I0304 16:57:09.960153   44890 rocksdb_coordinatetype.go:731] ASSET-DEBUG Phase3: 0 affected pairs, 0 assetTxs
I0304 16:57:09.960261   44890 rocksdb_coordinatetype.go:552] ASSET-DEBUG processAssetsCoordinateType: block=207 txs=1
I0304 16:57:09.960266   44890 rocksdb_coordinatetype.go:731] ASSET-DEBUG Phase3: 0 affected pairs, 0 assetTxs
I0304 16:57:09.960447   44890 rocksdb_coordinatetype.go:552] ASSET-DEBUG processAssetsCoordinateType: block=208 txs=1
I0304 16:57:09.960453   44890 rocksdb_coordinatetype.go:731] ASSET-DEBUG Phase3: 0 affected pairs, 0 assetTxs
I0304 16:57:09.960469   44890 rocksdb_coordinatetype.go:552] ASSET-DEBUG processAssetsCoordinateType: block=209 txs=1
I0304 16:57:09.960473   44890 rocksdb_coordinatetype.go:731] ASSET-DEBUG Phase3: 0 affected pairs, 0 assetTxs
I0304 16:57:09.960698   44890 rocksdb_coordinatetype.go:552] ASSET-DEBUG processAssetsCoordinateType: block=210 txs=1
I0304 16:57:09.960703   44890 rocksdb_coordinatetype.go:731] ASSET-DEBUG Phase3: 0 affected pairs, 0 assetTxs
I0304 16:57:09.960768   44890 rocksdb_coordinatetype.go:552] ASSET-DEBUG processAssetsCoordinateType: block=211 txs=1
I0304 16:57:09.960773   44890 rocksdb_coordinatetype.go:731] ASSET-DEBUG Phase3: 0 affected pairs, 0 assetTxs
I0304 16:57:09.960823   44890 rocksdb_coordinatetype.go:552] ASSET-DEBUG processAssetsCoordinateType: block=212 txs=1
I0304 16:57:09.960825   44890 rocksdb_coordinatetype.go:731] ASSET-DEBUG Phase3: 0 affected pairs, 0 assetTxs
I0304 16:57:09.960945   44890 rocksdb_coordinatetype.go:552] ASSET-DEBUG processAssetsCoordinateType: block=213 txs=1
I0304 16:57:09.960949   44890 rocksdb_coordinatetype.go:731] ASSET-DEBUG Phase3: 0 affected pairs, 0 assetTxs
I0304 16:57:09.961070   44890 rocksdb_coordinatetype.go:552] ASSET-DEBUG processAssetsCoordinateType: block=214 txs=1
I0304 16:57:09.961072   44890 rocksdb_coordinatetype.go:731] ASSET-DEBUG Phase3: 0 affected pairs, 0 assetTxs
I0304 16:57:09.961168   44890 rocksdb_coordinatetype.go:552] ASSET-DEBUG processAssetsCoordinateType: block=215 txs=1
I0304 16:57:09.961171   44890 rocksdb_coordinatetype.go:731] ASSET-DEBUG Phase3: 0 affected pairs, 0 assetTxs
I0304 16:57:09.961285   44890 rocksdb_coordinatetype.go:552] ASSET-DEBUG processAssetsCoordinateType: block=216 txs=1
I0304 16:57:09.961288   44890 rocksdb_coordinatetype.go:731] ASSET-DEBUG Phase3: 0 affected pairs, 0 assetTxs
I0304 16:57:09.961429   44890 rocksdb_coordinatetype.go:552] ASSET-DEBUG processAssetsCoordinateType: block=217 txs=1
I0304 16:57:09.961433   44890 rocksdb_coordinatetype.go:731] ASSET-DEBUG Phase3: 0 affected pairs, 0 assetTxs
I0304 16:57:09.961477   44890 rocksdb_coordinatetype.go:552] ASSET-DEBUG processAssetsCoordinateType: block=218 txs=1
I0304 16:57:09.961479   44890 rocksdb_coordinatetype.go:731] ASSET-DEBUG Phase3: 0 affected pairs, 0 assetTxs
I0304 16:57:09.961687   44890 rocksdb_coordinatetype.go:552] ASSET-DEBUG processAssetsCoordinateType: block=219 txs=1
I0304 16:57:09.961691   44890 rocksdb_coordinatetype.go:731] ASSET-DEBUG Phase3: 0 affected pairs, 0 assetTxs
I0304 16:57:09.961741   44890 rocksdb_coordinatetype.go:552] ASSET-DEBUG processAssetsCoordinateType: block=220 txs=1
I0304 16:57:09.961744   44890 rocksdb_coordinatetype.go:731] ASSET-DEBUG Phase3: 0 affected pairs, 0 assetTxs
I0304 16:57:09.962017   44890 rocksdb_coordinatetype.go:552] ASSET-DEBUG processAssetsCoordinateType: block=221 txs=1
I0304 16:57:09.962024   44890 rocksdb_coordinatetype.go:731] ASSET-DEBUG Phase3: 0 affected pairs, 0 assetTxs
I0304 16:57:09.962059   44890 rocksdb_coordinatetype.go:552] ASSET-DEBUG processAssetsCoordinateType: block=222 txs=1
I0304 16:57:09.962063   44890 rocksdb_coordinatetype.go:731] ASSET-DEBUG Phase3: 0 affected pairs, 0 assetTxs
I0304 16:57:09.962154   44890 rocksdb_coordinatetype.go:552] ASSET-DEBUG processAssetsCoordinateType: block=223 txs=1
I0304 16:57:09.962159   44890 rocksdb_coordinatetype.go:731] ASSET-DEBUG Phase3: 0 affected pairs, 0 assetTxs
I0304 16:57:09.962354   44890 rocksdb_coordinatetype.go:552] ASSET-DEBUG processAssetsCoordinateType: block=224 txs=1
I0304 16:57:09.962358   44890 rocksdb_coordinatetype.go:731] ASSET-DEBUG Phase3: 0 affected pairs, 0 assetTxs
I0304 16:57:09.962376   44890 rocksdb_coordinatetype.go:552] ASSET-DEBUG processAssetsCoordinateType: block=225 txs=1
I0304 16:57:09.962379   44890 rocksdb_coordinatetype.go:731] ASSET-DEBUG Phase3: 0 affected pairs, 0 assetTxs
I0304 16:57:09.962540   44890 rocksdb_coordinatetype.go:552] ASSET-DEBUG processAssetsCoordinateType: block=226 txs=1
I0304 16:57:09.962547   44890 rocksdb_coordinatetype.go:731] ASSET-DEBUG Phase3: 0 affected pairs, 0 assetTxs
I0304 16:57:09.962681   44890 rocksdb_coordinatetype.go:552] ASSET-DEBUG processAssetsCoordinateType: block=227 txs=1
I0304 16:57:09.962685   44890 rocksdb_coordinatetype.go:731] ASSET-DEBUG Phase3: 0 affected pairs, 0 assetTxs
I0304 16:57:09.962861   44890 rocksdb_coordinatetype.go:552] ASSET-DEBUG processAssetsCoordinateType: block=228 txs=1
I0304 16:57:09.962865   44890 rocksdb_coordinatetype.go:731] ASSET-DEBUG Phase3: 0 affected pairs, 0 assetTxs
I0304 16:57:09.962880   44890 rocksdb_coordinatetype.go:552] ASSET-DEBUG processAssetsCoordinateType: block=229 txs=1
I0304 16:57:09.962882   44890 rocksdb_coordinatetype.go:731] ASSET-DEBUG Phase3: 0 affected pairs, 0 assetTxs
I0304 16:57:09.962937   44890 rocksdb_coordinatetype.go:552] ASSET-DEBUG processAssetsCoordinateType: block=230 txs=1
I0304 16:57:09.962942   44890 rocksdb_coordinatetype.go:731] ASSET-DEBUG Phase3: 0 affected pairs, 0 assetTxs
I0304 16:57:09.963137   44890 rocksdb_coordinatetype.go:552] ASSET-DEBUG processAssetsCoordinateType: block=231 txs=1
I0304 16:57:09.963140   44890 rocksdb_coordinatetype.go:731] ASSET-DEBUG Phase3: 0 affected pairs, 0 assetTxs
I0304 16:57:09.963160   44890 rocksdb_coordinatetype.go:552] ASSET-DEBUG processAssetsCoordinateType: block=232 txs=1
I0304 16:57:09.963166   44890 rocksdb_coordinatetype.go:731] ASSET-DEBUG Phase3: 0 affected pairs, 0 assetTxs
I0304 16:57:09.963319   44890 rocksdb_coordinatetype.go:552] ASSET-DEBUG processAssetsCoordinateType: block=233 txs=1
I0304 16:57:09.963323   44890 rocksdb_coordinatetype.go:731] ASSET-DEBUG Phase3: 0 affected pairs, 0 assetTxs
I0304 16:57:09.963449   44890 rocksdb_coordinatetype.go:552] ASSET-DEBUG processAssetsCoordinateType: block=234 txs=1
I0304 16:57:09.963452   44890 rocksdb_coordinatetype.go:731] ASSET-DEBUG Phase3: 0 affected pairs, 0 assetTxs
I0304 16:57:09.963549   44890 rocksdb_coordinatetype.go:552] ASSET-DEBUG processAssetsCoordinateType: block=235 txs=1
I0304 16:57:09.963554   44890 rocksdb_coordinatetype.go:731] ASSET-DEBUG Phase3: 0 affected pairs, 0 assetTxs
I0304 16:57:09.963600   44890 rocksdb_coordinatetype.go:552] ASSET-DEBUG processAssetsCoordinateType: block=236 txs=1
I0304 16:57:09.963617   44890 rocksdb_coordinatetype.go:731] ASSET-DEBUG Phase3: 0 affected pairs, 0 assetTxs
I0304 16:57:09.963644   44890 rocksdb_coordinatetype.go:552] ASSET-DEBUG processAssetsCoordinateType: block=237 txs=1
I0304 16:57:09.963648   44890 rocksdb_coordinatetype.go:731] ASSET-DEBUG Phase3: 0 affected pairs, 0 assetTxs
I0304 16:57:09.963785   44890 rocksdb_coordinatetype.go:552] ASSET-DEBUG processAssetsCoordinateType: block=238 txs=1
I0304 16:57:09.963790   44890 rocksdb_coordinatetype.go:731] ASSET-DEBUG Phase3: 0 affected pairs, 0 assetTxs
I0304 16:57:09.964046   44890 rocksdb_coordinatetype.go:552] ASSET-DEBUG processAssetsCoordinateType: block=239 txs=1
I0304 16:57:09.964049   44890 rocksdb_coordinatetype.go:731] ASSET-DEBUG Phase3: 0 affected pairs, 0 assetTxs
I0304 16:57:09.964062   44890 rocksdb_coordinatetype.go:552] ASSET-DEBUG processAssetsCoordinateType: block=240 txs=1
I0304 16:57:09.964064   44890 rocksdb_coordinatetype.go:731] ASSET-DEBUG Phase3: 0 affected pairs, 0 assetTxs
I0304 16:57:09.964152   44890 rocksdb_coordinatetype.go:552] ASSET-DEBUG processAssetsCoordinateType: block=241 txs=1
I0304 16:57:09.964156   44890 rocksdb_coordinatetype.go:731] ASSET-DEBUG Phase3: 0 affected pairs, 0 assetTxs
I0304 16:57:09.964223   44890 rocksdb_coordinatetype.go:552] ASSET-DEBUG processAssetsCoordinateType: block=242 txs=1
I0304 16:57:09.964226   44890 rocksdb_coordinatetype.go:731] ASSET-DEBUG Phase3: 0 affected pairs, 0 assetTxs
I0304 16:57:09.964434   44890 rocksdb_coordinatetype.go:552] ASSET-DEBUG processAssetsCoordinateType: block=243 txs=1
I0304 16:57:09.964436   44890 rocksdb_coordinatetype.go:731] ASSET-DEBUG Phase3: 0 affected pairs, 0 assetTxs
I0304 16:57:09.964567   44890 rocksdb_coordinatetype.go:552] ASSET-DEBUG processAssetsCoordinateType: block=244 txs=1
I0304 16:57:09.964570   44890 rocksdb_coordinatetype.go:731] ASSET-DEBUG Phase3: 0 affected pairs, 0 assetTxs
I0304 16:57:09.964712   44890 rocksdb_coordinatetype.go:552] ASSET-DEBUG processAssetsCoordinateType: block=245 txs=1
I0304 16:57:09.964715   44890 rocksdb_coordinatetype.go:731] ASSET-DEBUG Phase3: 0 affected pairs, 0 assetTxs
I0304 16:57:09.965085   44890 rocksdb_coordinatetype.go:552] ASSET-DEBUG processAssetsCoordinateType: block=246 txs=1
I0304 16:57:09.965093   44890 rocksdb_coordinatetype.go:731] ASSET-DEBUG Phase3: 0 affected pairs, 0 assetTxs
I0304 16:57:09.965163   44890 rocksdb_coordinatetype.go:552] ASSET-DEBUG processAssetsCoordinateType: block=247 txs=1
I0304 16:57:09.965167   44890 rocksdb_coordinatetype.go:731] ASSET-DEBUG Phase3: 0 affected pairs, 0 assetTxs
I0304 16:57:09.965258   44890 rocksdb_coordinatetype.go:552] ASSET-DEBUG processAssetsCoordinateType: block=248 txs=1
I0304 16:57:09.965264   44890 rocksdb_coordinatetype.go:731] ASSET-DEBUG Phase3: 0 affected pairs, 0 assetTxs
I0304 16:57:09.965373   44890 rocksdb_coordinatetype.go:552] ASSET-DEBUG processAssetsCoordinateType: block=249 txs=1
I0304 16:57:09.965378   44890 rocksdb_coordinatetype.go:731] ASSET-DEBUG Phase3: 0 affected pairs, 0 assetTxs
I0304 16:57:09.965507   44890 rocksdb_coordinatetype.go:552] ASSET-DEBUG processAssetsCoordinateType: block=250 txs=1
I0304 16:57:09.965512   44890 rocksdb_coordinatetype.go:731] ASSET-DEBUG Phase3: 0 affected pairs, 0 assetTxs
I0304 16:57:09.965655   44890 rocksdb_coordinatetype.go:552] ASSET-DEBUG processAssetsCoordinateType: block=251 txs=1
I0304 16:57:09.965659   44890 rocksdb_coordinatetype.go:731] ASSET-DEBUG Phase3: 0 affected pairs, 0 assetTxs
I0304 16:57:09.965671   44890 rocksdb_coordinatetype.go:552] ASSET-DEBUG processAssetsCoordinateType: block=252 txs=1
I0304 16:57:09.965673   44890 rocksdb_coordinatetype.go:731] ASSET-DEBUG Phase3: 0 affected pairs, 0 assetTxs
I0304 16:57:09.965837   44890 rocksdb_coordinatetype.go:552] ASSET-DEBUG processAssetsCoordinateType: block=253 txs=1
I0304 16:57:09.965840   44890 rocksdb_coordinatetype.go:731] ASSET-DEBUG Phase3: 0 affected pairs, 0 assetTxs
I0304 16:57:09.965970   44890 rocksdb_coordinatetype.go:552] ASSET-DEBUG processAssetsCoordinateType: block=254 txs=1
I0304 16:57:09.965973   44890 rocksdb_coordinatetype.go:731] ASSET-DEBUG Phase3: 0 affected pairs, 0 assetTxs
I0304 16:57:09.966041   44890 rocksdb_coordinatetype.go:552] ASSET-DEBUG processAssetsCoordinateType: block=255 txs=1
I0304 16:57:09.966047   44890 rocksdb_coordinatetype.go:731] ASSET-DEBUG Phase3: 0 affected pairs, 0 assetTxs
I0304 16:57:09.966281   44890 rocksdb_coordinatetype.go:552] ASSET-DEBUG processAssetsCoordinateType: block=256 txs=1
I0304 16:57:09.966287   44890 rocksdb_coordinatetype.go:731] ASSET-DEBUG Phase3: 0 affected pairs, 0 assetTxs
I0304 16:57:09.966338   44890 rocksdb_coordinatetype.go:552] ASSET-DEBUG processAssetsCoordinateType: block=257 txs=1
I0304 16:57:09.966344   44890 rocksdb_coordinatetype.go:731] ASSET-DEBUG Phase3: 0 affected pairs, 0 assetTxs
I0304 16:57:09.966561   44890 rocksdb_coordinatetype.go:552] ASSET-DEBUG processAssetsCoordinateType: block=258 txs=1
I0304 16:57:09.966565   44890 rocksdb_coordinatetype.go:731] ASSET-DEBUG Phase3: 0 affected pairs, 0 assetTxs
I0304 16:57:09.966584   44890 rocksdb_coordinatetype.go:552] ASSET-DEBUG processAssetsCoordinateType: block=259 txs=1
I0304 16:57:09.966588   44890 rocksdb_coordinatetype.go:731] ASSET-DEBUG Phase3: 0 affected pairs, 0 assetTxs
I0304 16:57:09.966726   44890 rocksdb_coordinatetype.go:552] ASSET-DEBUG processAssetsCoordinateType: block=260 txs=1
I0304 16:57:09.966733   44890 rocksdb_coordinatetype.go:731] ASSET-DEBUG Phase3: 0 affected pairs, 0 assetTxs
I0304 16:57:09.966888   44890 rocksdb_coordinatetype.go:552] ASSET-DEBUG processAssetsCoordinateType: block=261 txs=1
I0304 16:57:09.966893   44890 rocksdb_coordinatetype.go:731] ASSET-DEBUG Phase3: 0 affected pairs, 0 assetTxs
I0304 16:57:09.966917   44890 rocksdb_coordinatetype.go:552] ASSET-DEBUG processAssetsCoordinateType: block=262 txs=1
I0304 16:57:09.966920   44890 rocksdb_coordinatetype.go:731] ASSET-DEBUG Phase3: 0 affected pairs, 0 assetTxs
I0304 16:57:09.967147   44890 rocksdb_coordinatetype.go:552] ASSET-DEBUG processAssetsCoordinateType: block=263 txs=1
I0304 16:57:09.967152   44890 rocksdb_coordinatetype.go:731] ASSET-DEBUG Phase3: 0 affected pairs, 0 assetTxs
I0304 16:57:09.967176   44890 rocksdb_coordinatetype.go:552] ASSET-DEBUG processAssetsCoordinateType: block=264 txs=1
I0304 16:57:09.967178   44890 rocksdb_coordinatetype.go:731] ASSET-DEBUG Phase3: 0 affected pairs, 0 assetTxs
I0304 16:57:09.967311   44890 rocksdb_coordinatetype.go:552] ASSET-DEBUG processAssetsCoordinateType: block=265 txs=1
I0304 16:57:09.967315   44890 rocksdb_coordinatetype.go:731] ASSET-DEBUG Phase3: 0 affected pairs, 0 assetTxs
I0304 16:57:09.967416   44890 rocksdb_coordinatetype.go:552] ASSET-DEBUG processAssetsCoordinateType: block=266 txs=1
I0304 16:57:09.967419   44890 rocksdb_coordinatetype.go:731] ASSET-DEBUG Phase3: 0 affected pairs, 0 assetTxs
I0304 16:57:09.967613   44890 rocksdb_coordinatetype.go:552] ASSET-DEBUG processAssetsCoordinateType: block=267 txs=1
I0304 16:57:09.967616   44890 rocksdb_coordinatetype.go:731] ASSET-DEBUG Phase3: 0 affected pairs, 0 assetTxs
I0304 16:57:09.967685   44890 rocksdb_coordinatetype.go:552] ASSET-DEBUG processAssetsCoordinateType: block=268 txs=1
I0304 16:57:09.967689   44890 rocksdb_coordinatetype.go:731] ASSET-DEBUG Phase3: 0 affected pairs, 0 assetTxs
I0304 16:57:09.967925   44890 rocksdb_coordinatetype.go:552] ASSET-DEBUG processAssetsCoordinateType: block=269 txs=1
I0304 16:57:09.967930   44890 rocksdb_coordinatetype.go:731] ASSET-DEBUG Phase3: 0 affected pairs, 0 assetTxs
I0304 16:57:09.967942   44890 rocksdb_coordinatetype.go:552] ASSET-DEBUG processAssetsCoordinateType: block=270 txs=1
I0304 16:57:09.967944   44890 rocksdb_coordinatetype.go:731] ASSET-DEBUG Phase3: 0 affected pairs, 0 assetTxs
I0304 16:57:09.967979   44890 rocksdb_coordinatetype.go:552] ASSET-DEBUG processAssetsCoordinateType: block=271 txs=1
I0304 16:57:09.967982   44890 rocksdb_coordinatetype.go:731] ASSET-DEBUG Phase3: 0 affected pairs, 0 assetTxs
I0304 16:57:09.968122   44890 rocksdb_coordinatetype.go:552] ASSET-DEBUG processAssetsCoordinateType: block=272 txs=1
I0304 16:57:09.968125   44890 rocksdb_coordinatetype.go:731] ASSET-DEBUG Phase3: 0 affected pairs, 0 assetTxs
I0304 16:57:09.968486   44890 rocksdb_coordinatetype.go:552] ASSET-DEBUG processAssetsCoordinateType: block=273 txs=1
I0304 16:57:09.968493   44890 rocksdb_coordinatetype.go:731] ASSET-DEBUG Phase3: 0 affected pairs, 0 assetTxs
I0304 16:57:09.968866   44890 rocksdb_coordinatetype.go:552] ASSET-DEBUG processAssetsCoordinateType: block=274 txs=1
I0304 16:57:09.968871   44890 rocksdb_coordinatetype.go:731] ASSET-DEBUG Phase3: 0 affected pairs, 0 assetTxs
I0304 16:57:09.968945   44890 rocksdb_coordinatetype.go:552] ASSET-DEBUG processAssetsCoordinateType: block=275 txs=1
I0304 16:57:09.968949   44890 rocksdb_coordinatetype.go:731] ASSET-DEBUG Phase3: 0 affected pairs, 0 assetTxs
I0304 16:57:09.969141   44890 rocksdb_coordinatetype.go:552] ASSET-DEBUG processAssetsCoordinateType: block=276 txs=1
I0304 16:57:09.969145   44890 rocksdb_coordinatetype.go:731] ASSET-DEBUG Phase3: 0 affected pairs, 0 assetTxs
I0304 16:57:09.969417   44890 rocksdb_coordinatetype.go:552] ASSET-DEBUG processAssetsCoordinateType: block=277 txs=1
I0304 16:57:09.969423   44890 rocksdb_coordinatetype.go:731] ASSET-DEBUG Phase3: 0 affected pairs, 0 assetTxs
I0304 16:57:09.969546   44890 rocksdb_coordinatetype.go:552] ASSET-DEBUG processAssetsCoordinateType: block=278 txs=1
I0304 16:57:09.969558   44890 rocksdb_coordinatetype.go:731] ASSET-DEBUG Phase3: 0 affected pairs, 0 assetTxs
I0304 16:57:09.969671   44890 rocksdb_coordinatetype.go:552] ASSET-DEBUG processAssetsCoordinateType: block=279 txs=1
I0304 16:57:09.969676   44890 rocksdb_coordinatetype.go:731] ASSET-DEBUG Phase3: 0 affected pairs, 0 assetTxs
I0304 16:57:09.969725   44890 rocksdb_coordinatetype.go:552] ASSET-DEBUG processAssetsCoordinateType: block=280 txs=1
I0304 16:57:09.969728   44890 rocksdb_coordinatetype.go:731] ASSET-DEBUG Phase3: 0 affected pairs, 0 assetTxs
I0304 16:57:09.969944   44890 rocksdb_coordinatetype.go:552] ASSET-DEBUG processAssetsCoordinateType: block=281 txs=1
I0304 16:57:09.969948   44890 rocksdb_coordinatetype.go:731] ASSET-DEBUG Phase3: 0 affected pairs, 0 assetTxs
I0304 16:57:09.970071   44890 rocksdb_coordinatetype.go:552] ASSET-DEBUG processAssetsCoordinateType: block=282 txs=1
I0304 16:57:09.970074   44890 rocksdb_coordinatetype.go:731] ASSET-DEBUG Phase3: 0 affected pairs, 0 assetTxs
I0304 16:57:09.970084   44890 rocksdb_coordinatetype.go:552] ASSET-DEBUG processAssetsCoordinateType: block=283 txs=1
I0304 16:57:09.970085   44890 rocksdb_coordinatetype.go:731] ASSET-DEBUG Phase3: 0 affected pairs, 0 assetTxs
I0304 16:57:09.970221   44890 rocksdb_coordinatetype.go:552] ASSET-DEBUG processAssetsCoordinateType: block=284 txs=1
I0304 16:57:09.970223   44890 rocksdb_coordinatetype.go:731] ASSET-DEBUG Phase3: 0 affected pairs, 0 assetTxs
I0304 16:57:09.970293   44890 rocksdb_coordinatetype.go:552] ASSET-DEBUG processAssetsCoordinateType: block=285 txs=1
I0304 16:57:09.970296   44890 rocksdb_coordinatetype.go:731] ASSET-DEBUG Phase3: 0 affected pairs, 0 assetTxs
I0304 16:57:09.970465   44890 rocksdb_coordinatetype.go:552] ASSET-DEBUG processAssetsCoordinateType: block=286 txs=1
I0304 16:57:09.970493   44890 rocksdb_coordinatetype.go:731] ASSET-DEBUG Phase3: 0 affected pairs, 0 assetTxs
I0304 16:57:09.970711   44890 rocksdb_coordinatetype.go:552] ASSET-DEBUG processAssetsCoordinateType: block=287 txs=1
I0304 16:57:09.970714   44890 rocksdb_coordinatetype.go:731] ASSET-DEBUG Phase3: 0 affected pairs, 0 assetTxs
I0304 16:57:09.970757   44890 rocksdb_coordinatetype.go:552] ASSET-DEBUG processAssetsCoordinateType: block=288 txs=1
I0304 16:57:09.970759   44890 rocksdb_coordinatetype.go:731] ASSET-DEBUG Phase3: 0 affected pairs, 0 assetTxs
I0304 16:57:09.970772   44890 rocksdb_coordinatetype.go:552] ASSET-DEBUG processAssetsCoordinateType: block=289 txs=1
I0304 16:57:09.970775   44890 rocksdb_coordinatetype.go:731] ASSET-DEBUG Phase3: 0 affected pairs, 0 assetTxs
I0304 16:57:09.971078   44890 rocksdb_coordinatetype.go:552] ASSET-DEBUG processAssetsCoordinateType: block=290 txs=1
I0304 16:57:09.971081   44890 rocksdb_coordinatetype.go:731] ASSET-DEBUG Phase3: 0 affected pairs, 0 assetTxs
I0304 16:57:09.971128   44890 rocksdb_coordinatetype.go:552] ASSET-DEBUG processAssetsCoordinateType: block=291 txs=1
I0304 16:57:09.971137   44890 rocksdb_coordinatetype.go:731] ASSET-DEBUG Phase3: 0 affected pairs, 0 assetTxs
I0304 16:57:09.971268   44890 rocksdb_coordinatetype.go:552] ASSET-DEBUG processAssetsCoordinateType: block=292 txs=1
I0304 16:57:09.971272   44890 rocksdb_coordinatetype.go:731] ASSET-DEBUG Phase3: 0 affected pairs, 0 assetTxs
I0304 16:57:09.971400   44890 rocksdb_coordinatetype.go:552] ASSET-DEBUG processAssetsCoordinateType: block=293 txs=1
I0304 16:57:09.971404   44890 rocksdb_coordinatetype.go:731] ASSET-DEBUG Phase3: 0 affected pairs, 0 assetTxs
I0304 16:57:09.971621   44890 rocksdb_coordinatetype.go:552] ASSET-DEBUG processAssetsCoordinateType: block=294 txs=1
I0304 16:57:09.971624   44890 rocksdb_coordinatetype.go:731] ASSET-DEBUG Phase3: 0 affected pairs, 0 assetTxs
I0304 16:57:09.971637   44890 rocksdb_coordinatetype.go:552] ASSET-DEBUG processAssetsCoordinateType: block=295 txs=1
I0304 16:57:09.971638   44890 rocksdb_coordinatetype.go:731] ASSET-DEBUG Phase3: 0 affected pairs, 0 assetTxs
I0304 16:57:09.971735   44890 rocksdb_coordinatetype.go:552] ASSET-DEBUG processAssetsCoordinateType: block=296 txs=1
I0304 16:57:09.971738   44890 rocksdb_coordinatetype.go:731] ASSET-DEBUG Phase3: 0 affected pairs, 0 assetTxs
I0304 16:57:09.971802   44890 rocksdb_coordinatetype.go:552] ASSET-DEBUG processAssetsCoordinateType: block=297 txs=1
I0304 16:57:09.971804   44890 rocksdb_coordinatetype.go:731] ASSET-DEBUG Phase3: 0 affected pairs, 0 assetTxs
I0304 16:57:09.971825   44890 rocksdb_coordinatetype.go:552] ASSET-DEBUG processAssetsCoordinateType: block=298 txs=1
I0304 16:57:09.971833   44890 rocksdb_coordinatetype.go:731] ASSET-DEBUG Phase3: 0 affected pairs, 0 assetTxs
I0304 16:57:09.971941   44890 rocksdb_coordinatetype.go:552] ASSET-DEBUG processAssetsCoordinateType: block=299 txs=1
I0304 16:57:09.971944   44890 rocksdb_coordinatetype.go:731] ASSET-DEBUG Phase3: 0 affected pairs, 0 assetTxs
I0304 16:57:09.972127   44890 rocksdb_coordinatetype.go:552] ASSET-DEBUG processAssetsCoordinateType: block=300 txs=1
I0304 16:57:09.972132   44890 rocksdb_coordinatetype.go:731] ASSET-DEBUG Phase3: 0 affected pairs, 0 assetTxs
I0304 16:57:09.972172   44890 rocksdb_coordinatetype.go:552] ASSET-DEBUG processAssetsCoordinateType: block=301 txs=1
I0304 16:57:09.972176   44890 rocksdb_coordinatetype.go:731] ASSET-DEBUG Phase3: 0 affected pairs, 0 assetTxs
I0304 16:57:09.972257   44890 rocksdb_coordinatetype.go:552] ASSET-DEBUG processAssetsCoordinateType: block=302 txs=1
I0304 16:57:09.972260   44890 rocksdb_coordinatetype.go:731] ASSET-DEBUG Phase3: 0 affected pairs, 0 assetTxs
I0304 16:57:09.972378   44890 rocksdb_coordinatetype.go:552] ASSET-DEBUG processAssetsCoordinateType: block=303 txs=1
I0304 16:57:09.972381   44890 rocksdb_coordinatetype.go:731] ASSET-DEBUG Phase3: 0 affected pairs, 0 assetTxs
I0304 16:57:09.972432   44890 rocksdb_coordinatetype.go:552] ASSET-DEBUG processAssetsCoordinateType: block=304 txs=1
I0304 16:57:09.972435   44890 rocksdb_coordinatetype.go:731] ASSET-DEBUG Phase3: 0 affected pairs, 0 assetTxs
I0304 16:57:09.972565   44890 rocksdb_coordinatetype.go:552] ASSET-DEBUG processAssetsCoordinateType: block=305 txs=1
I0304 16:57:09.972571   44890 rocksdb_coordinatetype.go:731] ASSET-DEBUG Phase3: 0 affected pairs, 0 assetTxs
I0304 16:57:09.972590   44890 rocksdb_coordinatetype.go:552] ASSET-DEBUG processAssetsCoordinateType: block=306 txs=1
I0304 16:57:09.972593   44890 rocksdb_coordinatetype.go:731] ASSET-DEBUG Phase3: 0 affected pairs, 0 assetTxs
I0304 16:57:09.972722   44890 rocksdb_coordinatetype.go:552] ASSET-DEBUG processAssetsCoordinateType: block=307 txs=1
I0304 16:57:09.972725   44890 rocksdb_coordinatetype.go:731] ASSET-DEBUG Phase3: 0 affected pairs, 0 assetTxs
I0304 16:57:09.972815   44890 rocksdb_coordinatetype.go:552] ASSET-DEBUG processAssetsCoordinateType: block=308 txs=1
I0304 16:57:09.972818   44890 rocksdb_coordinatetype.go:731] ASSET-DEBUG Phase3: 0 affected pairs, 0 assetTxs
I0304 16:57:09.972985   44890 rocksdb_coordinatetype.go:552] ASSET-DEBUG processAssetsCoordinateType: block=309 txs=1
I0304 16:57:09.972992   44890 rocksdb_coordinatetype.go:731] ASSET-DEBUG Phase3: 0 affected pairs, 0 assetTxs
I0304 16:57:09.973039   44890 rocksdb_coordinatetype.go:552] ASSET-DEBUG processAssetsCoordinateType: block=310 txs=1
I0304 16:57:09.973044   44890 rocksdb_coordinatetype.go:731] ASSET-DEBUG Phase3: 0 affected pairs, 0 assetTxs
I0304 16:57:09.973119   44890 rocksdb_coordinatetype.go:552] ASSET-DEBUG processAssetsCoordinateType: block=311 txs=1
I0304 16:57:09.973122   44890 rocksdb_coordinatetype.go:731] ASSET-DEBUG Phase3: 0 affected pairs, 0 assetTxs
I0304 16:57:09.973407   44890 rocksdb_coordinatetype.go:552] ASSET-DEBUG processAssetsCoordinateType: block=312 txs=1
I0304 16:57:09.973410   44890 rocksdb_coordinatetype.go:731] ASSET-DEBUG Phase3: 0 affected pairs, 0 assetTxs
I0304 16:57:09.973417   44890 rocksdb_coordinatetype.go:552] ASSET-DEBUG processAssetsCoordinateType: block=313 txs=1
I0304 16:57:09.973419   44890 rocksdb_coordinatetype.go:731] ASSET-DEBUG Phase3: 0 affected pairs, 0 assetTxs
I0304 16:57:09.973444   44890 rocksdb_coordinatetype.go:552] ASSET-DEBUG processAssetsCoordinateType: block=314 txs=1
I0304 16:57:09.973449   44890 rocksdb_coordinatetype.go:731] ASSET-DEBUG Phase3: 0 affected pairs, 0 assetTxs
I0304 16:57:09.973476   44890 rocksdb_coordinatetype.go:552] ASSET-DEBUG processAssetsCoordinateType: block=315 txs=1
I0304 16:57:09.973483   44890 rocksdb_coordinatetype.go:731] ASSET-DEBUG Phase3: 0 affected pairs, 0 assetTxs
I0304 16:57:09.973633   44890 rocksdb_coordinatetype.go:552] ASSET-DEBUG processAssetsCoordinateType: block=316 txs=1
I0304 16:57:09.973648   44890 rocksdb_coordinatetype.go:731] ASSET-DEBUG Phase3: 0 affected pairs, 0 assetTxs
I0304 16:57:09.973657   44890 rocksdb_coordinatetype.go:552] ASSET-DEBUG processAssetsCoordinateType: block=317 txs=1
I0304 16:57:09.973658   44890 rocksdb_coordinatetype.go:731] ASSET-DEBUG Phase3: 0 affected pairs, 0 assetTxs
I0304 16:57:09.973693   44890 rocksdb_coordinatetype.go:552] ASSET-DEBUG processAssetsCoordinateType: block=318 txs=1
I0304 16:57:09.973696   44890 rocksdb_coordinatetype.go:731] ASSET-DEBUG Phase3: 0 affected pairs, 0 assetTxs
I0304 16:57:09.973886   44890 rocksdb_coordinatetype.go:552] ASSET-DEBUG processAssetsCoordinateType: block=319 txs=1
I0304 16:57:09.973888   44890 rocksdb_coordinatetype.go:731] ASSET-DEBUG Phase3: 0 affected pairs, 0 assetTxs
I0304 16:57:09.973937   44890 rocksdb_coordinatetype.go:552] ASSET-DEBUG processAssetsCoordinateType: block=320 txs=1
I0304 16:57:09.973943   44890 rocksdb_coordinatetype.go:731] ASSET-DEBUG Phase3: 0 affected pairs, 0 assetTxs
I0304 16:57:09.973989   44890 rocksdb_coordinatetype.go:552] ASSET-DEBUG processAssetsCoordinateType: block=321 txs=1
I0304 16:57:09.973992   44890 rocksdb_coordinatetype.go:731] ASSET-DEBUG Phase3: 0 affected pairs, 0 assetTxs
I0304 16:57:09.974307   44890 rocksdb_coordinatetype.go:552] ASSET-DEBUG processAssetsCoordinateType: block=322 txs=1
I0304 16:57:09.974312   44890 rocksdb_coordinatetype.go:731] ASSET-DEBUG Phase3: 0 affected pairs, 0 assetTxs
I0304 16:57:09.974335   44890 rocksdb_coordinatetype.go:552] ASSET-DEBUG processAssetsCoordinateType: block=323 txs=1
I0304 16:57:09.974338   44890 rocksdb_coordinatetype.go:731] ASSET-DEBUG Phase3: 0 affected pairs, 0 assetTxs
I0304 16:57:09.974421   44890 rocksdb_coordinatetype.go:552] ASSET-DEBUG processAssetsCoordinateType: block=324 txs=1
I0304 16:57:09.974423   44890 rocksdb_coordinatetype.go:731] ASSET-DEBUG Phase3: 0 affected pairs, 0 assetTxs
I0304 16:57:09.974521   44890 rocksdb_coordinatetype.go:552] ASSET-DEBUG processAssetsCoordinateType: block=325 txs=1
I0304 16:57:09.974523   44890 rocksdb_coordinatetype.go:731] ASSET-DEBUG Phase3: 0 affected pairs, 0 assetTxs
I0304 16:57:09.974672   44890 rocksdb_coordinatetype.go:552] ASSET-DEBUG processAssetsCoordinateType: block=326 txs=1
I0304 16:57:09.974675   44890 rocksdb_coordinatetype.go:731] ASSET-DEBUG Phase3: 0 affected pairs, 0 assetTxs
I0304 16:57:09.974796   44890 rocksdb_coordinatetype.go:552] ASSET-DEBUG processAssetsCoordinateType: block=327 txs=1
I0304 16:57:09.974810   44890 rocksdb_coordinatetype.go:731] ASSET-DEBUG Phase3: 0 affected pairs, 0 assetTxs
I0304 16:57:09.974943   44890 rocksdb_coordinatetype.go:552] ASSET-DEBUG processAssetsCoordinateType: block=328 txs=1
I0304 16:57:09.974946   44890 rocksdb_coordinatetype.go:731] ASSET-DEBUG Phase3: 0 affected pairs, 0 assetTxs
I0304 16:57:09.975007   44890 rocksdb_coordinatetype.go:552] ASSET-DEBUG processAssetsCoordinateType: block=329 txs=1
I0304 16:57:09.975009   44890 rocksdb_coordinatetype.go:731] ASSET-DEBUG Phase3: 0 affected pairs, 0 assetTxs
I0304 16:57:09.975132   44890 rocksdb_coordinatetype.go:552] ASSET-DEBUG processAssetsCoordinateType: block=330 txs=1
I0304 16:57:09.975135   44890 rocksdb_coordinatetype.go:731] ASSET-DEBUG Phase3: 0 affected pairs, 0 assetTxs
I0304 16:57:09.975276   44890 rocksdb_coordinatetype.go:552] ASSET-DEBUG processAssetsCoordinateType: block=331 txs=1
I0304 16:57:09.975281   44890 rocksdb_coordinatetype.go:731] ASSET-DEBUG Phase3: 0 affected pairs, 0 assetTxs
I0304 16:57:09.975378   44890 rocksdb_coordinatetype.go:552] ASSET-DEBUG processAssetsCoordinateType: block=332 txs=1
I0304 16:57:09.975382   44890 rocksdb_coordinatetype.go:731] ASSET-DEBUG Phase3: 0 affected pairs, 0 assetTxs
I0304 16:57:09.975564   44890 rocksdb_coordinatetype.go:552] ASSET-DEBUG processAssetsCoordinateType: block=333 txs=1
I0304 16:57:09.975579   44890 rocksdb_coordinatetype.go:731] ASSET-DEBUG Phase3: 0 affected pairs, 0 assetTxs
I0304 16:57:09.975618   44890 rocksdb_coordinatetype.go:552] ASSET-DEBUG processAssetsCoordinateType: block=334 txs=1
I0304 16:57:09.975621   44890 rocksdb_coordinatetype.go:731] ASSET-DEBUG Phase3: 0 affected pairs, 0 assetTxs
I0304 16:57:09.975702   44890 rocksdb_coordinatetype.go:552] ASSET-DEBUG processAssetsCoordinateType: block=335 txs=1
I0304 16:57:09.975706   44890 rocksdb_coordinatetype.go:731] ASSET-DEBUG Phase3: 0 affected pairs, 0 assetTxs
I0304 16:57:09.975782   44890 rocksdb_coordinatetype.go:552] ASSET-DEBUG processAssetsCoordinateType: block=336 txs=1
I0304 16:57:09.975786   44890 rocksdb_coordinatetype.go:731] ASSET-DEBUG Phase3: 0 affected pairs, 0 assetTxs
I0304 16:57:09.975865   44890 rocksdb_coordinatetype.go:552] ASSET-DEBUG processAssetsCoordinateType: block=337 txs=1
I0304 16:57:09.975868   44890 rocksdb_coordinatetype.go:731] ASSET-DEBUG Phase3: 0 affected pairs, 0 assetTxs
I0304 16:57:09.975972   44890 rocksdb_coordinatetype.go:552] ASSET-DEBUG processAssetsCoordinateType: block=338 txs=1
I0304 16:57:09.975976   44890 rocksdb_coordinatetype.go:731] ASSET-DEBUG Phase3: 0 affected pairs, 0 assetTxs
I0304 16:57:09.976044   44890 rocksdb_coordinatetype.go:552] ASSET-DEBUG processAssetsCoordinateType: block=339 txs=1
I0304 16:57:09.976047   44890 rocksdb_coordinatetype.go:731] ASSET-DEBUG Phase3: 0 affected pairs, 0 assetTxs
I0304 16:57:09.976157   44890 rocksdb_coordinatetype.go:552] ASSET-DEBUG processAssetsCoordinateType: block=340 txs=1
I0304 16:57:09.976160   44890 rocksdb_coordinatetype.go:731] ASSET-DEBUG Phase3: 0 affected pairs, 0 assetTxs
I0304 16:57:09.976271   44890 rocksdb_coordinatetype.go:552] ASSET-DEBUG processAssetsCoordinateType: block=341 txs=1
I0304 16:57:09.976274   44890 rocksdb_coordinatetype.go:731] ASSET-DEBUG Phase3: 0 affected pairs, 0 assetTxs
I0304 16:57:09.976371   44890 rocksdb_coordinatetype.go:552] ASSET-DEBUG processAssetsCoordinateType: block=342 txs=1
I0304 16:57:09.976377   44890 rocksdb_coordinatetype.go:731] ASSET-DEBUG Phase3: 0 affected pairs, 0 assetTxs
I0304 16:57:09.976829   44890 rocksdb_coordinatetype.go:552] ASSET-DEBUG processAssetsCoordinateType: block=343 txs=1
I0304 16:57:09.976843   44890 rocksdb_coordinatetype.go:731] ASSET-DEBUG Phase3: 0 affected pairs, 0 assetTxs
I0304 16:57:09.976873   44890 rocksdb_coordinatetype.go:552] ASSET-DEBUG processAssetsCoordinateType: block=344 txs=1
I0304 16:57:09.976877   44890 rocksdb_coordinatetype.go:731] ASSET-DEBUG Phase3: 0 affected pairs, 0 assetTxs
I0304 16:57:09.977362   44890 rocksdb_coordinatetype.go:552] ASSET-DEBUG processAssetsCoordinateType: block=345 txs=1
I0304 16:57:09.977376   44890 rocksdb_coordinatetype.go:731] ASSET-DEBUG Phase3: 0 affected pairs, 0 assetTxs
I0304 16:57:09.977405   44890 rocksdb_coordinatetype.go:552] ASSET-DEBUG processAssetsCoordinateType: block=346 txs=1
I0304 16:57:09.977409   44890 rocksdb_coordinatetype.go:731] ASSET-DEBUG Phase3: 0 affected pairs, 0 assetTxs
I0304 16:57:09.977770   44890 rocksdb_coordinatetype.go:552] ASSET-DEBUG processAssetsCoordinateType: block=347 txs=1
I0304 16:57:09.977785   44890 rocksdb_coordinatetype.go:731] ASSET-DEBUG Phase3: 0 affected pairs, 0 assetTxs
I0304 16:57:09.977816   44890 rocksdb_coordinatetype.go:552] ASSET-DEBUG processAssetsCoordinateType: block=348 txs=1
I0304 16:57:09.977820   44890 rocksdb_coordinatetype.go:731] ASSET-DEBUG Phase3: 0 affected pairs, 0 assetTxs
I0304 16:57:09.977970   44890 rocksdb_coordinatetype.go:552] ASSET-DEBUG processAssetsCoordinateType: block=349 txs=1
I0304 16:57:09.977981   44890 rocksdb_coordinatetype.go:731] ASSET-DEBUG Phase3: 0 affected pairs, 0 assetTxs
I0304 16:57:09.978123   44890 rocksdb_coordinatetype.go:552] ASSET-DEBUG processAssetsCoordinateType: block=350 txs=1
I0304 16:57:09.978126   44890 rocksdb_coordinatetype.go:731] ASSET-DEBUG Phase3: 0 affected pairs, 0 assetTxs
I0304 16:57:09.978193   44890 rocksdb_coordinatetype.go:552] ASSET-DEBUG processAssetsCoordinateType: block=351 txs=1
I0304 16:57:09.978196   44890 rocksdb_coordinatetype.go:731] ASSET-DEBUG Phase3: 0 affected pairs, 0 assetTxs
I0304 16:57:09.978267   44890 rocksdb_coordinatetype.go:552] ASSET-DEBUG processAssetsCoordinateType: block=352 txs=1
I0304 16:57:09.978269   44890 rocksdb_coordinatetype.go:731] ASSET-DEBUG Phase3: 0 affected pairs, 0 assetTxs
I0304 16:57:09.978579   44890 rocksdb_coordinatetype.go:552] ASSET-DEBUG processAssetsCoordinateType: block=353 txs=1
I0304 16:57:09.978584   44890 rocksdb_coordinatetype.go:731] ASSET-DEBUG Phase3: 0 affected pairs, 0 assetTxs
I0304 16:57:09.978764   44890 rocksdb_coordinatetype.go:552] ASSET-DEBUG processAssetsCoordinateType: block=354 txs=1
I0304 16:57:09.978766   44890 rocksdb_coordinatetype.go:731] ASSET-DEBUG Phase3: 0 affected pairs, 0 assetTxs
I0304 16:57:09.978777   44890 rocksdb_coordinatetype.go:552] ASSET-DEBUG processAssetsCoordinateType: block=355 txs=1
I0304 16:57:09.978779   44890 rocksdb_coordinatetype.go:731] ASSET-DEBUG Phase3: 0 affected pairs, 0 assetTxs
I0304 16:57:09.978787   44890 rocksdb_coordinatetype.go:552] ASSET-DEBUG processAssetsCoordinateType: block=356 txs=1
I0304 16:57:09.978788   44890 rocksdb_coordinatetype.go:731] ASSET-DEBUG Phase3: 0 affected pairs, 0 assetTxs
I0304 16:57:09.978794   44890 rocksdb_coordinatetype.go:552] ASSET-DEBUG processAssetsCoordinateType: block=357 txs=1
I0304 16:57:09.978795   44890 rocksdb_coordinatetype.go:731] ASSET-DEBUG Phase3: 0 affected pairs, 0 assetTxs
I0304 16:57:09.978841   44890 rocksdb_coordinatetype.go:552] ASSET-DEBUG processAssetsCoordinateType: block=358 txs=1
I0304 16:57:09.978845   44890 rocksdb_coordinatetype.go:731] ASSET-DEBUG Phase3: 0 affected pairs, 0 assetTxs
I0304 16:57:09.979021   44890 rocksdb_coordinatetype.go:552] ASSET-DEBUG processAssetsCoordinateType: block=359 txs=1
I0304 16:57:09.979024   44890 rocksdb_coordinatetype.go:731] ASSET-DEBUG Phase3: 0 affected pairs, 0 assetTxs
I0304 16:57:09.979085   44890 rocksdb_coordinatetype.go:552] ASSET-DEBUG processAssetsCoordinateType: block=360 txs=1
I0304 16:57:09.979088   44890 rocksdb_coordinatetype.go:731] ASSET-DEBUG Phase3: 0 affected pairs, 0 assetTxs
I0304 16:57:09.979176   44890 rocksdb_coordinatetype.go:552] ASSET-DEBUG processAssetsCoordinateType: block=361 txs=1
I0304 16:57:09.979179   44890 rocksdb_coordinatetype.go:731] ASSET-DEBUG Phase3: 0 affected pairs, 0 assetTxs
I0304 16:57:09.979329   44890 rocksdb_coordinatetype.go:552] ASSET-DEBUG processAssetsCoordinateType: block=362 txs=1
I0304 16:57:09.979332   44890 rocksdb_coordinatetype.go:731] ASSET-DEBUG Phase3: 0 affected pairs, 0 assetTxs
I0304 16:57:09.979424   44890 rocksdb_coordinatetype.go:552] ASSET-DEBUG processAssetsCoordinateType: block=363 txs=1
I0304 16:57:09.979427   44890 rocksdb_coordinatetype.go:731] ASSET-DEBUG Phase3: 0 affected pairs, 0 assetTxs
I0304 16:57:09.979759   44890 rocksdb_coordinatetype.go:552] ASSET-DEBUG processAssetsCoordinateType: block=364 txs=1
I0304 16:57:09.979766   44890 rocksdb_coordinatetype.go:731] ASSET-DEBUG Phase3: 0 affected pairs, 0 assetTxs
I0304 16:57:09.979835   44890 rocksdb_coordinatetype.go:552] ASSET-DEBUG processAssetsCoordinateType: block=365 txs=1
I0304 16:57:09.979839   44890 rocksdb_coordinatetype.go:731] ASSET-DEBUG Phase3: 0 affected pairs, 0 assetTxs
I0304 16:57:09.979856   44890 rocksdb_coordinatetype.go:552] ASSET-DEBUG processAssetsCoordinateType: block=366 txs=1
I0304 16:57:09.979864   44890 rocksdb_coordinatetype.go:731] ASSET-DEBUG Phase3: 0 affected pairs, 0 assetTxs
I0304 16:57:09.980012   44890 rocksdb_coordinatetype.go:552] ASSET-DEBUG processAssetsCoordinateType: block=367 txs=1
I0304 16:57:09.980017   44890 rocksdb_coordinatetype.go:731] ASSET-DEBUG Phase3: 0 affected pairs, 0 assetTxs
I0304 16:57:09.980034   44890 rocksdb_coordinatetype.go:552] ASSET-DEBUG processAssetsCoordinateType: block=368 txs=1
I0304 16:57:09.980038   44890 rocksdb_coordinatetype.go:731] ASSET-DEBUG Phase3: 0 affected pairs, 0 assetTxs
I0304 16:57:09.980160   44890 rocksdb_coordinatetype.go:552] ASSET-DEBUG processAssetsCoordinateType: block=369 txs=1
I0304 16:57:09.980164   44890 rocksdb_coordinatetype.go:731] ASSET-DEBUG Phase3: 0 affected pairs, 0 assetTxs
I0304 16:57:09.980224   44890 rocksdb_coordinatetype.go:552] ASSET-DEBUG processAssetsCoordinateType: block=370 txs=1
I0304 16:57:09.980232   44890 rocksdb_coordinatetype.go:731] ASSET-DEBUG Phase3: 0 affected pairs, 0 assetTxs
I0304 16:57:09.980424   44890 rocksdb_coordinatetype.go:552] ASSET-DEBUG processAssetsCoordinateType: block=371 txs=1
I0304 16:57:09.980427   44890 rocksdb_coordinatetype.go:731] ASSET-DEBUG Phase3: 0 affected pairs, 0 assetTxs
I0304 16:57:09.980437   44890 rocksdb_coordinatetype.go:552] ASSET-DEBUG processAssetsCoordinateType: block=372 txs=1
I0304 16:57:09.980438   44890 rocksdb_coordinatetype.go:731] ASSET-DEBUG Phase3: 0 affected pairs, 0 assetTxs
I0304 16:57:09.980654   44890 rocksdb_coordinatetype.go:552] ASSET-DEBUG processAssetsCoordinateType: block=373 txs=1
I0304 16:57:09.980659   44890 rocksdb_coordinatetype.go:731] ASSET-DEBUG Phase3: 0 affected pairs, 0 assetTxs
I0304 16:57:09.980702   44890 rocksdb_coordinatetype.go:552] ASSET-DEBUG processAssetsCoordinateType: block=374 txs=1
I0304 16:57:09.980705   44890 rocksdb_coordinatetype.go:731] ASSET-DEBUG Phase3: 0 affected pairs, 0 assetTxs
I0304 16:57:09.980714   44890 rocksdb_coordinatetype.go:552] ASSET-DEBUG processAssetsCoordinateType: block=375 txs=1
I0304 16:57:09.980716   44890 rocksdb_coordinatetype.go:731] ASSET-DEBUG Phase3: 0 affected pairs, 0 assetTxs
I0304 16:57:09.980871   44890 rocksdb_coordinatetype.go:552] ASSET-DEBUG processAssetsCoordinateType: block=376 txs=1
I0304 16:57:09.980875   44890 rocksdb_coordinatetype.go:731] ASSET-DEBUG Phase3: 0 affected pairs, 0 assetTxs
I0304 16:57:09.980957   44890 rocksdb_coordinatetype.go:552] ASSET-DEBUG processAssetsCoordinateType: block=377 txs=1
I0304 16:57:09.980961   44890 rocksdb_coordinatetype.go:731] ASSET-DEBUG Phase3: 0 affected pairs, 0 assetTxs
I0304 16:57:09.981005   44890 rocksdb_coordinatetype.go:552] ASSET-DEBUG processAssetsCoordinateType: block=378 txs=1
I0304 16:57:09.981008   44890 rocksdb_coordinatetype.go:731] ASSET-DEBUG Phase3: 0 affected pairs, 0 assetTxs
I0304 16:57:09.981182   44890 rocksdb_coordinatetype.go:552] ASSET-DEBUG processAssetsCoordinateType: block=379 txs=1
I0304 16:57:09.981185   44890 rocksdb_coordinatetype.go:731] ASSET-DEBUG Phase3: 0 affected pairs, 0 assetTxs
I0304 16:57:09.981320   44890 rocksdb_coordinatetype.go:552] ASSET-DEBUG processAssetsCoordinateType: block=380 txs=1
I0304 16:57:09.981323   44890 rocksdb_coordinatetype.go:731] ASSET-DEBUG Phase3: 0 affected pairs, 0 assetTxs
I0304 16:57:09.981331   44890 rocksdb_coordinatetype.go:552] ASSET-DEBUG processAssetsCoordinateType: block=381 txs=1
I0304 16:57:09.981332   44890 rocksdb_coordinatetype.go:731] ASSET-DEBUG Phase3: 0 affected pairs, 0 assetTxs
I0304 16:57:09.981418   44890 rocksdb_coordinatetype.go:552] ASSET-DEBUG processAssetsCoordinateType: block=382 txs=1
I0304 16:57:09.981421   44890 rocksdb_coordinatetype.go:731] ASSET-DEBUG Phase3: 0 affected pairs, 0 assetTxs
I0304 16:57:09.981558   44890 rocksdb_coordinatetype.go:552] ASSET-DEBUG processAssetsCoordinateType: block=383 txs=1
I0304 16:57:09.981560   44890 rocksdb_coordinatetype.go:731] ASSET-DEBUG Phase3: 0 affected pairs, 0 assetTxs
I0304 16:57:09.981668   44890 rocksdb_coordinatetype.go:552] ASSET-DEBUG processAssetsCoordinateType: block=384 txs=1
I0304 16:57:09.981671   44890 rocksdb_coordinatetype.go:731] ASSET-DEBUG Phase3: 0 affected pairs, 0 assetTxs
I0304 16:57:09.981752   44890 rocksdb_coordinatetype.go:552] ASSET-DEBUG processAssetsCoordinateType: block=385 txs=1
I0304 16:57:09.981756   44890 rocksdb_coordinatetype.go:731] ASSET-DEBUG Phase3: 0 affected pairs, 0 assetTxs
I0304 16:57:09.981879   44890 rocksdb_coordinatetype.go:552] ASSET-DEBUG processAssetsCoordinateType: block=386 txs=1
I0304 16:57:09.981882   44890 rocksdb_coordinatetype.go:731] ASSET-DEBUG Phase3: 0 affected pairs, 0 assetTxs
I0304 16:57:09.981962   44890 rocksdb_coordinatetype.go:552] ASSET-DEBUG processAssetsCoordinateType: block=387 txs=1
I0304 16:57:09.981963   44890 rocksdb_coordinatetype.go:731] ASSET-DEBUG Phase3: 0 affected pairs, 0 assetTxs
I0304 16:57:09.982099   44890 rocksdb_coordinatetype.go:552] ASSET-DEBUG processAssetsCoordinateType: block=388 txs=1
I0304 16:57:09.982101   44890 rocksdb_coordinatetype.go:731] ASSET-DEBUG Phase3: 0 affected pairs, 0 assetTxs
I0304 16:57:09.982161   44890 rocksdb_coordinatetype.go:552] ASSET-DEBUG processAssetsCoordinateType: block=389 txs=1
I0304 16:57:09.982176   44890 rocksdb_coordinatetype.go:731] ASSET-DEBUG Phase3: 0 affected pairs, 0 assetTxs
I0304 16:57:09.982319   44890 rocksdb_coordinatetype.go:552] ASSET-DEBUG processAssetsCoordinateType: block=390 txs=1
I0304 16:57:09.982325   44890 rocksdb_coordinatetype.go:731] ASSET-DEBUG Phase3: 0 affected pairs, 0 assetTxs
I0304 16:57:09.982368   44890 rocksdb_coordinatetype.go:552] ASSET-DEBUG processAssetsCoordinateType: block=391 txs=1
I0304 16:57:09.982370   44890 rocksdb_coordinatetype.go:731] ASSET-DEBUG Phase3: 0 affected pairs, 0 assetTxs
I0304 16:57:09.982450   44890 rocksdb_coordinatetype.go:552] ASSET-DEBUG processAssetsCoordinateType: block=392 txs=1
I0304 16:57:09.982453   44890 rocksdb_coordinatetype.go:731] ASSET-DEBUG Phase3: 0 affected pairs, 0 assetTxs
I0304 16:57:09.982565   44890 rocksdb_coordinatetype.go:552] ASSET-DEBUG processAssetsCoordinateType: block=393 txs=1
I0304 16:57:09.982568   44890 rocksdb_coordinatetype.go:731] ASSET-DEBUG Phase3: 0 affected pairs, 0 assetTxs
I0304 16:57:09.982641   44890 rocksdb_coordinatetype.go:552] ASSET-DEBUG processAssetsCoordinateType: block=394 txs=1
I0304 16:57:09.982643   44890 rocksdb_coordinatetype.go:731] ASSET-DEBUG Phase3: 0 affected pairs, 0 assetTxs
I0304 16:57:09.982758   44890 rocksdb_coordinatetype.go:552] ASSET-DEBUG processAssetsCoordinateType: block=395 txs=1
I0304 16:57:09.982760   44890 rocksdb_coordinatetype.go:731] ASSET-DEBUG Phase3: 0 affected pairs, 0 assetTxs
I0304 16:57:09.982901   44890 rocksdb_coordinatetype.go:552] ASSET-DEBUG processAssetsCoordinateType: block=396 txs=1
I0304 16:57:09.982903   44890 rocksdb_coordinatetype.go:731] ASSET-DEBUG Phase3: 0 affected pairs, 0 assetTxs
I0304 16:57:09.982916   44890 rocksdb_coordinatetype.go:552] ASSET-DEBUG processAssetsCoordinateType: block=397 txs=1
I0304 16:57:09.982917   44890 rocksdb_coordinatetype.go:731] ASSET-DEBUG Phase3: 0 affected pairs, 0 assetTxs
I0304 16:57:09.982941   44890 rocksdb_coordinatetype.go:552] ASSET-DEBUG processAssetsCoordinateType: block=398 txs=1
I0304 16:57:09.982944   44890 rocksdb_coordinatetype.go:731] ASSET-DEBUG Phase3: 0 affected pairs, 0 assetTxs
I0304 16:57:09.983021   44890 rocksdb_coordinatetype.go:552] ASSET-DEBUG processAssetsCoordinateType: block=399 txs=1
I0304 16:57:09.983023   44890 rocksdb_coordinatetype.go:731] ASSET-DEBUG Phase3: 0 affected pairs, 0 assetTxs
I0304 16:57:09.983173   44890 rocksdb_coordinatetype.go:552] ASSET-DEBUG processAssetsCoordinateType: block=400 txs=1
I0304 16:57:09.983176   44890 rocksdb_coordinatetype.go:731] ASSET-DEBUG Phase3: 0 affected pairs, 0 assetTxs
I0304 16:57:09.983214   44890 rocksdb_coordinatetype.go:552] ASSET-DEBUG processAssetsCoordinateType: block=401 txs=1
I0304 16:57:09.983216   44890 rocksdb_coordinatetype.go:731] ASSET-DEBUG Phase3: 0 affected pairs, 0 assetTxs
I0304 16:57:09.983300   44890 rocksdb_coordinatetype.go:552] ASSET-DEBUG processAssetsCoordinateType: block=402 txs=1
I0304 16:57:09.983303   44890 rocksdb_coordinatetype.go:731] ASSET-DEBUG Phase3: 0 affected pairs, 0 assetTxs
I0304 16:57:09.983425   44890 rocksdb_coordinatetype.go:552] ASSET-DEBUG processAssetsCoordinateType: block=403 txs=1
I0304 16:57:09.983427   44890 rocksdb_coordinatetype.go:731] ASSET-DEBUG Phase3: 0 affected pairs, 0 assetTxs
I0304 16:57:09.983467   44890 rocksdb_coordinatetype.go:552] ASSET-DEBUG processAssetsCoordinateType: block=404 txs=1
I0304 16:57:09.983470   44890 rocksdb_coordinatetype.go:731] ASSET-DEBUG Phase3: 0 affected pairs, 0 assetTxs
I0304 16:57:09.983539   44890 rocksdb_coordinatetype.go:552] ASSET-DEBUG processAssetsCoordinateType: block=405 txs=1
I0304 16:57:09.983542   44890 rocksdb_coordinatetype.go:731] ASSET-DEBUG Phase3: 0 affected pairs, 0 assetTxs
I0304 16:57:09.983626   44890 rocksdb_coordinatetype.go:552] ASSET-DEBUG processAssetsCoordinateType: block=406 txs=1
I0304 16:57:09.983628   44890 rocksdb_coordinatetype.go:731] ASSET-DEBUG Phase3: 0 affected pairs, 0 assetTxs
I0304 16:57:09.983773   44890 rocksdb_coordinatetype.go:552] ASSET-DEBUG processAssetsCoordinateType: block=407 txs=1
I0304 16:57:09.983776   44890 rocksdb_coordinatetype.go:731] ASSET-DEBUG Phase3: 0 affected pairs, 0 assetTxs
I0304 16:57:09.983827   44890 rocksdb_coordinatetype.go:552] ASSET-DEBUG processAssetsCoordinateType: block=408 txs=1
I0304 16:57:09.983829   44890 rocksdb_coordinatetype.go:731] ASSET-DEBUG Phase3: 0 affected pairs, 0 assetTxs
I0304 16:57:09.983990   44890 rocksdb_coordinatetype.go:552] ASSET-DEBUG processAssetsCoordinateType: block=409 txs=1
I0304 16:57:09.983993   44890 rocksdb_coordinatetype.go:731] ASSET-DEBUG Phase3: 0 affected pairs, 0 assetTxs
I0304 16:57:09.984000   44890 rocksdb_coordinatetype.go:552] ASSET-DEBUG processAssetsCoordinateType: block=410 txs=1
I0304 16:57:09.984002   44890 rocksdb_coordinatetype.go:731] ASSET-DEBUG Phase3: 0 affected pairs, 0 assetTxs
I0304 16:57:09.984291   44890 rocksdb_coordinatetype.go:552] ASSET-DEBUG processAssetsCoordinateType: block=411 txs=1
I0304 16:57:09.984294   44890 rocksdb_coordinatetype.go:731] ASSET-DEBUG Phase3: 0 affected pairs, 0 assetTxs
I0304 16:57:09.984304   44890 rocksdb_coordinatetype.go:552] ASSET-DEBUG processAssetsCoordinateType: block=412 txs=1
I0304 16:57:09.984306   44890 rocksdb_coordinatetype.go:731] ASSET-DEBUG Phase3: 0 affected pairs, 0 assetTxs
I0304 16:57:09.984314   44890 rocksdb_coordinatetype.go:552] ASSET-DEBUG processAssetsCoordinateType: block=413 txs=1
I0304 16:57:09.984315   44890 rocksdb_coordinatetype.go:731] ASSET-DEBUG Phase3: 0 affected pairs, 0 assetTxs
I0304 16:57:09.984405   44890 rocksdb_coordinatetype.go:552] ASSET-DEBUG processAssetsCoordinateType: block=414 txs=1
I0304 16:57:09.984413   44890 rocksdb_coordinatetype.go:731] ASSET-DEBUG Phase3: 0 affected pairs, 0 assetTxs
I0304 16:57:09.984474   44890 rocksdb_coordinatetype.go:552] ASSET-DEBUG processAssetsCoordinateType: block=415 txs=1
I0304 16:57:09.984482   44890 rocksdb_coordinatetype.go:731] ASSET-DEBUG Phase3: 0 affected pairs, 0 assetTxs
I0304 16:57:09.984648   44890 rocksdb_coordinatetype.go:552] ASSET-DEBUG processAssetsCoordinateType: block=416 txs=1
I0304 16:57:09.984655   44890 rocksdb_coordinatetype.go:731] ASSET-DEBUG Phase3: 0 affected pairs, 0 assetTxs
I0304 16:57:09.984895   44890 rocksdb_coordinatetype.go:552] ASSET-DEBUG processAssetsCoordinateType: block=417 txs=1
I0304 16:57:09.984901   44890 rocksdb_coordinatetype.go:731] ASSET-DEBUG Phase3: 0 affected pairs, 0 assetTxs
I0304 16:57:09.984964   44890 rocksdb_coordinatetype.go:552] ASSET-DEBUG processAssetsCoordinateType: block=418 txs=1
I0304 16:57:09.984968   44890 rocksdb_coordinatetype.go:731] ASSET-DEBUG Phase3: 0 affected pairs, 0 assetTxs
I0304 16:57:09.985260   44890 rocksdb_coordinatetype.go:552] ASSET-DEBUG processAssetsCoordinateType: block=419 txs=1
I0304 16:57:09.985269   44890 rocksdb_coordinatetype.go:731] ASSET-DEBUG Phase3: 0 affected pairs, 0 assetTxs
I0304 16:57:09.985345   44890 rocksdb_coordinatetype.go:552] ASSET-DEBUG processAssetsCoordinateType: block=420 txs=1
I0304 16:57:09.985351   44890 rocksdb_coordinatetype.go:731] ASSET-DEBUG Phase3: 0 affected pairs, 0 assetTxs
I0304 16:57:09.985497   44890 rocksdb_coordinatetype.go:552] ASSET-DEBUG processAssetsCoordinateType: block=421 txs=1
I0304 16:57:09.985503   44890 rocksdb_coordinatetype.go:731] ASSET-DEBUG Phase3: 0 affected pairs, 0 assetTxs
I0304 16:57:09.985680   44890 rocksdb_coordinatetype.go:552] ASSET-DEBUG processAssetsCoordinateType: block=422 txs=1
I0304 16:57:09.985691   44890 rocksdb_coordinatetype.go:731] ASSET-DEBUG Phase3: 0 affected pairs, 0 assetTxs
I0304 16:57:09.985850   44890 rocksdb_coordinatetype.go:552] ASSET-DEBUG processAssetsCoordinateType: block=423 txs=1
I0304 16:57:09.985855   44890 rocksdb_coordinatetype.go:731] ASSET-DEBUG Phase3: 0 affected pairs, 0 assetTxs
I0304 16:57:09.985951   44890 rocksdb_coordinatetype.go:552] ASSET-DEBUG processAssetsCoordinateType: block=424 txs=1
I0304 16:57:09.985954   44890 rocksdb_coordinatetype.go:731] ASSET-DEBUG Phase3: 0 affected pairs, 0 assetTxs
I0304 16:57:09.986130   44890 rocksdb_coordinatetype.go:552] ASSET-DEBUG processAssetsCoordinateType: block=425 txs=1
I0304 16:57:09.986136   44890 rocksdb_coordinatetype.go:731] ASSET-DEBUG Phase3: 0 affected pairs, 0 assetTxs
I0304 16:57:09.986191   44890 rocksdb_coordinatetype.go:552] ASSET-DEBUG processAssetsCoordinateType: block=426 txs=1
I0304 16:57:09.986195   44890 rocksdb_coordinatetype.go:731] ASSET-DEBUG Phase3: 0 affected pairs, 0 assetTxs
I0304 16:57:09.986459   44890 rocksdb_coordinatetype.go:552] ASSET-DEBUG processAssetsCoordinateType: block=427 txs=1
I0304 16:57:09.986463   44890 rocksdb_coordinatetype.go:731] ASSET-DEBUG Phase3: 0 affected pairs, 0 assetTxs
I0304 16:57:09.986523   44890 rocksdb_coordinatetype.go:552] ASSET-DEBUG processAssetsCoordinateType: block=428 txs=1
I0304 16:57:09.986528   44890 rocksdb_coordinatetype.go:731] ASSET-DEBUG Phase3: 0 affected pairs, 0 assetTxs
I0304 16:57:09.986553   44890 rocksdb_coordinatetype.go:552] ASSET-DEBUG processAssetsCoordinateType: block=429 txs=1
I0304 16:57:09.986557   44890 rocksdb_coordinatetype.go:731] ASSET-DEBUG Phase3: 0 affected pairs, 0 assetTxs
I0304 16:57:09.986661   44890 rocksdb_coordinatetype.go:552] ASSET-DEBUG processAssetsCoordinateType: block=430 txs=1
I0304 16:57:09.986664   44890 rocksdb_coordinatetype.go:731] ASSET-DEBUG Phase3: 0 affected pairs, 0 assetTxs
I0304 16:57:09.986800   44890 rocksdb_coordinatetype.go:552] ASSET-DEBUG processAssetsCoordinateType: block=431 txs=1
I0304 16:57:09.986804   44890 rocksdb_coordinatetype.go:731] ASSET-DEBUG Phase3: 0 affected pairs, 0 assetTxs
I0304 16:57:09.986931   44890 rocksdb_coordinatetype.go:552] ASSET-DEBUG processAssetsCoordinateType: block=432 txs=1
I0304 16:57:09.986936   44890 rocksdb_coordinatetype.go:731] ASSET-DEBUG Phase3: 0 affected pairs, 0 assetTxs
I0304 16:57:09.987106   44890 rocksdb_coordinatetype.go:552] ASSET-DEBUG processAssetsCoordinateType: block=433 txs=1
I0304 16:57:09.987111   44890 rocksdb_coordinatetype.go:731] ASSET-DEBUG Phase3: 0 affected pairs, 0 assetTxs
I0304 16:57:09.987561   44890 rocksdb_coordinatetype.go:552] ASSET-DEBUG processAssetsCoordinateType: block=434 txs=1
I0304 16:57:09.987566   44890 rocksdb_coordinatetype.go:731] ASSET-DEBUG Phase3: 0 affected pairs, 0 assetTxs
I0304 16:57:09.987584   44890 rocksdb_coordinatetype.go:552] ASSET-DEBUG processAssetsCoordinateType: block=435 txs=1
I0304 16:57:09.987586   44890 rocksdb_coordinatetype.go:731] ASSET-DEBUG Phase3: 0 affected pairs, 0 assetTxs
I0304 16:57:09.987752   44890 rocksdb_coordinatetype.go:552] ASSET-DEBUG processAssetsCoordinateType: block=436 txs=1
I0304 16:57:09.987769   44890 rocksdb_coordinatetype.go:731] ASSET-DEBUG Phase3: 0 affected pairs, 0 assetTxs
I0304 16:57:09.987792   44890 rocksdb_coordinatetype.go:552] ASSET-DEBUG processAssetsCoordinateType: block=437 txs=1
I0304 16:57:09.987798   44890 rocksdb_coordinatetype.go:731] ASSET-DEBUG Phase3: 0 affected pairs, 0 assetTxs
I0304 16:57:09.988075   44890 rocksdb_coordinatetype.go:552] ASSET-DEBUG processAssetsCoordinateType: block=438 txs=1
I0304 16:57:09.988077   44890 rocksdb_coordinatetype.go:731] ASSET-DEBUG Phase3: 0 affected pairs, 0 assetTxs
I0304 16:57:09.988157   44890 rocksdb_coordinatetype.go:552] ASSET-DEBUG processAssetsCoordinateType: block=439 txs=1
I0304 16:57:09.988172   44890 rocksdb_coordinatetype.go:731] ASSET-DEBUG Phase3: 0 affected pairs, 0 assetTxs
I0304 16:57:09.988201   44890 rocksdb_coordinatetype.go:552] ASSET-DEBUG processAssetsCoordinateType: block=440 txs=1
I0304 16:57:09.988206   44890 rocksdb_coordinatetype.go:731] ASSET-DEBUG Phase3: 0 affected pairs, 0 assetTxs
I0304 16:57:09.988268   44890 rocksdb_coordinatetype.go:552] ASSET-DEBUG processAssetsCoordinateType: block=441 txs=1
I0304 16:57:09.988271   44890 rocksdb_coordinatetype.go:731] ASSET-DEBUG Phase3: 0 affected pairs, 0 assetTxs
I0304 16:57:09.988349   44890 rocksdb_coordinatetype.go:552] ASSET-DEBUG processAssetsCoordinateType: block=442 txs=1
I0304 16:57:09.988352   44890 rocksdb_coordinatetype.go:731] ASSET-DEBUG Phase3: 0 affected pairs, 0 assetTxs
I0304 16:57:09.988437   44890 rocksdb_coordinatetype.go:552] ASSET-DEBUG processAssetsCoordinateType: block=443 txs=1
I0304 16:57:09.988440   44890 rocksdb_coordinatetype.go:731] ASSET-DEBUG Phase3: 0 affected pairs, 0 assetTxs
I0304 16:57:09.988509   44890 rocksdb_coordinatetype.go:552] ASSET-DEBUG processAssetsCoordinateType: block=444 txs=1
I0304 16:57:09.988511   44890 rocksdb_coordinatetype.go:731] ASSET-DEBUG Phase3: 0 affected pairs, 0 assetTxs
I0304 16:57:09.988609   44890 rocksdb_coordinatetype.go:552] ASSET-DEBUG processAssetsCoordinateType: block=445 txs=1
I0304 16:57:09.988612   44890 rocksdb_coordinatetype.go:731] ASSET-DEBUG Phase3: 0 affected pairs, 0 assetTxs
I0304 16:57:09.988683   44890 rocksdb_coordinatetype.go:552] ASSET-DEBUG processAssetsCoordinateType: block=446 txs=1
I0304 16:57:09.988686   44890 rocksdb_coordinatetype.go:731] ASSET-DEBUG Phase3: 0 affected pairs, 0 assetTxs
I0304 16:57:09.988763   44890 rocksdb_coordinatetype.go:552] ASSET-DEBUG processAssetsCoordinateType: block=447 txs=1
I0304 16:57:09.988766   44890 rocksdb_coordinatetype.go:731] ASSET-DEBUG Phase3: 0 affected pairs, 0 assetTxs
I0304 16:57:09.988858   44890 rocksdb_coordinatetype.go:552] ASSET-DEBUG processAssetsCoordinateType: block=448 txs=1
I0304 16:57:09.988860   44890 rocksdb_coordinatetype.go:731] ASSET-DEBUG Phase3: 0 affected pairs, 0 assetTxs
I0304 16:57:09.988907   44890 rocksdb_coordinatetype.go:552] ASSET-DEBUG processAssetsCoordinateType: block=449 txs=1
I0304 16:57:09.988909   44890 rocksdb_coordinatetype.go:731] ASSET-DEBUG Phase3: 0 affected pairs, 0 assetTxs
I0304 16:57:09.988969   44890 rocksdb_coordinatetype.go:552] ASSET-DEBUG processAssetsCoordinateType: block=450 txs=1
I0304 16:57:09.988971   44890 rocksdb_coordinatetype.go:731] ASSET-DEBUG Phase3: 0 affected pairs, 0 assetTxs
I0304 16:57:09.989059   44890 rocksdb_coordinatetype.go:552] ASSET-DEBUG processAssetsCoordinateType: block=451 txs=1
I0304 16:57:09.989061   44890 rocksdb_coordinatetype.go:731] ASSET-DEBUG Phase3: 0 affected pairs, 0 assetTxs
I0304 16:57:09.989140   44890 rocksdb_coordinatetype.go:552] ASSET-DEBUG processAssetsCoordinateType: block=452 txs=1
I0304 16:57:09.989142   44890 rocksdb_coordinatetype.go:731] ASSET-DEBUG Phase3: 0 affected pairs, 0 assetTxs
I0304 16:57:09.989224   44890 rocksdb_coordinatetype.go:552] ASSET-DEBUG processAssetsCoordinateType: block=453 txs=1
I0304 16:57:09.989226   44890 rocksdb_coordinatetype.go:731] ASSET-DEBUG Phase3: 0 affected pairs, 0 assetTxs
I0304 16:57:09.989272   44890 rocksdb_coordinatetype.go:552] ASSET-DEBUG processAssetsCoordinateType: block=454 txs=1
I0304 16:57:09.989275   44890 rocksdb_coordinatetype.go:731] ASSET-DEBUG Phase3: 0 affected pairs, 0 assetTxs
I0304 16:57:09.989399   44890 rocksdb_coordinatetype.go:552] ASSET-DEBUG processAssetsCoordinateType: block=455 txs=1
I0304 16:57:09.989401   44890 rocksdb_coordinatetype.go:731] ASSET-DEBUG Phase3: 0 affected pairs, 0 assetTxs
I0304 16:57:09.989415   44890 rocksdb_coordinatetype.go:552] ASSET-DEBUG processAssetsCoordinateType: block=456 txs=1
I0304 16:57:09.989418   44890 rocksdb_coordinatetype.go:731] ASSET-DEBUG Phase3: 0 affected pairs, 0 assetTxs
I0304 16:57:09.989494   44890 rocksdb_coordinatetype.go:552] ASSET-DEBUG processAssetsCoordinateType: block=457 txs=1
I0304 16:57:09.989496   44890 rocksdb_coordinatetype.go:731] ASSET-DEBUG Phase3: 0 affected pairs, 0 assetTxs
I0304 16:57:09.989590   44890 rocksdb_coordinatetype.go:552] ASSET-DEBUG processAssetsCoordinateType: block=458 txs=1
I0304 16:57:09.989593   44890 rocksdb_coordinatetype.go:731] ASSET-DEBUG Phase3: 0 affected pairs, 0 assetTxs
I0304 16:57:09.989663   44890 rocksdb_coordinatetype.go:552] ASSET-DEBUG processAssetsCoordinateType: block=459 txs=1
I0304 16:57:09.989665   44890 rocksdb_coordinatetype.go:731] ASSET-DEBUG Phase3: 0 affected pairs, 0 assetTxs
I0304 16:57:09.989721   44890 rocksdb_coordinatetype.go:552] ASSET-DEBUG processAssetsCoordinateType: block=460 txs=1
I0304 16:57:09.989724   44890 rocksdb_coordinatetype.go:731] ASSET-DEBUG Phase3: 0 affected pairs, 0 assetTxs
I0304 16:57:09.989810   44890 rocksdb_coordinatetype.go:552] ASSET-DEBUG processAssetsCoordinateType: block=461 txs=1
I0304 16:57:09.989812   44890 rocksdb_coordinatetype.go:731] ASSET-DEBUG Phase3: 0 affected pairs, 0 assetTxs
I0304 16:57:09.989884   44890 rocksdb_coordinatetype.go:552] ASSET-DEBUG processAssetsCoordinateType: block=462 txs=1
I0304 16:57:09.989887   44890 rocksdb_coordinatetype.go:731] ASSET-DEBUG Phase3: 0 affected pairs, 0 assetTxs
I0304 16:57:09.989946   44890 rocksdb_coordinatetype.go:552] ASSET-DEBUG processAssetsCoordinateType: block=463 txs=1
I0304 16:57:09.989948   44890 rocksdb_coordinatetype.go:731] ASSET-DEBUG Phase3: 0 affected pairs, 0 assetTxs
I0304 16:57:09.990073   44890 rocksdb_coordinatetype.go:552] ASSET-DEBUG processAssetsCoordinateType: block=464 txs=1
I0304 16:57:09.990075   44890 rocksdb_coordinatetype.go:731] ASSET-DEBUG Phase3: 0 affected pairs, 0 assetTxs
I0304 16:57:09.990106   44890 rocksdb_coordinatetype.go:552] ASSET-DEBUG processAssetsCoordinateType: block=465 txs=1
I0304 16:57:09.990109   44890 rocksdb_coordinatetype.go:731] ASSET-DEBUG Phase3: 0 affected pairs, 0 assetTxs
I0304 16:57:09.990202   44890 rocksdb_coordinatetype.go:552] ASSET-DEBUG processAssetsCoordinateType: block=466 txs=1
I0304 16:57:09.990204   44890 rocksdb_coordinatetype.go:731] ASSET-DEBUG Phase3: 0 affected pairs, 0 assetTxs
I0304 16:57:09.990265   44890 rocksdb_coordinatetype.go:552] ASSET-DEBUG processAssetsCoordinateType: block=467 txs=1
I0304 16:57:09.990267   44890 rocksdb_coordinatetype.go:731] ASSET-DEBUG Phase3: 0 affected pairs, 0 assetTxs
I0304 16:57:09.990302   44890 rocksdb_coordinatetype.go:552] ASSET-DEBUG processAssetsCoordinateType: block=468 txs=1
I0304 16:57:09.990304   44890 rocksdb_coordinatetype.go:731] ASSET-DEBUG Phase3: 0 affected pairs, 0 assetTxs
I0304 16:57:09.990396   44890 rocksdb_coordinatetype.go:552] ASSET-DEBUG processAssetsCoordinateType: block=469 txs=1
I0304 16:57:09.990398   44890 rocksdb_coordinatetype.go:731] ASSET-DEBUG Phase3: 0 affected pairs, 0 assetTxs
I0304 16:57:09.990459   44890 rocksdb_coordinatetype.go:552] ASSET-DEBUG processAssetsCoordinateType: block=470 txs=1
I0304 16:57:09.990462   44890 rocksdb_coordinatetype.go:731] ASSET-DEBUG Phase3: 0 affected pairs, 0 assetTxs
I0304 16:57:09.990604   44890 rocksdb_coordinatetype.go:552] ASSET-DEBUG processAssetsCoordinateType: block=471 txs=1
I0304 16:57:09.990606   44890 rocksdb_coordinatetype.go:731] ASSET-DEBUG Phase3: 0 affected pairs, 0 assetTxs
I0304 16:57:09.990646   44890 rocksdb_coordinatetype.go:552] ASSET-DEBUG processAssetsCoordinateType: block=472 txs=1
I0304 16:57:09.990652   44890 rocksdb_coordinatetype.go:731] ASSET-DEBUG Phase3: 0 affected pairs, 0 assetTxs
I0304 16:57:09.990678   44890 rocksdb_coordinatetype.go:552] ASSET-DEBUG processAssetsCoordinateType: block=473 txs=1
I0304 16:57:09.990681   44890 rocksdb_coordinatetype.go:731] ASSET-DEBUG Phase3: 0 affected pairs, 0 assetTxs
I0304 16:57:09.990779   44890 rocksdb_coordinatetype.go:552] ASSET-DEBUG processAssetsCoordinateType: block=474 txs=1
I0304 16:57:09.990781   44890 rocksdb_coordinatetype.go:731] ASSET-DEBUG Phase3: 0 affected pairs, 0 assetTxs
I0304 16:57:09.990864   44890 rocksdb_coordinatetype.go:552] ASSET-DEBUG processAssetsCoordinateType: block=475 txs=1
I0304 16:57:09.990866   44890 rocksdb_coordinatetype.go:731] ASSET-DEBUG Phase3: 0 affected pairs, 0 assetTxs
I0304 16:57:09.990995   44890 rocksdb_coordinatetype.go:552] ASSET-DEBUG processAssetsCoordinateType: block=476 txs=1
I0304 16:57:09.990997   44890 rocksdb_coordinatetype.go:731] ASSET-DEBUG Phase3: 0 affected pairs, 0 assetTxs
I0304 16:57:09.991077   44890 rocksdb_coordinatetype.go:552] ASSET-DEBUG processAssetsCoordinateType: block=477 txs=1
I0304 16:57:09.991079   44890 rocksdb_coordinatetype.go:731] ASSET-DEBUG Phase3: 0 affected pairs, 0 assetTxs
I0304 16:57:09.991086   44890 rocksdb_coordinatetype.go:552] ASSET-DEBUG processAssetsCoordinateType: block=478 txs=1
I0304 16:57:09.991087   44890 rocksdb_coordinatetype.go:731] ASSET-DEBUG Phase3: 0 affected pairs, 0 assetTxs
I0304 16:57:09.991120   44890 rocksdb_coordinatetype.go:552] ASSET-DEBUG processAssetsCoordinateType: block=479 txs=1
I0304 16:57:09.991122   44890 rocksdb_coordinatetype.go:731] ASSET-DEBUG Phase3: 0 affected pairs, 0 assetTxs
I0304 16:57:09.991199   44890 rocksdb_coordinatetype.go:552] ASSET-DEBUG processAssetsCoordinateType: block=480 txs=1
I0304 16:57:09.991201   44890 rocksdb_coordinatetype.go:731] ASSET-DEBUG Phase3: 0 affected pairs, 0 assetTxs
I0304 16:57:09.991326   44890 rocksdb_coordinatetype.go:552] ASSET-DEBUG processAssetsCoordinateType: block=481 txs=1
I0304 16:57:09.991328   44890 rocksdb_coordinatetype.go:731] ASSET-DEBUG Phase3: 0 affected pairs, 0 assetTxs
I0304 16:57:09.991387   44890 rocksdb_coordinatetype.go:552] ASSET-DEBUG processAssetsCoordinateType: block=482 txs=1
I0304 16:57:09.991389   44890 rocksdb_coordinatetype.go:731] ASSET-DEBUG Phase3: 0 affected pairs, 0 assetTxs
I0304 16:57:09.991415   44890 rocksdb_coordinatetype.go:552] ASSET-DEBUG processAssetsCoordinateType: block=483 txs=1
I0304 16:57:09.991418   44890 rocksdb_coordinatetype.go:731] ASSET-DEBUG Phase3: 0 affected pairs, 0 assetTxs
I0304 16:57:09.991610   44890 rocksdb_coordinatetype.go:552] ASSET-DEBUG processAssetsCoordinateType: block=484 txs=1
I0304 16:57:09.991613   44890 rocksdb_coordinatetype.go:731] ASSET-DEBUG Phase3: 0 affected pairs, 0 assetTxs
I0304 16:57:09.991672   44890 rocksdb_coordinatetype.go:552] ASSET-DEBUG processAssetsCoordinateType: block=485 txs=1
I0304 16:57:09.991676   44890 rocksdb_coordinatetype.go:731] ASSET-DEBUG Phase3: 0 affected pairs, 0 assetTxs
I0304 16:57:09.991755   44890 rocksdb_coordinatetype.go:552] ASSET-DEBUG processAssetsCoordinateType: block=486 txs=1
I0304 16:57:09.991768   44890 rocksdb_coordinatetype.go:731] ASSET-DEBUG Phase3: 0 affected pairs, 0 assetTxs
I0304 16:57:09.991840   44890 rocksdb_coordinatetype.go:552] ASSET-DEBUG processAssetsCoordinateType: block=487 txs=1
I0304 16:57:09.991843   44890 rocksdb_coordinatetype.go:731] ASSET-DEBUG Phase3: 0 affected pairs, 0 assetTxs
I0304 16:57:09.991963   44890 rocksdb_coordinatetype.go:552] ASSET-DEBUG processAssetsCoordinateType: block=488 txs=1
I0304 16:57:09.991966   44890 rocksdb_coordinatetype.go:731] ASSET-DEBUG Phase3: 0 affected pairs, 0 assetTxs
I0304 16:57:09.992013   44890 rocksdb_coordinatetype.go:552] ASSET-DEBUG processAssetsCoordinateType: block=489 txs=1
I0304 16:57:09.992015   44890 rocksdb_coordinatetype.go:731] ASSET-DEBUG Phase3: 0 affected pairs, 0 assetTxs
I0304 16:57:09.992110   44890 rocksdb_coordinatetype.go:552] ASSET-DEBUG processAssetsCoordinateType: block=490 txs=1
I0304 16:57:09.992112   44890 rocksdb_coordinatetype.go:731] ASSET-DEBUG Phase3: 0 affected pairs, 0 assetTxs
I0304 16:57:09.992151   44890 rocksdb_coordinatetype.go:552] ASSET-DEBUG processAssetsCoordinateType: block=491 txs=1
I0304 16:57:09.992155   44890 rocksdb_coordinatetype.go:731] ASSET-DEBUG Phase3: 0 affected pairs, 0 assetTxs
I0304 16:57:09.992245   44890 rocksdb_coordinatetype.go:552] ASSET-DEBUG processAssetsCoordinateType: block=492 txs=1
I0304 16:57:09.992248   44890 rocksdb_coordinatetype.go:731] ASSET-DEBUG Phase3: 0 affected pairs, 0 assetTxs
I0304 16:57:09.992342   44890 rocksdb_coordinatetype.go:552] ASSET-DEBUG processAssetsCoordinateType: block=493 txs=1
I0304 16:57:09.992344   44890 rocksdb_coordinatetype.go:731] ASSET-DEBUG Phase3: 0 affected pairs, 0 assetTxs
I0304 16:57:09.992389   44890 rocksdb_coordinatetype.go:552] ASSET-DEBUG processAssetsCoordinateType: block=494 txs=1
I0304 16:57:09.992392   44890 rocksdb_coordinatetype.go:731] ASSET-DEBUG Phase3: 0 affected pairs, 0 assetTxs
I0304 16:57:09.992471   44890 rocksdb_coordinatetype.go:552] ASSET-DEBUG processAssetsCoordinateType: block=495 txs=1
I0304 16:57:09.992474   44890 rocksdb_coordinatetype.go:731] ASSET-DEBUG Phase3: 0 affected pairs, 0 assetTxs
I0304 16:57:09.992623   44890 rocksdb_coordinatetype.go:552] ASSET-DEBUG processAssetsCoordinateType: block=496 txs=1
I0304 16:57:09.992627   44890 rocksdb_coordinatetype.go:731] ASSET-DEBUG Phase3: 0 affected pairs, 0 assetTxs
I0304 16:57:09.992684   44890 rocksdb_coordinatetype.go:552] ASSET-DEBUG processAssetsCoordinateType: block=497 txs=1
I0304 16:57:09.992686   44890 rocksdb_coordinatetype.go:731] ASSET-DEBUG Phase3: 0 affected pairs, 0 assetTxs
I0304 16:57:09.992777   44890 rocksdb_coordinatetype.go:552] ASSET-DEBUG processAssetsCoordinateType: block=498 txs=1
I0304 16:57:09.992797   44890 rocksdb_coordinatetype.go:731] ASSET-DEBUG Phase3: 0 affected pairs, 0 assetTxs
I0304 16:57:09.992847   44890 rocksdb_coordinatetype.go:552] ASSET-DEBUG processAssetsCoordinateType: block=499 txs=1
I0304 16:57:09.992850   44890 rocksdb_coordinatetype.go:731] ASSET-DEBUG Phase3: 0 affected pairs, 0 assetTxs
I0304 16:57:09.992914   44890 rocksdb_coordinatetype.go:552] ASSET-DEBUG processAssetsCoordinateType: block=500 txs=1
I0304 16:57:09.992916   44890 rocksdb_coordinatetype.go:731] ASSET-DEBUG Phase3: 0 affected pairs, 0 assetTxs
I0304 16:57:09.992953   44890 rocksdb_coordinatetype.go:552] ASSET-DEBUG processAssetsCoordinateType: block=501 txs=1
I0304 16:57:09.992955   44890 rocksdb_coordinatetype.go:731] ASSET-DEBUG Phase3: 0 affected pairs, 0 assetTxs
I0304 16:57:09.993188   44890 rocksdb_coordinatetype.go:552] ASSET-DEBUG processAssetsCoordinateType: block=502 txs=1
I0304 16:57:09.993190   44890 rocksdb_coordinatetype.go:731] ASSET-DEBUG Phase3: 0 affected pairs, 0 assetTxs
I0304 16:57:09.993201   44890 rocksdb_coordinatetype.go:552] ASSET-DEBUG processAssetsCoordinateType: block=503 txs=1
I0304 16:57:09.993203   44890 rocksdb_coordinatetype.go:731] ASSET-DEBUG Phase3: 0 affected pairs, 0 assetTxs
I0304 16:57:09.993265   44890 rocksdb_coordinatetype.go:552] ASSET-DEBUG processAssetsCoordinateType: block=504 txs=1
I0304 16:57:09.993270   44890 rocksdb_coordinatetype.go:731] ASSET-DEBUG Phase3: 0 affected pairs, 0 assetTxs
I0304 16:57:09.993303   44890 rocksdb_coordinatetype.go:552] ASSET-DEBUG processAssetsCoordinateType: block=505 txs=1
I0304 16:57:09.993306   44890 rocksdb_coordinatetype.go:731] ASSET-DEBUG Phase3: 0 affected pairs, 0 assetTxs
I0304 16:57:09.993380   44890 rocksdb_coordinatetype.go:552] ASSET-DEBUG processAssetsCoordinateType: block=506 txs=1
I0304 16:57:09.993382   44890 rocksdb_coordinatetype.go:731] ASSET-DEBUG Phase3: 0 affected pairs, 0 assetTxs
I0304 16:57:09.993704   44890 rocksdb_coordinatetype.go:552] ASSET-DEBUG processAssetsCoordinateType: block=507 txs=1
I0304 16:57:09.993709   44890 rocksdb_coordinatetype.go:731] ASSET-DEBUG Phase3: 0 affected pairs, 0 assetTxs
I0304 16:57:09.993833   44890 rocksdb_coordinatetype.go:552] ASSET-DEBUG processAssetsCoordinateType: block=508 txs=1
I0304 16:57:09.993837   44890 rocksdb_coordinatetype.go:731] ASSET-DEBUG Phase3: 0 affected pairs, 0 assetTxs
I0304 16:57:09.993853   44890 rocksdb_coordinatetype.go:552] ASSET-DEBUG processAssetsCoordinateType: block=509 txs=1
I0304 16:57:09.993856   44890 rocksdb_coordinatetype.go:731] ASSET-DEBUG Phase3: 0 affected pairs, 0 assetTxs
I0304 16:57:09.993940   44890 rocksdb_coordinatetype.go:552] ASSET-DEBUG processAssetsCoordinateType: block=510 txs=1
I0304 16:57:09.993946   44890 rocksdb_coordinatetype.go:731] ASSET-DEBUG Phase3: 0 affected pairs, 0 assetTxs
I0304 16:57:09.994063   44890 rocksdb_coordinatetype.go:552] ASSET-DEBUG processAssetsCoordinateType: block=511 txs=1
I0304 16:57:09.994068   44890 rocksdb_coordinatetype.go:731] ASSET-DEBUG Phase3: 0 affected pairs, 0 assetTxs
I0304 16:57:09.994104   44890 rocksdb_coordinatetype.go:552] ASSET-DEBUG processAssetsCoordinateType: block=512 txs=1
I0304 16:57:09.994113   44890 rocksdb_coordinatetype.go:731] ASSET-DEBUG Phase3: 0 affected pairs, 0 assetTxs
I0304 16:57:09.994340   44890 rocksdb_coordinatetype.go:552] ASSET-DEBUG processAssetsCoordinateType: block=513 txs=1
I0304 16:57:09.994347   44890 rocksdb_coordinatetype.go:731] ASSET-DEBUG Phase3: 0 affected pairs, 0 assetTxs
I0304 16:57:09.994559   44890 rocksdb_coordinatetype.go:552] ASSET-DEBUG processAssetsCoordinateType: block=514 txs=1
I0304 16:57:09.994565   44890 rocksdb_coordinatetype.go:731] ASSET-DEBUG Phase3: 0 affected pairs, 0 assetTxs
I0304 16:57:09.994721   44890 rocksdb_coordinatetype.go:552] ASSET-DEBUG processAssetsCoordinateType: block=515 txs=1
I0304 16:57:09.994725   44890 rocksdb_coordinatetype.go:731] ASSET-DEBUG Phase3: 0 affected pairs, 0 assetTxs
I0304 16:57:09.994737   44890 rocksdb_coordinatetype.go:552] ASSET-DEBUG processAssetsCoordinateType: block=516 txs=1
I0304 16:57:09.994738   44890 rocksdb_coordinatetype.go:731] ASSET-DEBUG Phase3: 0 affected pairs, 0 assetTxs
I0304 16:57:09.994912   44890 rocksdb_coordinatetype.go:552] ASSET-DEBUG processAssetsCoordinateType: block=517 txs=1
I0304 16:57:09.994918   44890 rocksdb_coordinatetype.go:731] ASSET-DEBUG Phase3: 0 affected pairs, 0 assetTxs
I0304 16:57:09.994938   44890 rocksdb_coordinatetype.go:552] ASSET-DEBUG processAssetsCoordinateType: block=518 txs=1
I0304 16:57:09.994941   44890 rocksdb_coordinatetype.go:731] ASSET-DEBUG Phase3: 0 affected pairs, 0 assetTxs
I0304 16:57:09.995137   44890 rocksdb_coordinatetype.go:552] ASSET-DEBUG processAssetsCoordinateType: block=519 txs=1
I0304 16:57:09.995140   44890 rocksdb_coordinatetype.go:731] ASSET-DEBUG Phase3: 0 affected pairs, 0 assetTxs
I0304 16:57:09.995153   44890 rocksdb_coordinatetype.go:552] ASSET-DEBUG processAssetsCoordinateType: block=520 txs=1
I0304 16:57:09.995154   44890 rocksdb_coordinatetype.go:731] ASSET-DEBUG Phase3: 0 affected pairs, 0 assetTxs
I0304 16:57:09.995164   44890 rocksdb_coordinatetype.go:552] ASSET-DEBUG processAssetsCoordinateType: block=521 txs=1
I0304 16:57:09.995166   44890 rocksdb_coordinatetype.go:731] ASSET-DEBUG Phase3: 0 affected pairs, 0 assetTxs
I0304 16:57:09.995421   44890 rocksdb_coordinatetype.go:552] ASSET-DEBUG processAssetsCoordinateType: block=522 txs=1
I0304 16:57:09.995428   44890 rocksdb_coordinatetype.go:731] ASSET-DEBUG Phase3: 0 affected pairs, 0 assetTxs
I0304 16:57:09.995504   44890 rocksdb_coordinatetype.go:552] ASSET-DEBUG processAssetsCoordinateType: block=523 txs=1
I0304 16:57:09.995508   44890 rocksdb_coordinatetype.go:731] ASSET-DEBUG Phase3: 0 affected pairs, 0 assetTxs
I0304 16:57:09.995653   44890 rocksdb_coordinatetype.go:552] ASSET-DEBUG processAssetsCoordinateType: block=524 txs=1
I0304 16:57:09.995657   44890 rocksdb_coordinatetype.go:731] ASSET-DEBUG Phase3: 0 affected pairs, 0 assetTxs
I0304 16:57:09.995888   44890 rocksdb_coordinatetype.go:552] ASSET-DEBUG processAssetsCoordinateType: block=525 txs=1
I0304 16:57:09.995893   44890 rocksdb_coordinatetype.go:731] ASSET-DEBUG Phase3: 0 affected pairs, 0 assetTxs
I0304 16:57:09.995921   44890 rocksdb_coordinatetype.go:552] ASSET-DEBUG processAssetsCoordinateType: block=526 txs=1
I0304 16:57:09.995924   44890 rocksdb_coordinatetype.go:731] ASSET-DEBUG Phase3: 0 affected pairs, 0 assetTxs
I0304 16:57:09.996084   44890 rocksdb_coordinatetype.go:552] ASSET-DEBUG processAssetsCoordinateType: block=527 txs=1
I0304 16:57:09.996090   44890 rocksdb_coordinatetype.go:731] ASSET-DEBUG Phase3: 0 affected pairs, 0 assetTxs
I0304 16:57:09.996346   44890 rocksdb_coordinatetype.go:552] ASSET-DEBUG processAssetsCoordinateType: block=528 txs=1
I0304 16:57:09.996353   44890 rocksdb_coordinatetype.go:731] ASSET-DEBUG Phase3: 0 affected pairs, 0 assetTxs
I0304 16:57:09.996376   44890 rocksdb_coordinatetype.go:552] ASSET-DEBUG processAssetsCoordinateType: block=529 txs=1
I0304 16:57:09.996383   44890 rocksdb_coordinatetype.go:731] ASSET-DEBUG Phase3: 0 affected pairs, 0 assetTxs
I0304 16:57:09.996405   44890 rocksdb_coordinatetype.go:552] ASSET-DEBUG processAssetsCoordinateType: block=530 txs=1
I0304 16:57:09.996409   44890 rocksdb_coordinatetype.go:731] ASSET-DEBUG Phase3: 0 affected pairs, 0 assetTxs
I0304 16:57:09.996653   44890 rocksdb_coordinatetype.go:552] ASSET-DEBUG processAssetsCoordinateType: block=531 txs=1
I0304 16:57:09.996681   44890 rocksdb_coordinatetype.go:731] ASSET-DEBUG Phase3: 0 affected pairs, 0 assetTxs
I0304 16:57:09.996847   44890 rocksdb_coordinatetype.go:552] ASSET-DEBUG processAssetsCoordinateType: block=532 txs=1
I0304 16:57:09.996850   44890 rocksdb_coordinatetype.go:731] ASSET-DEBUG Phase3: 0 affected pairs, 0 assetTxs
I0304 16:57:09.996904   44890 rocksdb_coordinatetype.go:552] ASSET-DEBUG processAssetsCoordinateType: block=533 txs=1
I0304 16:57:09.996906   44890 rocksdb_coordinatetype.go:731] ASSET-DEBUG Phase3: 0 affected pairs, 0 assetTxs
I0304 16:57:09.997041   44890 rocksdb_coordinatetype.go:552] ASSET-DEBUG processAssetsCoordinateType: block=534 txs=1
I0304 16:57:09.997047   44890 rocksdb_coordinatetype.go:731] ASSET-DEBUG Phase3: 0 affected pairs, 0 assetTxs
I0304 16:57:09.997199   44890 rocksdb_coordinatetype.go:552] ASSET-DEBUG processAssetsCoordinateType: block=535 txs=1
I0304 16:57:09.997203   44890 rocksdb_coordinatetype.go:731] ASSET-DEBUG Phase3: 0 affected pairs, 0 assetTxs
I0304 16:57:09.997437   44890 rocksdb_coordinatetype.go:552] ASSET-DEBUG processAssetsCoordinateType: block=536 txs=1
I0304 16:57:09.997442   44890 rocksdb_coordinatetype.go:731] ASSET-DEBUG Phase3: 0 affected pairs, 0 assetTxs
I0304 16:57:09.997461   44890 rocksdb_coordinatetype.go:552] ASSET-DEBUG processAssetsCoordinateType: block=537 txs=1
I0304 16:57:09.997465   44890 rocksdb_coordinatetype.go:731] ASSET-DEBUG Phase3: 0 affected pairs, 0 assetTxs
I0304 16:57:09.997569   44890 rocksdb_coordinatetype.go:552] ASSET-DEBUG processAssetsCoordinateType: block=538 txs=1
I0304 16:57:09.997574   44890 rocksdb_coordinatetype.go:731] ASSET-DEBUG Phase3: 0 affected pairs, 0 assetTxs
I0304 16:57:09.997640   44890 rocksdb_coordinatetype.go:552] ASSET-DEBUG processAssetsCoordinateType: block=539 txs=1
I0304 16:57:09.997645   44890 rocksdb_coordinatetype.go:731] ASSET-DEBUG Phase3: 0 affected pairs, 0 assetTxs
I0304 16:57:09.997760   44890 rocksdb_coordinatetype.go:552] ASSET-DEBUG processAssetsCoordinateType: block=540 txs=1
I0304 16:57:09.997766   44890 rocksdb_coordinatetype.go:731] ASSET-DEBUG Phase3: 0 affected pairs, 0 assetTxs
I0304 16:57:09.997895   44890 rocksdb_coordinatetype.go:552] ASSET-DEBUG processAssetsCoordinateType: block=541 txs=1
I0304 16:57:09.997899   44890 rocksdb_coordinatetype.go:731] ASSET-DEBUG Phase3: 0 affected pairs, 0 assetTxs
I0304 16:57:09.998173   44890 rocksdb_coordinatetype.go:552] ASSET-DEBUG processAssetsCoordinateType: block=542 txs=1
I0304 16:57:09.998181   44890 rocksdb_coordinatetype.go:731] ASSET-DEBUG Phase3: 0 affected pairs, 0 assetTxs
I0304 16:57:09.998200   44890 rocksdb_coordinatetype.go:552] ASSET-DEBUG processAssetsCoordinateType: block=543 txs=1
I0304 16:57:09.998202   44890 rocksdb_coordinatetype.go:731] ASSET-DEBUG Phase3: 0 affected pairs, 0 assetTxs
I0304 16:57:09.998242   44890 rocksdb_coordinatetype.go:552] ASSET-DEBUG processAssetsCoordinateType: block=544 txs=1
I0304 16:57:09.998246   44890 rocksdb_coordinatetype.go:731] ASSET-DEBUG Phase3: 0 affected pairs, 0 assetTxs
I0304 16:57:09.998700   44890 rocksdb_coordinatetype.go:552] ASSET-DEBUG processAssetsCoordinateType: block=545 txs=1
I0304 16:57:09.998704   44890 rocksdb_coordinatetype.go:731] ASSET-DEBUG Phase3: 0 affected pairs, 0 assetTxs
I0304 16:57:09.998721   44890 rocksdb_coordinatetype.go:552] ASSET-DEBUG processAssetsCoordinateType: block=546 txs=1
I0304 16:57:09.998722   44890 rocksdb_coordinatetype.go:731] ASSET-DEBUG Phase3: 0 affected pairs, 0 assetTxs
I0304 16:57:09.998731   44890 rocksdb_coordinatetype.go:552] ASSET-DEBUG processAssetsCoordinateType: block=547 txs=1
I0304 16:57:09.998732   44890 rocksdb_coordinatetype.go:731] ASSET-DEBUG Phase3: 0 affected pairs, 0 assetTxs
I0304 16:57:09.998833   44890 rocksdb_coordinatetype.go:552] ASSET-DEBUG processAssetsCoordinateType: block=548 txs=1
I0304 16:57:09.998836   44890 rocksdb_coordinatetype.go:731] ASSET-DEBUG Phase3: 0 affected pairs, 0 assetTxs
I0304 16:57:09.999034   44890 rocksdb_coordinatetype.go:552] ASSET-DEBUG processAssetsCoordinateType: block=549 txs=1
I0304 16:57:09.999037   44890 rocksdb_coordinatetype.go:731] ASSET-DEBUG Phase3: 0 affected pairs, 0 assetTxs
I0304 16:57:09.999091   44890 rocksdb_coordinatetype.go:552] ASSET-DEBUG processAssetsCoordinateType: block=550 txs=1
I0304 16:57:09.999093   44890 rocksdb_coordinatetype.go:731] ASSET-DEBUG Phase3: 0 affected pairs, 0 assetTxs
I0304 16:57:09.999134   44890 rocksdb_coordinatetype.go:552] ASSET-DEBUG processAssetsCoordinateType: block=551 txs=1
I0304 16:57:09.999137   44890 rocksdb_coordinatetype.go:731] ASSET-DEBUG Phase3: 0 affected pairs, 0 assetTxs
I0304 16:57:09.999187   44890 rocksdb_coordinatetype.go:552] ASSET-DEBUG processAssetsCoordinateType: block=552 txs=1
I0304 16:57:09.999194   44890 rocksdb_coordinatetype.go:731] ASSET-DEBUG Phase3: 0 affected pairs, 0 assetTxs
I0304 16:57:09.999391   44890 rocksdb_coordinatetype.go:552] ASSET-DEBUG processAssetsCoordinateType: block=553 txs=1
I0304 16:57:09.999394   44890 rocksdb_coordinatetype.go:731] ASSET-DEBUG Phase3: 0 affected pairs, 0 assetTxs
I0304 16:57:09.999563   44890 rocksdb_coordinatetype.go:552] ASSET-DEBUG processAssetsCoordinateType: block=554 txs=1
I0304 16:57:09.999566   44890 rocksdb_coordinatetype.go:731] ASSET-DEBUG Phase3: 0 affected pairs, 0 assetTxs
I0304 16:57:09.999575   44890 rocksdb_coordinatetype.go:552] ASSET-DEBUG processAssetsCoordinateType: block=555 txs=1
I0304 16:57:09.999577   44890 rocksdb_coordinatetype.go:731] ASSET-DEBUG Phase3: 0 affected pairs, 0 assetTxs
I0304 16:57:09.999635   44890 rocksdb_coordinatetype.go:552] ASSET-DEBUG processAssetsCoordinateType: block=556 txs=1
I0304 16:57:09.999642   44890 rocksdb_coordinatetype.go:731] ASSET-DEBUG Phase3: 0 affected pairs, 0 assetTxs
I0304 16:57:09.999927   44890 rocksdb_coordinatetype.go:552] ASSET-DEBUG processAssetsCoordinateType: block=557 txs=1
I0304 16:57:09.999929   44890 rocksdb_coordinatetype.go:731] ASSET-DEBUG Phase3: 0 affected pairs, 0 assetTxs
I0304 16:57:09.999938   44890 rocksdb_coordinatetype.go:552] ASSET-DEBUG processAssetsCoordinateType: block=558 txs=1
I0304 16:57:09.999939   44890 rocksdb_coordinatetype.go:731] ASSET-DEBUG Phase3: 0 affected pairs, 0 assetTxs
I0304 16:57:10.000159   44890 rocksdb_coordinatetype.go:552] ASSET-DEBUG processAssetsCoordinateType: block=559 txs=1
I0304 16:57:10.000162   44890 rocksdb_coordinatetype.go:731] ASSET-DEBUG Phase3: 0 affected pairs, 0 assetTxs
I0304 16:57:10.000173   44890 rocksdb_coordinatetype.go:552] ASSET-DEBUG processAssetsCoordinateType: block=560 txs=1
I0304 16:57:10.000175   44890 rocksdb_coordinatetype.go:731] ASSET-DEBUG Phase3: 0 affected pairs, 0 assetTxs
I0304 16:57:10.000326   44890 rocksdb_coordinatetype.go:552] ASSET-DEBUG processAssetsCoordinateType: block=561 txs=1
I0304 16:57:10.000329   44890 rocksdb_coordinatetype.go:731] ASSET-DEBUG Phase3: 0 affected pairs, 0 assetTxs
I0304 16:57:10.000420   44890 rocksdb_coordinatetype.go:552] ASSET-DEBUG processAssetsCoordinateType: block=562 txs=1
I0304 16:57:10.000423   44890 rocksdb_coordinatetype.go:731] ASSET-DEBUG Phase3: 0 affected pairs, 0 assetTxs
I0304 16:57:10.000603   44890 rocksdb_coordinatetype.go:552] ASSET-DEBUG processAssetsCoordinateType: block=563 txs=1
I0304 16:57:10.000606   44890 rocksdb_coordinatetype.go:731] ASSET-DEBUG Phase3: 0 affected pairs, 0 assetTxs
I0304 16:57:10.000713   44890 rocksdb_coordinatetype.go:552] ASSET-DEBUG processAssetsCoordinateType: block=564 txs=1
I0304 16:57:10.000716   44890 rocksdb_coordinatetype.go:731] ASSET-DEBUG Phase3: 0 affected pairs, 0 assetTxs
I0304 16:57:10.000858   44890 rocksdb_coordinatetype.go:552] ASSET-DEBUG processAssetsCoordinateType: block=565 txs=1
I0304 16:57:10.000861   44890 rocksdb_coordinatetype.go:731] ASSET-DEBUG Phase3: 0 affected pairs, 0 assetTxs
I0304 16:57:10.000892   44890 rocksdb_coordinatetype.go:552] ASSET-DEBUG processAssetsCoordinateType: block=566 txs=1
I0304 16:57:10.000895   44890 rocksdb_coordinatetype.go:731] ASSET-DEBUG Phase3: 0 affected pairs, 0 assetTxs
I0304 16:57:10.001127   44890 rocksdb_coordinatetype.go:552] ASSET-DEBUG processAssetsCoordinateType: block=567 txs=1
I0304 16:57:10.001146   44890 rocksdb_coordinatetype.go:731] ASSET-DEBUG Phase3: 0 affected pairs, 0 assetTxs
I0304 16:57:10.001294   44890 rocksdb_coordinatetype.go:552] ASSET-DEBUG processAssetsCoordinateType: block=568 txs=1
I0304 16:57:10.001304   44890 rocksdb_coordinatetype.go:731] ASSET-DEBUG Phase3: 0 affected pairs, 0 assetTxs
I0304 16:57:10.001524   44890 rocksdb_coordinatetype.go:552] ASSET-DEBUG processAssetsCoordinateType: block=569 txs=1
I0304 16:57:10.001527   44890 rocksdb_coordinatetype.go:731] ASSET-DEBUG Phase3: 0 affected pairs, 0 assetTxs
I0304 16:57:10.001738   44890 rocksdb_coordinatetype.go:552] ASSET-DEBUG processAssetsCoordinateType: block=570 txs=1
I0304 16:57:10.001751   44890 rocksdb_coordinatetype.go:731] ASSET-DEBUG Phase3: 0 affected pairs, 0 assetTxs
I0304 16:57:10.001812   44890 rocksdb_coordinatetype.go:552] ASSET-DEBUG processAssetsCoordinateType: block=571 txs=1
I0304 16:57:10.001832   44890 rocksdb_coordinatetype.go:731] ASSET-DEBUG Phase3: 0 affected pairs, 0 assetTxs
I0304 16:57:10.002055   44890 rocksdb_coordinatetype.go:552] ASSET-DEBUG processAssetsCoordinateType: block=572 txs=1
I0304 16:57:10.002061   44890 rocksdb_coordinatetype.go:731] ASSET-DEBUG Phase3: 0 affected pairs, 0 assetTxs
I0304 16:57:10.002230   44890 rocksdb_coordinatetype.go:552] ASSET-DEBUG processAssetsCoordinateType: block=573 txs=1
I0304 16:57:10.002234   44890 rocksdb_coordinatetype.go:731] ASSET-DEBUG Phase3: 0 affected pairs, 0 assetTxs
I0304 16:57:10.002331   44890 rocksdb_coordinatetype.go:552] ASSET-DEBUG processAssetsCoordinateType: block=574 txs=1
I0304 16:57:10.002337   44890 rocksdb_coordinatetype.go:731] ASSET-DEBUG Phase3: 0 affected pairs, 0 assetTxs
I0304 16:57:10.002483   44890 rocksdb_coordinatetype.go:552] ASSET-DEBUG processAssetsCoordinateType: block=575 txs=1
I0304 16:57:10.002487   44890 rocksdb_coordinatetype.go:731] ASSET-DEBUG Phase3: 0 affected pairs, 0 assetTxs
I0304 16:57:10.002506   44890 rocksdb_coordinatetype.go:552] ASSET-DEBUG processAssetsCoordinateType: block=576 txs=1
I0304 16:57:10.002525   44890 rocksdb_coordinatetype.go:731] ASSET-DEBUG Phase3: 0 affected pairs, 0 assetTxs
I0304 16:57:10.002740   44890 rocksdb_coordinatetype.go:552] ASSET-DEBUG processAssetsCoordinateType: block=577 txs=1
I0304 16:57:10.002746   44890 rocksdb_coordinatetype.go:731] ASSET-DEBUG Phase3: 0 affected pairs, 0 assetTxs
I0304 16:57:10.002864   44890 rocksdb_coordinatetype.go:552] ASSET-DEBUG processAssetsCoordinateType: block=578 txs=1
I0304 16:57:10.002867   44890 rocksdb_coordinatetype.go:731] ASSET-DEBUG Phase3: 0 affected pairs, 0 assetTxs
I0304 16:57:10.003058   44890 rocksdb_coordinatetype.go:552] ASSET-DEBUG processAssetsCoordinateType: block=579 txs=1
I0304 16:57:10.003062   44890 rocksdb_coordinatetype.go:731] ASSET-DEBUG Phase3: 0 affected pairs, 0 assetTxs
I0304 16:57:10.003073   44890 rocksdb_coordinatetype.go:552] ASSET-DEBUG processAssetsCoordinateType: block=580 txs=1
I0304 16:57:10.003094   44890 rocksdb_coordinatetype.go:731] ASSET-DEBUG Phase3: 0 affected pairs, 0 assetTxs
I0304 16:57:10.003157   44890 rocksdb_coordinatetype.go:552] ASSET-DEBUG processAssetsCoordinateType: block=581 txs=1
I0304 16:57:10.003160   44890 rocksdb_coordinatetype.go:731] ASSET-DEBUG Phase3: 0 affected pairs, 0 assetTxs
I0304 16:57:10.003226   44890 rocksdb_coordinatetype.go:552] ASSET-DEBUG processAssetsCoordinateType: block=582 txs=1
I0304 16:57:10.003229   44890 rocksdb_coordinatetype.go:731] ASSET-DEBUG Phase3: 0 affected pairs, 0 assetTxs
I0304 16:57:10.003437   44890 rocksdb_coordinatetype.go:552] ASSET-DEBUG processAssetsCoordinateType: block=583 txs=1
I0304 16:57:10.003440   44890 rocksdb_coordinatetype.go:731] ASSET-DEBUG Phase3: 0 affected pairs, 0 assetTxs
I0304 16:57:10.003537   44890 rocksdb_coordinatetype.go:552] ASSET-DEBUG processAssetsCoordinateType: block=584 txs=1
I0304 16:57:10.003540   44890 rocksdb_coordinatetype.go:731] ASSET-DEBUG Phase3: 0 affected pairs, 0 assetTxs
I0304 16:57:10.003622   44890 rocksdb_coordinatetype.go:552] ASSET-DEBUG processAssetsCoordinateType: block=585 txs=1
I0304 16:57:10.003626   44890 rocksdb_coordinatetype.go:731] ASSET-DEBUG Phase3: 0 affected pairs, 0 assetTxs
I0304 16:57:10.003750   44890 rocksdb_coordinatetype.go:552] ASSET-DEBUG processAssetsCoordinateType: block=586 txs=1
I0304 16:57:10.003753   44890 rocksdb_coordinatetype.go:731] ASSET-DEBUG Phase3: 0 affected pairs, 0 assetTxs
I0304 16:57:10.003795   44890 rocksdb_coordinatetype.go:552] ASSET-DEBUG processAssetsCoordinateType: block=587 txs=1
I0304 16:57:10.003797   44890 rocksdb_coordinatetype.go:731] ASSET-DEBUG Phase3: 0 affected pairs, 0 assetTxs
I0304 16:57:10.003992   44890 rocksdb_coordinatetype.go:552] ASSET-DEBUG processAssetsCoordinateType: block=588 txs=1
I0304 16:57:10.003995   44890 rocksdb_coordinatetype.go:731] ASSET-DEBUG Phase3: 0 affected pairs, 0 assetTxs
I0304 16:57:10.004248   44890 rocksdb_coordinatetype.go:552] ASSET-DEBUG processAssetsCoordinateType: block=589 txs=1
I0304 16:57:10.004257   44890 rocksdb_coordinatetype.go:731] ASSET-DEBUG Phase3: 0 affected pairs, 0 assetTxs
I0304 16:57:10.004274   44890 rocksdb_coordinatetype.go:552] ASSET-DEBUG processAssetsCoordinateType: block=590 txs=1
I0304 16:57:10.004275   44890 rocksdb_coordinatetype.go:731] ASSET-DEBUG Phase3: 0 affected pairs, 0 assetTxs
I0304 16:57:10.004297   44890 rocksdb_coordinatetype.go:552] ASSET-DEBUG processAssetsCoordinateType: block=591 txs=1
I0304 16:57:10.004300   44890 rocksdb_coordinatetype.go:731] ASSET-DEBUG Phase3: 0 affected pairs, 0 assetTxs
I0304 16:57:10.004345   44890 rocksdb_coordinatetype.go:552] ASSET-DEBUG processAssetsCoordinateType: block=592 txs=1
I0304 16:57:10.004348   44890 rocksdb_coordinatetype.go:731] ASSET-DEBUG Phase3: 0 affected pairs, 0 assetTxs
I0304 16:57:10.004617   44890 rocksdb_coordinatetype.go:552] ASSET-DEBUG processAssetsCoordinateType: block=593 txs=1
I0304 16:57:10.004630   44890 rocksdb_coordinatetype.go:731] ASSET-DEBUG Phase3: 0 affected pairs, 0 assetTxs
I0304 16:57:10.004802   44890 rocksdb_coordinatetype.go:552] ASSET-DEBUG processAssetsCoordinateType: block=594 txs=1
I0304 16:57:10.004805   44890 rocksdb_coordinatetype.go:731] ASSET-DEBUG Phase3: 0 affected pairs, 0 assetTxs
I0304 16:57:10.004879   44890 rocksdb_coordinatetype.go:552] ASSET-DEBUG processAssetsCoordinateType: block=595 txs=1
I0304 16:57:10.004884   44890 rocksdb_coordinatetype.go:731] ASSET-DEBUG Phase3: 0 affected pairs, 0 assetTxs
I0304 16:57:10.004903   44890 rocksdb_coordinatetype.go:552] ASSET-DEBUG processAssetsCoordinateType: block=596 txs=1
I0304 16:57:10.004918   44890 rocksdb_coordinatetype.go:731] ASSET-DEBUG Phase3: 0 affected pairs, 0 assetTxs
I0304 16:57:10.005023   44890 rocksdb_coordinatetype.go:552] ASSET-DEBUG processAssetsCoordinateType: block=597 txs=1
I0304 16:57:10.005026   44890 rocksdb_coordinatetype.go:731] ASSET-DEBUG Phase3: 0 affected pairs, 0 assetTxs
I0304 16:57:10.005065   44890 rocksdb_coordinatetype.go:552] ASSET-DEBUG processAssetsCoordinateType: block=598 txs=1
I0304 16:57:10.005069   44890 rocksdb_coordinatetype.go:731] ASSET-DEBUG Phase3: 0 affected pairs, 0 assetTxs
I0304 16:57:10.005242   44890 rocksdb_coordinatetype.go:552] ASSET-DEBUG processAssetsCoordinateType: block=599 txs=1
I0304 16:57:10.005245   44890 rocksdb_coordinatetype.go:731] ASSET-DEBUG Phase3: 0 affected pairs, 0 assetTxs
I0304 16:57:10.005254   44890 rocksdb_coordinatetype.go:552] ASSET-DEBUG processAssetsCoordinateType: block=600 txs=1
I0304 16:57:10.005255   44890 rocksdb_coordinatetype.go:731] ASSET-DEBUG Phase3: 0 affected pairs, 0 assetTxs
I0304 16:57:10.005337   44890 rocksdb_coordinatetype.go:552] ASSET-DEBUG processAssetsCoordinateType: block=601 txs=1
I0304 16:57:10.005340   44890 rocksdb_coordinatetype.go:731] ASSET-DEBUG Phase3: 0 affected pairs, 0 assetTxs
I0304 16:57:10.005398   44890 rocksdb_coordinatetype.go:552] ASSET-DEBUG processAssetsCoordinateType: block=602 txs=1
I0304 16:57:10.005401   44890 rocksdb_coordinatetype.go:731] ASSET-DEBUG Phase3: 0 affected pairs, 0 assetTxs
I0304 16:57:10.005494   44890 rocksdb_coordinatetype.go:552] ASSET-DEBUG processAssetsCoordinateType: block=603 txs=1
I0304 16:57:10.005496   44890 rocksdb_coordinatetype.go:731] ASSET-DEBUG Phase3: 0 affected pairs, 0 assetTxs
I0304 16:57:10.005612   44890 rocksdb_coordinatetype.go:552] ASSET-DEBUG processAssetsCoordinateType: block=604 txs=1
I0304 16:57:10.005614   44890 rocksdb_coordinatetype.go:731] ASSET-DEBUG Phase3: 0 affected pairs, 0 assetTxs
I0304 16:57:10.005712   44890 rocksdb_coordinatetype.go:552] ASSET-DEBUG processAssetsCoordinateType: block=605 txs=1
I0304 16:57:10.005715   44890 rocksdb_coordinatetype.go:731] ASSET-DEBUG Phase3: 0 affected pairs, 0 assetTxs
I0304 16:57:10.005757   44890 rocksdb_coordinatetype.go:552] ASSET-DEBUG processAssetsCoordinateType: block=606 txs=1
I0304 16:57:10.005761   44890 rocksdb_coordinatetype.go:731] ASSET-DEBUG Phase3: 0 affected pairs, 0 assetTxs
I0304 16:57:10.005846   44890 rocksdb_coordinatetype.go:552] ASSET-DEBUG processAssetsCoordinateType: block=607 txs=1
I0304 16:57:10.005848   44890 rocksdb_coordinatetype.go:731] ASSET-DEBUG Phase3: 0 affected pairs, 0 assetTxs
I0304 16:57:10.006010   44890 rocksdb_coordinatetype.go:552] ASSET-DEBUG processAssetsCoordinateType: block=608 txs=1
I0304 16:57:10.006013   44890 rocksdb_coordinatetype.go:731] ASSET-DEBUG Phase3: 0 affected pairs, 0 assetTxs
I0304 16:57:10.006086   44890 rocksdb_coordinatetype.go:552] ASSET-DEBUG processAssetsCoordinateType: block=609 txs=1
I0304 16:57:10.006089   44890 rocksdb_coordinatetype.go:731] ASSET-DEBUG Phase3: 0 affected pairs, 0 assetTxs
I0304 16:57:10.006265   44890 rocksdb_coordinatetype.go:552] ASSET-DEBUG processAssetsCoordinateType: block=610 txs=1
I0304 16:57:10.006278   44890 rocksdb_coordinatetype.go:731] ASSET-DEBUG Phase3: 0 affected pairs, 0 assetTxs
I0304 16:57:10.006346   44890 rocksdb_coordinatetype.go:552] ASSET-DEBUG processAssetsCoordinateType: block=611 txs=1
I0304 16:57:10.006350   44890 rocksdb_coordinatetype.go:731] ASSET-DEBUG Phase3: 0 affected pairs, 0 assetTxs
I0304 16:57:10.006424   44890 rocksdb_coordinatetype.go:552] ASSET-DEBUG processAssetsCoordinateType: block=612 txs=1
I0304 16:57:10.006429   44890 rocksdb_coordinatetype.go:731] ASSET-DEBUG Phase3: 0 affected pairs, 0 assetTxs
I0304 16:57:10.006502   44890 rocksdb_coordinatetype.go:552] ASSET-DEBUG processAssetsCoordinateType: block=613 txs=1
I0304 16:57:10.006506   44890 rocksdb_coordinatetype.go:731] ASSET-DEBUG Phase3: 0 affected pairs, 0 assetTxs
I0304 16:57:10.006584   44890 rocksdb_coordinatetype.go:552] ASSET-DEBUG processAssetsCoordinateType: block=614 txs=1
I0304 16:57:10.006588   44890 rocksdb_coordinatetype.go:731] ASSET-DEBUG Phase3: 0 affected pairs, 0 assetTxs
I0304 16:57:10.006682   44890 rocksdb_coordinatetype.go:552] ASSET-DEBUG processAssetsCoordinateType: block=615 txs=1
I0304 16:57:10.006685   44890 rocksdb_coordinatetype.go:731] ASSET-DEBUG Phase3: 0 affected pairs, 0 assetTxs
I0304 16:57:10.006803   44890 rocksdb_coordinatetype.go:552] ASSET-DEBUG processAssetsCoordinateType: block=616 txs=1
I0304 16:57:10.006805   44890 rocksdb_coordinatetype.go:731] ASSET-DEBUG Phase3: 0 affected pairs, 0 assetTxs
I0304 16:57:10.006919   44890 rocksdb_coordinatetype.go:552] ASSET-DEBUG processAssetsCoordinateType: block=617 txs=1
I0304 16:57:10.006922   44890 rocksdb_coordinatetype.go:731] ASSET-DEBUG Phase3: 0 affected pairs, 0 assetTxs
I0304 16:57:10.006993   44890 rocksdb_coordinatetype.go:552] ASSET-DEBUG processAssetsCoordinateType: block=618 txs=1
I0304 16:57:10.006996   44890 rocksdb_coordinatetype.go:731] ASSET-DEBUG Phase3: 0 affected pairs, 0 assetTxs
I0304 16:57:10.007069   44890 rocksdb_coordinatetype.go:552] ASSET-DEBUG processAssetsCoordinateType: block=619 txs=1
I0304 16:57:10.007071   44890 rocksdb_coordinatetype.go:731] ASSET-DEBUG Phase3: 0 affected pairs, 0 assetTxs
I0304 16:57:10.007240   44890 rocksdb_coordinatetype.go:552] ASSET-DEBUG processAssetsCoordinateType: block=620 txs=1
I0304 16:57:10.007242   44890 rocksdb_coordinatetype.go:731] ASSET-DEBUG Phase3: 0 affected pairs, 0 assetTxs
I0304 16:57:10.007341   44890 rocksdb_coordinatetype.go:552] ASSET-DEBUG processAssetsCoordinateType: block=621 txs=1
I0304 16:57:10.007349   44890 rocksdb_coordinatetype.go:731] ASSET-DEBUG Phase3: 0 affected pairs, 0 assetTxs
I0304 16:57:10.007464   44890 rocksdb_coordinatetype.go:552] ASSET-DEBUG processAssetsCoordinateType: block=622 txs=1
I0304 16:57:10.007474   44890 rocksdb_coordinatetype.go:731] ASSET-DEBUG Phase3: 0 affected pairs, 0 assetTxs
I0304 16:57:10.007516   44890 rocksdb_coordinatetype.go:552] ASSET-DEBUG processAssetsCoordinateType: block=623 txs=1
I0304 16:57:10.007519   44890 rocksdb_coordinatetype.go:731] ASSET-DEBUG Phase3: 0 affected pairs, 0 assetTxs
I0304 16:57:10.007596   44890 rocksdb_coordinatetype.go:552] ASSET-DEBUG processAssetsCoordinateType: block=624 txs=1
I0304 16:57:10.007599   44890 rocksdb_coordinatetype.go:731] ASSET-DEBUG Phase3: 0 affected pairs, 0 assetTxs
I0304 16:57:10.008026   44890 rocksdb_coordinatetype.go:552] ASSET-DEBUG processAssetsCoordinateType: block=625 txs=1
I0304 16:57:10.008035   44890 rocksdb_coordinatetype.go:731] ASSET-DEBUG Phase3: 0 affected pairs, 0 assetTxs
I0304 16:57:10.008111   44890 rocksdb_coordinatetype.go:552] ASSET-DEBUG processAssetsCoordinateType: block=626 txs=1
I0304 16:57:10.008115   44890 rocksdb_coordinatetype.go:731] ASSET-DEBUG Phase3: 0 affected pairs, 0 assetTxs
I0304 16:57:10.008398   44890 rocksdb_coordinatetype.go:552] ASSET-DEBUG processAssetsCoordinateType: block=627 txs=1
I0304 16:57:10.008408   44890 rocksdb_coordinatetype.go:731] ASSET-DEBUG Phase3: 0 affected pairs, 0 assetTxs
I0304 16:57:10.008421   44890 rocksdb_coordinatetype.go:552] ASSET-DEBUG processAssetsCoordinateType: block=628 txs=1
I0304 16:57:10.008423   44890 rocksdb_coordinatetype.go:731] ASSET-DEBUG Phase3: 0 affected pairs, 0 assetTxs
I0304 16:57:10.008617   44890 rocksdb_coordinatetype.go:552] ASSET-DEBUG processAssetsCoordinateType: block=629 txs=1
I0304 16:57:10.008621   44890 rocksdb_coordinatetype.go:731] ASSET-DEBUG Phase3: 0 affected pairs, 0 assetTxs
I0304 16:57:10.008631   44890 rocksdb_coordinatetype.go:552] ASSET-DEBUG processAssetsCoordinateType: block=630 txs=1
I0304 16:57:10.008640   44890 rocksdb_coordinatetype.go:731] ASSET-DEBUG Phase3: 0 affected pairs, 0 assetTxs
I0304 16:57:10.008819   44890 rocksdb_coordinatetype.go:552] ASSET-DEBUG processAssetsCoordinateType: block=631 txs=1
I0304 16:57:10.008821   44890 rocksdb_coordinatetype.go:731] ASSET-DEBUG Phase3: 0 affected pairs, 0 assetTxs
I0304 16:57:10.008900   44890 rocksdb_coordinatetype.go:552] ASSET-DEBUG processAssetsCoordinateType: block=632 txs=1
I0304 16:57:10.008903   44890 rocksdb_coordinatetype.go:731] ASSET-DEBUG Phase3: 0 affected pairs, 0 assetTxs
I0304 16:57:10.008980   44890 rocksdb_coordinatetype.go:552] ASSET-DEBUG processAssetsCoordinateType: block=633 txs=1
I0304 16:57:10.008984   44890 rocksdb_coordinatetype.go:731] ASSET-DEBUG Phase3: 0 affected pairs, 0 assetTxs
I0304 16:57:10.009092   44890 rocksdb_coordinatetype.go:552] ASSET-DEBUG processAssetsCoordinateType: block=634 txs=1
I0304 16:57:10.009095   44890 rocksdb_coordinatetype.go:731] ASSET-DEBUG Phase3: 0 affected pairs, 0 assetTxs
I0304 16:57:10.009188   44890 rocksdb_coordinatetype.go:552] ASSET-DEBUG processAssetsCoordinateType: block=635 txs=1
I0304 16:57:10.009191   44890 rocksdb_coordinatetype.go:731] ASSET-DEBUG Phase3: 0 affected pairs, 0 assetTxs
I0304 16:57:10.009295   44890 rocksdb_coordinatetype.go:552] ASSET-DEBUG processAssetsCoordinateType: block=636 txs=1
I0304 16:57:10.009299   44890 rocksdb_coordinatetype.go:731] ASSET-DEBUG Phase3: 0 affected pairs, 0 assetTxs
I0304 16:57:10.009357   44890 rocksdb_coordinatetype.go:552] ASSET-DEBUG processAssetsCoordinateType: block=637 txs=1
I0304 16:57:10.009360   44890 rocksdb_coordinatetype.go:731] ASSET-DEBUG Phase3: 0 affected pairs, 0 assetTxs
I0304 16:57:10.009525   44890 rocksdb_coordinatetype.go:552] ASSET-DEBUG processAssetsCoordinateType: block=638 txs=1
I0304 16:57:10.009528   44890 rocksdb_coordinatetype.go:731] ASSET-DEBUG Phase3: 0 affected pairs, 0 assetTxs
I0304 16:57:10.009546   44890 rocksdb_coordinatetype.go:552] ASSET-DEBUG processAssetsCoordinateType: block=639 txs=1
I0304 16:57:10.009555   44890 rocksdb_coordinatetype.go:731] ASSET-DEBUG Phase3: 0 affected pairs, 0 assetTxs
I0304 16:57:10.009665   44890 rocksdb_coordinatetype.go:552] ASSET-DEBUG processAssetsCoordinateType: block=640 txs=1
I0304 16:57:10.009667   44890 rocksdb_coordinatetype.go:731] ASSET-DEBUG Phase3: 0 affected pairs, 0 assetTxs
I0304 16:57:10.010006   44890 rocksdb_coordinatetype.go:552] ASSET-DEBUG processAssetsCoordinateType: block=641 txs=1
I0304 16:57:10.010008   44890 rocksdb_coordinatetype.go:731] ASSET-DEBUG Phase3: 0 affected pairs, 0 assetTxs
I0304 16:57:10.010023   44890 rocksdb_coordinatetype.go:552] ASSET-DEBUG processAssetsCoordinateType: block=642 txs=1
I0304 16:57:10.010024   44890 rocksdb_coordinatetype.go:731] ASSET-DEBUG Phase3: 0 affected pairs, 0 assetTxs
I0304 16:57:10.010188   44890 rocksdb_coordinatetype.go:552] ASSET-DEBUG processAssetsCoordinateType: block=643 txs=1
I0304 16:57:10.010198   44890 rocksdb_coordinatetype.go:731] ASSET-DEBUG Phase3: 0 affected pairs, 0 assetTxs
I0304 16:57:10.010238   44890 rocksdb_coordinatetype.go:552] ASSET-DEBUG processAssetsCoordinateType: block=644 txs=1
I0304 16:57:10.010243   44890 rocksdb_coordinatetype.go:731] ASSET-DEBUG Phase3: 0 affected pairs, 0 assetTxs
I0304 16:57:10.010418   44890 rocksdb_coordinatetype.go:552] ASSET-DEBUG processAssetsCoordinateType: block=645 txs=1
I0304 16:57:10.010422   44890 rocksdb_coordinatetype.go:731] ASSET-DEBUG Phase3: 0 affected pairs, 0 assetTxs
I0304 16:57:10.010590   44890 rocksdb_coordinatetype.go:552] ASSET-DEBUG processAssetsCoordinateType: block=646 txs=1
I0304 16:57:10.010600   44890 rocksdb_coordinatetype.go:731] ASSET-DEBUG Phase3: 0 affected pairs, 0 assetTxs
I0304 16:57:10.010703   44890 rocksdb_coordinatetype.go:552] ASSET-DEBUG processAssetsCoordinateType: block=647 txs=1
I0304 16:57:10.010709   44890 rocksdb_coordinatetype.go:731] ASSET-DEBUG Phase3: 0 affected pairs, 0 assetTxs
I0304 16:57:10.010823   44890 rocksdb_coordinatetype.go:552] ASSET-DEBUG processAssetsCoordinateType: block=648 txs=1
I0304 16:57:10.010828   44890 rocksdb_coordinatetype.go:731] ASSET-DEBUG Phase3: 0 affected pairs, 0 assetTxs
I0304 16:57:10.010950   44890 rocksdb_coordinatetype.go:552] ASSET-DEBUG processAssetsCoordinateType: block=649 txs=1
I0304 16:57:10.010955   44890 rocksdb_coordinatetype.go:731] ASSET-DEBUG Phase3: 0 affected pairs, 0 assetTxs
I0304 16:57:10.010993   44890 rocksdb_coordinatetype.go:552] ASSET-DEBUG processAssetsCoordinateType: block=650 txs=1
I0304 16:57:10.010995   44890 rocksdb_coordinatetype.go:731] ASSET-DEBUG Phase3: 0 affected pairs, 0 assetTxs
I0304 16:57:10.011179   44890 rocksdb_coordinatetype.go:552] ASSET-DEBUG processAssetsCoordinateType: block=651 txs=1
I0304 16:57:10.011182   44890 rocksdb_coordinatetype.go:731] ASSET-DEBUG Phase3: 0 affected pairs, 0 assetTxs
I0304 16:57:10.011190   44890 rocksdb_coordinatetype.go:552] ASSET-DEBUG processAssetsCoordinateType: block=652 txs=1
I0304 16:57:10.011192   44890 rocksdb_coordinatetype.go:731] ASSET-DEBUG Phase3: 0 affected pairs, 0 assetTxs
I0304 16:57:10.011231   44890 rocksdb_coordinatetype.go:552] ASSET-DEBUG processAssetsCoordinateType: block=653 txs=1
I0304 16:57:10.011234   44890 rocksdb_coordinatetype.go:731] ASSET-DEBUG Phase3: 0 affected pairs, 0 assetTxs
I0304 16:57:10.011318   44890 rocksdb_coordinatetype.go:552] ASSET-DEBUG processAssetsCoordinateType: block=654 txs=1
I0304 16:57:10.011321   44890 rocksdb_coordinatetype.go:731] ASSET-DEBUG Phase3: 0 affected pairs, 0 assetTxs
I0304 16:57:10.011509   44890 rocksdb_coordinatetype.go:552] ASSET-DEBUG processAssetsCoordinateType: block=655 txs=1
I0304 16:57:10.011512   44890 rocksdb_coordinatetype.go:731] ASSET-DEBUG Phase3: 0 affected pairs, 0 assetTxs
I0304 16:57:10.011554   44890 rocksdb_coordinatetype.go:552] ASSET-DEBUG processAssetsCoordinateType: block=656 txs=1
I0304 16:57:10.011556   44890 rocksdb_coordinatetype.go:731] ASSET-DEBUG Phase3: 0 affected pairs, 0 assetTxs
I0304 16:57:10.011762   44890 rocksdb_coordinatetype.go:552] ASSET-DEBUG processAssetsCoordinateType: block=657 txs=1
I0304 16:57:10.011770   44890 rocksdb_coordinatetype.go:731] ASSET-DEBUG Phase3: 0 affected pairs, 0 assetTxs
I0304 16:57:10.011791   44890 rocksdb_coordinatetype.go:552] ASSET-DEBUG processAssetsCoordinateType: block=658 txs=1
I0304 16:57:10.011795   44890 rocksdb_coordinatetype.go:731] ASSET-DEBUG Phase3: 0 affected pairs, 0 assetTxs
I0304 16:57:10.011810   44890 rocksdb_coordinatetype.go:552] ASSET-DEBUG processAssetsCoordinateType: block=659 txs=1
I0304 16:57:10.011813   44890 rocksdb_coordinatetype.go:731] ASSET-DEBUG Phase3: 0 affected pairs, 0 assetTxs
I0304 16:57:10.011948   44890 rocksdb_coordinatetype.go:552] ASSET-DEBUG processAssetsCoordinateType: block=660 txs=1
I0304 16:57:10.011951   44890 rocksdb_coordinatetype.go:731] ASSET-DEBUG Phase3: 0 affected pairs, 0 assetTxs
I0304 16:57:10.012049   44890 rocksdb_coordinatetype.go:552] ASSET-DEBUG processAssetsCoordinateType: block=661 txs=1
I0304 16:57:10.012051   44890 rocksdb_coordinatetype.go:731] ASSET-DEBUG Phase3: 0 affected pairs, 0 assetTxs
I0304 16:57:10.012155   44890 rocksdb_coordinatetype.go:552] ASSET-DEBUG processAssetsCoordinateType: block=662 txs=1
I0304 16:57:10.012162   44890 rocksdb_coordinatetype.go:731] ASSET-DEBUG Phase3: 0 affected pairs, 0 assetTxs
I0304 16:57:10.012270   44890 rocksdb_coordinatetype.go:552] ASSET-DEBUG processAssetsCoordinateType: block=663 txs=1
I0304 16:57:10.012273   44890 rocksdb_coordinatetype.go:731] ASSET-DEBUG Phase3: 0 affected pairs, 0 assetTxs
I0304 16:57:10.012489   44890 rocksdb_coordinatetype.go:552] ASSET-DEBUG processAssetsCoordinateType: block=664 txs=1
I0304 16:57:10.012493   44890 rocksdb_coordinatetype.go:731] ASSET-DEBUG Phase3: 0 affected pairs, 0 assetTxs
I0304 16:57:10.012556   44890 rocksdb_coordinatetype.go:552] ASSET-DEBUG processAssetsCoordinateType: block=665 txs=1
I0304 16:57:10.012560   44890 rocksdb_coordinatetype.go:731] ASSET-DEBUG Phase3: 0 affected pairs, 0 assetTxs
I0304 16:57:10.012694   44890 rocksdb_coordinatetype.go:552] ASSET-DEBUG processAssetsCoordinateType: block=666 txs=1
I0304 16:57:10.012698   44890 rocksdb_coordinatetype.go:731] ASSET-DEBUG Phase3: 0 affected pairs, 0 assetTxs
I0304 16:57:10.012707   44890 rocksdb_coordinatetype.go:552] ASSET-DEBUG processAssetsCoordinateType: block=667 txs=1
I0304 16:57:10.012708   44890 rocksdb_coordinatetype.go:731] ASSET-DEBUG Phase3: 0 affected pairs, 0 assetTxs
I0304 16:57:10.012728   44890 rocksdb_coordinatetype.go:552] ASSET-DEBUG processAssetsCoordinateType: block=668 txs=1
I0304 16:57:10.012731   44890 rocksdb_coordinatetype.go:731] ASSET-DEBUG Phase3: 0 affected pairs, 0 assetTxs
I0304 16:57:10.012804   44890 rocksdb_coordinatetype.go:552] ASSET-DEBUG processAssetsCoordinateType: block=669 txs=1
I0304 16:57:10.012806   44890 rocksdb_coordinatetype.go:731] ASSET-DEBUG Phase3: 0 affected pairs, 0 assetTxs
I0304 16:57:10.012897   44890 rocksdb_coordinatetype.go:552] ASSET-DEBUG processAssetsCoordinateType: block=670 txs=1
I0304 16:57:10.012900   44890 rocksdb_coordinatetype.go:731] ASSET-DEBUG Phase3: 0 affected pairs, 0 assetTxs
I0304 16:57:10.012995   44890 rocksdb_coordinatetype.go:552] ASSET-DEBUG processAssetsCoordinateType: block=671 txs=1
I0304 16:57:10.012997   44890 rocksdb_coordinatetype.go:731] ASSET-DEBUG Phase3: 0 affected pairs, 0 assetTxs
I0304 16:57:10.013076   44890 rocksdb_coordinatetype.go:552] ASSET-DEBUG processAssetsCoordinateType: block=672 txs=1
I0304 16:57:10.013080   44890 rocksdb_coordinatetype.go:731] ASSET-DEBUG Phase3: 0 affected pairs, 0 assetTxs
I0304 16:57:10.013151   44890 rocksdb_coordinatetype.go:552] ASSET-DEBUG processAssetsCoordinateType: block=673 txs=1
I0304 16:57:10.013154   44890 rocksdb_coordinatetype.go:731] ASSET-DEBUG Phase3: 0 affected pairs, 0 assetTxs
I0304 16:57:10.013323   44890 rocksdb_coordinatetype.go:552] ASSET-DEBUG processAssetsCoordinateType: block=674 txs=1
I0304 16:57:10.013325   44890 rocksdb_coordinatetype.go:731] ASSET-DEBUG Phase3: 0 affected pairs, 0 assetTxs
I0304 16:57:10.013331   44890 rocksdb_coordinatetype.go:552] ASSET-DEBUG processAssetsCoordinateType: block=675 txs=1
I0304 16:57:10.013333   44890 rocksdb_coordinatetype.go:731] ASSET-DEBUG Phase3: 0 affected pairs, 0 assetTxs
I0304 16:57:10.013396   44890 rocksdb_coordinatetype.go:552] ASSET-DEBUG processAssetsCoordinateType: block=676 txs=1
I0304 16:57:10.013398   44890 rocksdb_coordinatetype.go:731] ASSET-DEBUG Phase3: 0 affected pairs, 0 assetTxs
I0304 16:57:10.013500   44890 rocksdb_coordinatetype.go:552] ASSET-DEBUG processAssetsCoordinateType: block=677 txs=1
I0304 16:57:10.013503   44890 rocksdb_coordinatetype.go:731] ASSET-DEBUG Phase3: 0 affected pairs, 0 assetTxs
I0304 16:57:10.013598   44890 rocksdb_coordinatetype.go:552] ASSET-DEBUG processAssetsCoordinateType: block=678 txs=1
I0304 16:57:10.013600   44890 rocksdb_coordinatetype.go:731] ASSET-DEBUG Phase3: 0 affected pairs, 0 assetTxs
I0304 16:57:10.013614   44890 rocksdb_coordinatetype.go:552] ASSET-DEBUG processAssetsCoordinateType: block=679 txs=1
I0304 16:57:10.013616   44890 rocksdb_coordinatetype.go:731] ASSET-DEBUG Phase3: 0 affected pairs, 0 assetTxs
I0304 16:57:10.013690   44890 rocksdb_coordinatetype.go:552] ASSET-DEBUG processAssetsCoordinateType: block=680 txs=1
I0304 16:57:10.013691   44890 rocksdb_coordinatetype.go:731] ASSET-DEBUG Phase3: 0 affected pairs, 0 assetTxs
I0304 16:57:10.013821   44890 rocksdb_coordinatetype.go:552] ASSET-DEBUG processAssetsCoordinateType: block=681 txs=1
I0304 16:57:10.013823   44890 rocksdb_coordinatetype.go:731] ASSET-DEBUG Phase3: 0 affected pairs, 0 assetTxs
I0304 16:57:10.013869   44890 rocksdb_coordinatetype.go:552] ASSET-DEBUG processAssetsCoordinateType: block=682 txs=1
I0304 16:57:10.013871   44890 rocksdb_coordinatetype.go:731] ASSET-DEBUG Phase3: 0 affected pairs, 0 assetTxs
I0304 16:57:10.013977   44890 rocksdb_coordinatetype.go:552] ASSET-DEBUG processAssetsCoordinateType: block=683 txs=1
I0304 16:57:10.013979   44890 rocksdb_coordinatetype.go:731] ASSET-DEBUG Phase3: 0 affected pairs, 0 assetTxs
I0304 16:57:10.014046   44890 rocksdb_coordinatetype.go:552] ASSET-DEBUG processAssetsCoordinateType: block=684 txs=1
I0304 16:57:10.014049   44890 rocksdb_coordinatetype.go:731] ASSET-DEBUG Phase3: 0 affected pairs, 0 assetTxs
I0304 16:57:10.014092   44890 rocksdb_coordinatetype.go:552] ASSET-DEBUG processAssetsCoordinateType: block=685 txs=1
I0304 16:57:10.014095   44890 rocksdb_coordinatetype.go:731] ASSET-DEBUG Phase3: 0 affected pairs, 0 assetTxs
I0304 16:57:10.014197   44890 rocksdb_coordinatetype.go:552] ASSET-DEBUG processAssetsCoordinateType: block=686 txs=1
I0304 16:57:10.014199   44890 rocksdb_coordinatetype.go:731] ASSET-DEBUG Phase3: 0 affected pairs, 0 assetTxs
I0304 16:57:10.014297   44890 rocksdb_coordinatetype.go:552] ASSET-DEBUG processAssetsCoordinateType: block=687 txs=1
I0304 16:57:10.014299   44890 rocksdb_coordinatetype.go:731] ASSET-DEBUG Phase3: 0 affected pairs, 0 assetTxs
I0304 16:57:10.014361   44890 rocksdb_coordinatetype.go:552] ASSET-DEBUG processAssetsCoordinateType: block=688 txs=1
I0304 16:57:10.014364   44890 rocksdb_coordinatetype.go:731] ASSET-DEBUG Phase3: 0 affected pairs, 0 assetTxs
I0304 16:57:10.014446   44890 rocksdb_coordinatetype.go:552] ASSET-DEBUG processAssetsCoordinateType: block=689 txs=1
I0304 16:57:10.014449   44890 rocksdb_coordinatetype.go:731] ASSET-DEBUG Phase3: 0 affected pairs, 0 assetTxs
I0304 16:57:10.014671   44890 rocksdb_coordinatetype.go:552] ASSET-DEBUG processAssetsCoordinateType: block=690 txs=1
I0304 16:57:10.014673   44890 rocksdb_coordinatetype.go:731] ASSET-DEBUG Phase3: 0 affected pairs, 0 assetTxs
I0304 16:57:10.014679   44890 rocksdb_coordinatetype.go:552] ASSET-DEBUG processAssetsCoordinateType: block=691 txs=1
I0304 16:57:10.014680   44890 rocksdb_coordinatetype.go:731] ASSET-DEBUG Phase3: 0 affected pairs, 0 assetTxs
I0304 16:57:10.014797   44890 rocksdb_coordinatetype.go:552] ASSET-DEBUG processAssetsCoordinateType: block=692 txs=1
I0304 16:57:10.014800   44890 rocksdb_coordinatetype.go:731] ASSET-DEBUG Phase3: 0 affected pairs, 0 assetTxs
I0304 16:57:10.014823   44890 rocksdb_coordinatetype.go:552] ASSET-DEBUG processAssetsCoordinateType: block=693 txs=1
I0304 16:57:10.014825   44890 rocksdb_coordinatetype.go:731] ASSET-DEBUG Phase3: 0 affected pairs, 0 assetTxs
I0304 16:57:10.014910   44890 rocksdb_coordinatetype.go:552] ASSET-DEBUG processAssetsCoordinateType: block=694 txs=1
I0304 16:57:10.014917   44890 rocksdb_coordinatetype.go:731] ASSET-DEBUG Phase3: 0 affected pairs, 0 assetTxs
I0304 16:57:10.014959   44890 rocksdb_coordinatetype.go:552] ASSET-DEBUG processAssetsCoordinateType: block=695 txs=1
I0304 16:57:10.014962   44890 rocksdb_coordinatetype.go:731] ASSET-DEBUG Phase3: 0 affected pairs, 0 assetTxs
I0304 16:57:10.015085   44890 rocksdb_coordinatetype.go:552] ASSET-DEBUG processAssetsCoordinateType: block=696 txs=1
I0304 16:57:10.015087   44890 rocksdb_coordinatetype.go:731] ASSET-DEBUG Phase3: 0 affected pairs, 0 assetTxs
I0304 16:57:10.015236   44890 rocksdb_coordinatetype.go:552] ASSET-DEBUG processAssetsCoordinateType: block=697 txs=1
I0304 16:57:10.015240   44890 rocksdb_coordinatetype.go:731] ASSET-DEBUG Phase3: 0 affected pairs, 0 assetTxs
I0304 16:57:10.015262   44890 rocksdb_coordinatetype.go:552] ASSET-DEBUG processAssetsCoordinateType: block=698 txs=1
I0304 16:57:10.015264   44890 rocksdb_coordinatetype.go:731] ASSET-DEBUG Phase3: 0 affected pairs, 0 assetTxs
I0304 16:57:10.015355   44890 rocksdb_coordinatetype.go:552] ASSET-DEBUG processAssetsCoordinateType: block=699 txs=1
I0304 16:57:10.015357   44890 rocksdb_coordinatetype.go:731] ASSET-DEBUG Phase3: 0 affected pairs, 0 assetTxs
I0304 16:57:10.015509   44890 rocksdb_coordinatetype.go:552] ASSET-DEBUG processAssetsCoordinateType: block=700 txs=1
I0304 16:57:10.015512   44890 rocksdb_coordinatetype.go:731] ASSET-DEBUG Phase3: 0 affected pairs, 0 assetTxs
I0304 16:57:10.015579   44890 rocksdb_coordinatetype.go:552] ASSET-DEBUG processAssetsCoordinateType: block=701 txs=1
I0304 16:57:10.015582   44890 rocksdb_coordinatetype.go:731] ASSET-DEBUG Phase3: 0 affected pairs, 0 assetTxs
I0304 16:57:10.015677   44890 rocksdb_coordinatetype.go:552] ASSET-DEBUG processAssetsCoordinateType: block=702 txs=1
I0304 16:57:10.015680   44890 rocksdb_coordinatetype.go:731] ASSET-DEBUG Phase3: 0 affected pairs, 0 assetTxs
I0304 16:57:10.015764   44890 rocksdb_coordinatetype.go:552] ASSET-DEBUG processAssetsCoordinateType: block=703 txs=1
I0304 16:57:10.015766   44890 rocksdb_coordinatetype.go:731] ASSET-DEBUG Phase3: 0 affected pairs, 0 assetTxs
I0304 16:57:10.015849   44890 rocksdb_coordinatetype.go:552] ASSET-DEBUG processAssetsCoordinateType: block=704 txs=1
I0304 16:57:10.015851   44890 rocksdb_coordinatetype.go:731] ASSET-DEBUG Phase3: 0 affected pairs, 0 assetTxs
I0304 16:57:10.016171   44890 rocksdb_coordinatetype.go:552] ASSET-DEBUG processAssetsCoordinateType: block=705 txs=1
I0304 16:57:10.016174   44890 rocksdb_coordinatetype.go:731] ASSET-DEBUG Phase3: 0 affected pairs, 0 assetTxs
I0304 16:57:10.016182   44890 rocksdb_coordinatetype.go:552] ASSET-DEBUG processAssetsCoordinateType: block=706 txs=1
I0304 16:57:10.016183   44890 rocksdb_coordinatetype.go:731] ASSET-DEBUG Phase3: 0 affected pairs, 0 assetTxs
I0304 16:57:10.016192   44890 rocksdb_coordinatetype.go:552] ASSET-DEBUG processAssetsCoordinateType: block=707 txs=1
I0304 16:57:10.016193   44890 rocksdb_coordinatetype.go:731] ASSET-DEBUG Phase3: 0 affected pairs, 0 assetTxs
I0304 16:57:10.016271   44890 rocksdb_coordinatetype.go:552] ASSET-DEBUG processAssetsCoordinateType: block=708 txs=1
I0304 16:57:10.016282   44890 rocksdb_coordinatetype.go:731] ASSET-DEBUG Phase3: 0 affected pairs, 0 assetTxs
I0304 16:57:10.016382   44890 rocksdb_coordinatetype.go:552] ASSET-DEBUG processAssetsCoordinateType: block=709 txs=1
I0304 16:57:10.016385   44890 rocksdb_coordinatetype.go:731] ASSET-DEBUG Phase3: 0 affected pairs, 0 assetTxs
I0304 16:57:10.016468   44890 rocksdb_coordinatetype.go:552] ASSET-DEBUG processAssetsCoordinateType: block=710 txs=1
I0304 16:57:10.016471   44890 rocksdb_coordinatetype.go:731] ASSET-DEBUG Phase3: 0 affected pairs, 0 assetTxs
I0304 16:57:10.016684   44890 rocksdb_coordinatetype.go:552] ASSET-DEBUG processAssetsCoordinateType: block=711 txs=1
I0304 16:57:10.016686   44890 rocksdb_coordinatetype.go:731] ASSET-DEBUG Phase3: 0 affected pairs, 0 assetTxs
I0304 16:57:10.016758   44890 rocksdb_coordinatetype.go:552] ASSET-DEBUG processAssetsCoordinateType: block=712 txs=1
I0304 16:57:10.016761   44890 rocksdb_coordinatetype.go:731] ASSET-DEBUG Phase3: 0 affected pairs, 0 assetTxs
I0304 16:57:10.016972   44890 rocksdb_coordinatetype.go:552] ASSET-DEBUG processAssetsCoordinateType: block=713 txs=1
I0304 16:57:10.016975   44890 rocksdb_coordinatetype.go:731] ASSET-DEBUG Phase3: 0 affected pairs, 0 assetTxs
I0304 16:57:10.017047   44890 rocksdb_coordinatetype.go:552] ASSET-DEBUG processAssetsCoordinateType: block=714 txs=1
I0304 16:57:10.017052   44890 rocksdb_coordinatetype.go:731] ASSET-DEBUG Phase3: 0 affected pairs, 0 assetTxs
I0304 16:57:10.017089   44890 rocksdb_coordinatetype.go:552] ASSET-DEBUG processAssetsCoordinateType: block=715 txs=1
I0304 16:57:10.017092   44890 rocksdb_coordinatetype.go:731] ASSET-DEBUG Phase3: 0 affected pairs, 0 assetTxs
I0304 16:57:10.017273   44890 rocksdb_coordinatetype.go:552] ASSET-DEBUG processAssetsCoordinateType: block=716 txs=1
I0304 16:57:10.017276   44890 rocksdb_coordinatetype.go:731] ASSET-DEBUG Phase3: 0 affected pairs, 0 assetTxs
I0304 16:57:10.017368   44890 rocksdb_coordinatetype.go:552] ASSET-DEBUG processAssetsCoordinateType: block=717 txs=1
I0304 16:57:10.017370   44890 rocksdb_coordinatetype.go:731] ASSET-DEBUG Phase3: 0 affected pairs, 0 assetTxs
I0304 16:57:10.017755   44890 rocksdb_coordinatetype.go:552] ASSET-DEBUG processAssetsCoordinateType: block=718 txs=1
I0304 16:57:10.017765   44890 rocksdb_coordinatetype.go:731] ASSET-DEBUG Phase3: 0 affected pairs, 0 assetTxs
I0304 16:57:10.017797   44890 rocksdb_coordinatetype.go:552] ASSET-DEBUG processAssetsCoordinateType: block=719 txs=1
I0304 16:57:10.017801   44890 rocksdb_coordinatetype.go:731] ASSET-DEBUG Phase3: 0 affected pairs, 0 assetTxs
I0304 16:57:10.017821   44890 rocksdb_coordinatetype.go:552] ASSET-DEBUG processAssetsCoordinateType: block=720 txs=1
I0304 16:57:10.017823   44890 rocksdb_coordinatetype.go:731] ASSET-DEBUG Phase3: 0 affected pairs, 0 assetTxs
I0304 16:57:10.018021   44890 rocksdb_coordinatetype.go:552] ASSET-DEBUG processAssetsCoordinateType: block=721 txs=1
I0304 16:57:10.018029   44890 rocksdb_coordinatetype.go:731] ASSET-DEBUG Phase3: 0 affected pairs, 0 assetTxs
I0304 16:57:10.018125   44890 rocksdb_coordinatetype.go:552] ASSET-DEBUG processAssetsCoordinateType: block=722 txs=1
I0304 16:57:10.018130   44890 rocksdb_coordinatetype.go:731] ASSET-DEBUG Phase3: 0 affected pairs, 0 assetTxs
I0304 16:57:10.018881   44890 rocksdb_coordinatetype.go:552] ASSET-DEBUG processAssetsCoordinateType: block=723 txs=1
I0304 16:57:10.018889   44890 rocksdb_coordinatetype.go:731] ASSET-DEBUG Phase3: 0 affected pairs, 0 assetTxs
I0304 16:57:10.019241   44890 rocksdb_coordinatetype.go:552] ASSET-DEBUG processAssetsCoordinateType: block=724 txs=1
I0304 16:57:10.019244   44890 rocksdb_coordinatetype.go:731] ASSET-DEBUG Phase3: 0 affected pairs, 0 assetTxs
I0304 16:57:10.020025   44890 rocksdb_coordinatetype.go:552] ASSET-DEBUG processAssetsCoordinateType: block=725 txs=1
I0304 16:57:10.020039   44890 rocksdb_coordinatetype.go:731] ASSET-DEBUG Phase3: 0 affected pairs, 0 assetTxs
I0304 16:57:10.020220   44890 rocksdb_coordinatetype.go:552] ASSET-DEBUG processAssetsCoordinateType: block=726 txs=1
I0304 16:57:10.020223   44890 rocksdb_coordinatetype.go:731] ASSET-DEBUG Phase3: 0 affected pairs, 0 assetTxs
I0304 16:57:10.020433   44890 rocksdb_coordinatetype.go:552] ASSET-DEBUG processAssetsCoordinateType: block=727 txs=1
I0304 16:57:10.020436   44890 rocksdb_coordinatetype.go:731] ASSET-DEBUG Phase3: 0 affected pairs, 0 assetTxs
I0304 16:57:10.020534   44890 rocksdb_coordinatetype.go:552] ASSET-DEBUG processAssetsCoordinateType: block=728 txs=1
I0304 16:57:10.020539   44890 rocksdb_coordinatetype.go:731] ASSET-DEBUG Phase3: 0 affected pairs, 0 assetTxs
I0304 16:57:10.020722   44890 rocksdb_coordinatetype.go:552] ASSET-DEBUG processAssetsCoordinateType: block=729 txs=1
I0304 16:57:10.020724   44890 rocksdb_coordinatetype.go:731] ASSET-DEBUG Phase3: 0 affected pairs, 0 assetTxs
I0304 16:57:10.020862   44890 rocksdb_coordinatetype.go:552] ASSET-DEBUG processAssetsCoordinateType: block=730 txs=1
I0304 16:57:10.020865   44890 rocksdb_coordinatetype.go:731] ASSET-DEBUG Phase3: 0 affected pairs, 0 assetTxs
I0304 16:57:10.020943   44890 rocksdb_coordinatetype.go:552] ASSET-DEBUG processAssetsCoordinateType: block=731 txs=1
I0304 16:57:10.020946   44890 rocksdb_coordinatetype.go:731] ASSET-DEBUG Phase3: 0 affected pairs, 0 assetTxs
I0304 16:57:10.021033   44890 rocksdb_coordinatetype.go:552] ASSET-DEBUG processAssetsCoordinateType: block=732 txs=1
I0304 16:57:10.021035   44890 rocksdb_coordinatetype.go:731] ASSET-DEBUG Phase3: 0 affected pairs, 0 assetTxs
I0304 16:57:10.021092   44890 rocksdb_coordinatetype.go:552] ASSET-DEBUG processAssetsCoordinateType: block=733 txs=1
I0304 16:57:10.021094   44890 rocksdb_coordinatetype.go:731] ASSET-DEBUG Phase3: 0 affected pairs, 0 assetTxs
I0304 16:57:10.021284   44890 rocksdb_coordinatetype.go:552] ASSET-DEBUG processAssetsCoordinateType: block=734 txs=1
I0304 16:57:10.021286   44890 rocksdb_coordinatetype.go:731] ASSET-DEBUG Phase3: 0 affected pairs, 0 assetTxs
I0304 16:57:10.021333   44890 rocksdb_coordinatetype.go:552] ASSET-DEBUG processAssetsCoordinateType: block=735 txs=1
I0304 16:57:10.021336   44890 rocksdb_coordinatetype.go:731] ASSET-DEBUG Phase3: 0 affected pairs, 0 assetTxs
I0304 16:57:10.021405   44890 rocksdb_coordinatetype.go:552] ASSET-DEBUG processAssetsCoordinateType: block=736 txs=1
I0304 16:57:10.021407   44890 rocksdb_coordinatetype.go:731] ASSET-DEBUG Phase3: 0 affected pairs, 0 assetTxs
I0304 16:57:10.021563   44890 rocksdb_coordinatetype.go:552] ASSET-DEBUG processAssetsCoordinateType: block=737 txs=1
I0304 16:57:10.021566   44890 rocksdb_coordinatetype.go:731] ASSET-DEBUG Phase3: 0 affected pairs, 0 assetTxs
I0304 16:57:10.021632   44890 rocksdb_coordinatetype.go:552] ASSET-DEBUG processAssetsCoordinateType: block=738 txs=1
I0304 16:57:10.021649   44890 rocksdb_coordinatetype.go:731] ASSET-DEBUG Phase3: 0 affected pairs, 0 assetTxs
I0304 16:57:10.021895   44890 rocksdb_coordinatetype.go:552] ASSET-DEBUG processAssetsCoordinateType: block=739 txs=1
I0304 16:57:10.021899   44890 rocksdb_coordinatetype.go:731] ASSET-DEBUG Phase3: 0 affected pairs, 0 assetTxs
I0304 16:57:10.021915   44890 rocksdb_coordinatetype.go:552] ASSET-DEBUG processAssetsCoordinateType: block=740 txs=1
I0304 16:57:10.021917   44890 rocksdb_coordinatetype.go:731] ASSET-DEBUG Phase3: 0 affected pairs, 0 assetTxs
I0304 16:57:10.021941   44890 rocksdb_coordinatetype.go:552] ASSET-DEBUG processAssetsCoordinateType: block=741 txs=1
I0304 16:57:10.021943   44890 rocksdb_coordinatetype.go:731] ASSET-DEBUG Phase3: 0 affected pairs, 0 assetTxs
I0304 16:57:10.022055   44890 rocksdb_coordinatetype.go:552] ASSET-DEBUG processAssetsCoordinateType: block=742 txs=1
I0304 16:57:10.022058   44890 rocksdb_coordinatetype.go:731] ASSET-DEBUG Phase3: 0 affected pairs, 0 assetTxs
I0304 16:57:10.022197   44890 rocksdb_coordinatetype.go:552] ASSET-DEBUG processAssetsCoordinateType: block=743 txs=1
I0304 16:57:10.022200   44890 rocksdb_coordinatetype.go:731] ASSET-DEBUG Phase3: 0 affected pairs, 0 assetTxs
I0304 16:57:10.022295   44890 rocksdb_coordinatetype.go:552] ASSET-DEBUG processAssetsCoordinateType: block=744 txs=1
I0304 16:57:10.022300   44890 rocksdb_coordinatetype.go:731] ASSET-DEBUG Phase3: 0 affected pairs, 0 assetTxs
I0304 16:57:10.022416   44890 rocksdb_coordinatetype.go:552] ASSET-DEBUG processAssetsCoordinateType: block=745 txs=1
I0304 16:57:10.022422   44890 rocksdb_coordinatetype.go:731] ASSET-DEBUG Phase3: 0 affected pairs, 0 assetTxs
I0304 16:57:10.022467   44890 rocksdb_coordinatetype.go:552] ASSET-DEBUG processAssetsCoordinateType: block=746 txs=1
I0304 16:57:10.022469   44890 rocksdb_coordinatetype.go:731] ASSET-DEBUG Phase3: 0 affected pairs, 0 assetTxs
I0304 16:57:10.022538   44890 rocksdb_coordinatetype.go:552] ASSET-DEBUG processAssetsCoordinateType: block=747 txs=1
I0304 16:57:10.022544   44890 rocksdb_coordinatetype.go:731] ASSET-DEBUG Phase3: 0 affected pairs, 0 assetTxs
I0304 16:57:10.022726   44890 rocksdb_coordinatetype.go:552] ASSET-DEBUG processAssetsCoordinateType: block=748 txs=1
I0304 16:57:10.022728   44890 rocksdb_coordinatetype.go:731] ASSET-DEBUG Phase3: 0 affected pairs, 0 assetTxs
I0304 16:57:10.022776   44890 rocksdb_coordinatetype.go:552] ASSET-DEBUG processAssetsCoordinateType: block=749 txs=1
I0304 16:57:10.022778   44890 rocksdb_coordinatetype.go:731] ASSET-DEBUG Phase3: 0 affected pairs, 0 assetTxs
I0304 16:57:10.022838   44890 rocksdb_coordinatetype.go:552] ASSET-DEBUG processAssetsCoordinateType: block=750 txs=1
I0304 16:57:10.022842   44890 rocksdb_coordinatetype.go:731] ASSET-DEBUG Phase3: 0 affected pairs, 0 assetTxs
I0304 16:57:10.023003   44890 rocksdb_coordinatetype.go:552] ASSET-DEBUG processAssetsCoordinateType: block=751 txs=1
I0304 16:57:10.023006   44890 rocksdb_coordinatetype.go:731] ASSET-DEBUG Phase3: 0 affected pairs, 0 assetTxs
I0304 16:57:10.023135   44890 rocksdb_coordinatetype.go:552] ASSET-DEBUG processAssetsCoordinateType: block=752 txs=1
I0304 16:57:10.023139   44890 rocksdb_coordinatetype.go:731] ASSET-DEBUG Phase3: 0 affected pairs, 0 assetTxs
I0304 16:57:10.023229   44890 rocksdb_coordinatetype.go:552] ASSET-DEBUG processAssetsCoordinateType: block=753 txs=1
I0304 16:57:10.023231   44890 rocksdb_coordinatetype.go:731] ASSET-DEBUG Phase3: 0 affected pairs, 0 assetTxs
I0304 16:57:10.023385   44890 rocksdb_coordinatetype.go:552] ASSET-DEBUG processAssetsCoordinateType: block=754 txs=1
I0304 16:57:10.023389   44890 rocksdb_coordinatetype.go:731] ASSET-DEBUG Phase3: 0 affected pairs, 0 assetTxs
I0304 16:57:10.023401   44890 rocksdb_coordinatetype.go:552] ASSET-DEBUG processAssetsCoordinateType: block=755 txs=1
I0304 16:57:10.023403   44890 rocksdb_coordinatetype.go:731] ASSET-DEBUG Phase3: 0 affected pairs, 0 assetTxs
I0304 16:57:10.023533   44890 rocksdb_coordinatetype.go:552] ASSET-DEBUG processAssetsCoordinateType: block=756 txs=1
I0304 16:57:10.023535   44890 rocksdb_coordinatetype.go:731] ASSET-DEBUG Phase3: 0 affected pairs, 0 assetTxs
I0304 16:57:10.023590   44890 rocksdb_coordinatetype.go:552] ASSET-DEBUG processAssetsCoordinateType: block=757 txs=1
I0304 16:57:10.023593   44890 rocksdb_coordinatetype.go:731] ASSET-DEBUG Phase3: 0 affected pairs, 0 assetTxs
I0304 16:57:10.023633   44890 rocksdb_coordinatetype.go:552] ASSET-DEBUG processAssetsCoordinateType: block=758 txs=1
I0304 16:57:10.023634   44890 rocksdb_coordinatetype.go:731] ASSET-DEBUG Phase3: 0 affected pairs, 0 assetTxs
I0304 16:57:10.023740   44890 rocksdb_coordinatetype.go:552] ASSET-DEBUG processAssetsCoordinateType: block=759 txs=1
I0304 16:57:10.023744   44890 rocksdb_coordinatetype.go:731] ASSET-DEBUG Phase3: 0 affected pairs, 0 assetTxs
I0304 16:57:10.023808   44890 rocksdb_coordinatetype.go:552] ASSET-DEBUG processAssetsCoordinateType: block=760 txs=1
I0304 16:57:10.023811   44890 rocksdb_coordinatetype.go:731] ASSET-DEBUG Phase3: 0 affected pairs, 0 assetTxs
I0304 16:57:10.023891   44890 rocksdb_coordinatetype.go:552] ASSET-DEBUG processAssetsCoordinateType: block=761 txs=1
I0304 16:57:10.023893   44890 rocksdb_coordinatetype.go:731] ASSET-DEBUG Phase3: 0 affected pairs, 0 assetTxs
I0304 16:57:10.023995   44890 rocksdb_coordinatetype.go:552] ASSET-DEBUG processAssetsCoordinateType: block=762 txs=1
I0304 16:57:10.023997   44890 rocksdb_coordinatetype.go:731] ASSET-DEBUG Phase3: 0 affected pairs, 0 assetTxs
I0304 16:57:10.024099   44890 rocksdb_coordinatetype.go:552] ASSET-DEBUG processAssetsCoordinateType: block=763 txs=1
I0304 16:57:10.024101   44890 rocksdb_coordinatetype.go:731] ASSET-DEBUG Phase3: 0 affected pairs, 0 assetTxs
I0304 16:57:10.024169   44890 rocksdb_coordinatetype.go:552] ASSET-DEBUG processAssetsCoordinateType: block=764 txs=1
I0304 16:57:10.024172   44890 rocksdb_coordinatetype.go:731] ASSET-DEBUG Phase3: 0 affected pairs, 0 assetTxs
I0304 16:57:10.024378   44890 rocksdb_coordinatetype.go:552] ASSET-DEBUG processAssetsCoordinateType: block=765 txs=1
I0304 16:57:10.024380   44890 rocksdb_coordinatetype.go:731] ASSET-DEBUG Phase3: 0 affected pairs, 0 assetTxs
I0304 16:57:10.024488   44890 rocksdb_coordinatetype.go:552] ASSET-DEBUG processAssetsCoordinateType: block=766 txs=1
I0304 16:57:10.024490   44890 rocksdb_coordinatetype.go:731] ASSET-DEBUG Phase3: 0 affected pairs, 0 assetTxs
I0304 16:57:10.024630   44890 rocksdb_coordinatetype.go:552] ASSET-DEBUG processAssetsCoordinateType: block=767 txs=1
I0304 16:57:10.024632   44890 rocksdb_coordinatetype.go:731] ASSET-DEBUG Phase3: 0 affected pairs, 0 assetTxs
I0304 16:57:10.024645   44890 rocksdb_coordinatetype.go:552] ASSET-DEBUG processAssetsCoordinateType: block=768 txs=1
I0304 16:57:10.024647   44890 rocksdb_coordinatetype.go:731] ASSET-DEBUG Phase3: 0 affected pairs, 0 assetTxs
I0304 16:57:10.024669   44890 rocksdb_coordinatetype.go:552] ASSET-DEBUG processAssetsCoordinateType: block=769 txs=1
I0304 16:57:10.024671   44890 rocksdb_coordinatetype.go:731] ASSET-DEBUG Phase3: 0 affected pairs, 0 assetTxs
I0304 16:57:10.024804   44890 rocksdb_coordinatetype.go:552] ASSET-DEBUG processAssetsCoordinateType: block=770 txs=1
I0304 16:57:10.024806   44890 rocksdb_coordinatetype.go:731] ASSET-DEBUG Phase3: 0 affected pairs, 0 assetTxs
I0304 16:57:10.024932   44890 rocksdb_coordinatetype.go:552] ASSET-DEBUG processAssetsCoordinateType: block=771 txs=1
I0304 16:57:10.024935   44890 rocksdb_coordinatetype.go:731] ASSET-DEBUG Phase3: 0 affected pairs, 0 assetTxs
I0304 16:57:10.025024   44890 rocksdb_coordinatetype.go:552] ASSET-DEBUG processAssetsCoordinateType: block=772 txs=1
I0304 16:57:10.025026   44890 rocksdb_coordinatetype.go:731] ASSET-DEBUG Phase3: 0 affected pairs, 0 assetTxs
I0304 16:57:10.025158   44890 rocksdb_coordinatetype.go:552] ASSET-DEBUG processAssetsCoordinateType: block=773 txs=1
I0304 16:57:10.025160   44890 rocksdb_coordinatetype.go:731] ASSET-DEBUG Phase3: 0 affected pairs, 0 assetTxs
I0304 16:57:10.025214   44890 rocksdb_coordinatetype.go:552] ASSET-DEBUG processAssetsCoordinateType: block=774 txs=1
I0304 16:57:10.025217   44890 rocksdb_coordinatetype.go:731] ASSET-DEBUG Phase3: 0 affected pairs, 0 assetTxs
I0304 16:57:10.025358   44890 rocksdb_coordinatetype.go:552] ASSET-DEBUG processAssetsCoordinateType: block=775 txs=1
I0304 16:57:10.025362   44890 rocksdb_coordinatetype.go:731] ASSET-DEBUG Phase3: 0 affected pairs, 0 assetTxs
I0304 16:57:10.025448   44890 rocksdb_coordinatetype.go:552] ASSET-DEBUG processAssetsCoordinateType: block=776 txs=1
I0304 16:57:10.025451   44890 rocksdb_coordinatetype.go:731] ASSET-DEBUG Phase3: 0 affected pairs, 0 assetTxs
I0304 16:57:10.025463   44890 rocksdb_coordinatetype.go:552] ASSET-DEBUG processAssetsCoordinateType: block=777 txs=1
I0304 16:57:10.025464   44890 rocksdb_coordinatetype.go:731] ASSET-DEBUG Phase3: 0 affected pairs, 0 assetTxs
I0304 16:57:10.025547   44890 rocksdb_coordinatetype.go:552] ASSET-DEBUG processAssetsCoordinateType: block=778 txs=1
I0304 16:57:10.025550   44890 rocksdb_coordinatetype.go:731] ASSET-DEBUG Phase3: 0 affected pairs, 0 assetTxs
I0304 16:57:10.025621   44890 rocksdb_coordinatetype.go:552] ASSET-DEBUG processAssetsCoordinateType: block=779 txs=1
I0304 16:57:10.025624   44890 rocksdb_coordinatetype.go:731] ASSET-DEBUG Phase3: 0 affected pairs, 0 assetTxs
I0304 16:57:10.025711   44890 rocksdb_coordinatetype.go:552] ASSET-DEBUG processAssetsCoordinateType: block=780 txs=1
I0304 16:57:10.025713   44890 rocksdb_coordinatetype.go:731] ASSET-DEBUG Phase3: 0 affected pairs, 0 assetTxs
I0304 16:57:10.025808   44890 rocksdb_coordinatetype.go:552] ASSET-DEBUG processAssetsCoordinateType: block=781 txs=1
I0304 16:57:10.025811   44890 rocksdb_coordinatetype.go:731] ASSET-DEBUG Phase3: 0 affected pairs, 0 assetTxs
I0304 16:57:10.025953   44890 rocksdb_coordinatetype.go:552] ASSET-DEBUG processAssetsCoordinateType: block=782 txs=1
I0304 16:57:10.025955   44890 rocksdb_coordinatetype.go:731] ASSET-DEBUG Phase3: 0 affected pairs, 0 assetTxs
I0304 16:57:10.025980   44890 rocksdb_coordinatetype.go:552] ASSET-DEBUG processAssetsCoordinateType: block=783 txs=1
I0304 16:57:10.025984   44890 rocksdb_coordinatetype.go:731] ASSET-DEBUG Phase3: 0 affected pairs, 0 assetTxs
I0304 16:57:10.026207   44890 rocksdb_coordinatetype.go:552] ASSET-DEBUG processAssetsCoordinateType: block=784 txs=1
I0304 16:57:10.026212   44890 rocksdb_coordinatetype.go:731] ASSET-DEBUG Phase3: 0 affected pairs, 0 assetTxs
I0304 16:57:10.026224   44890 rocksdb_coordinatetype.go:552] ASSET-DEBUG processAssetsCoordinateType: block=785 txs=1
I0304 16:57:10.026225   44890 rocksdb_coordinatetype.go:731] ASSET-DEBUG Phase3: 0 affected pairs, 0 assetTxs
I0304 16:57:10.026238   44890 rocksdb_coordinatetype.go:552] ASSET-DEBUG processAssetsCoordinateType: block=786 txs=1
I0304 16:57:10.026241   44890 rocksdb_coordinatetype.go:731] ASSET-DEBUG Phase3: 0 affected pairs, 0 assetTxs
I0304 16:57:10.026433   44890 rocksdb_coordinatetype.go:552] ASSET-DEBUG processAssetsCoordinateType: block=787 txs=1
I0304 16:57:10.026442   44890 rocksdb_coordinatetype.go:731] ASSET-DEBUG Phase3: 0 affected pairs, 0 assetTxs
I0304 16:57:10.026498   44890 rocksdb_coordinatetype.go:552] ASSET-DEBUG processAssetsCoordinateType: block=788 txs=1
I0304 16:57:10.026502   44890 rocksdb_coordinatetype.go:731] ASSET-DEBUG Phase3: 0 affected pairs, 0 assetTxs
I0304 16:57:10.026609   44890 rocksdb_coordinatetype.go:552] ASSET-DEBUG processAssetsCoordinateType: block=789 txs=1
I0304 16:57:10.026617   44890 rocksdb_coordinatetype.go:731] ASSET-DEBUG Phase3: 0 affected pairs, 0 assetTxs
I0304 16:57:10.026966   44890 rocksdb_coordinatetype.go:552] ASSET-DEBUG processAssetsCoordinateType: block=790 txs=1
I0304 16:57:10.026969   44890 rocksdb_coordinatetype.go:731] ASSET-DEBUG Phase3: 0 affected pairs, 0 assetTxs
I0304 16:57:10.027069   44890 rocksdb_coordinatetype.go:552] ASSET-DEBUG processAssetsCoordinateType: block=791 txs=1
I0304 16:57:10.027074   44890 rocksdb_coordinatetype.go:731] ASSET-DEBUG Phase3: 0 affected pairs, 0 assetTxs
I0304 16:57:10.027207   44890 rocksdb_coordinatetype.go:552] ASSET-DEBUG processAssetsCoordinateType: block=792 txs=1
I0304 16:57:10.027211   44890 rocksdb_coordinatetype.go:731] ASSET-DEBUG Phase3: 0 affected pairs, 0 assetTxs
I0304 16:57:10.027240   44890 rocksdb_coordinatetype.go:552] ASSET-DEBUG processAssetsCoordinateType: block=793 txs=1
I0304 16:57:10.027245   44890 rocksdb_coordinatetype.go:731] ASSET-DEBUG Phase3: 0 affected pairs, 0 assetTxs
I0304 16:57:10.027419   44890 rocksdb_coordinatetype.go:552] ASSET-DEBUG processAssetsCoordinateType: block=794 txs=1
I0304 16:57:10.027424   44890 rocksdb_coordinatetype.go:731] ASSET-DEBUG Phase3: 0 affected pairs, 0 assetTxs
I0304 16:57:10.027514   44890 rocksdb_coordinatetype.go:552] ASSET-DEBUG processAssetsCoordinateType: block=795 txs=1
I0304 16:57:10.027519   44890 rocksdb_coordinatetype.go:731] ASSET-DEBUG Phase3: 0 affected pairs, 0 assetTxs
I0304 16:57:10.027605   44890 rocksdb_coordinatetype.go:552] ASSET-DEBUG processAssetsCoordinateType: block=796 txs=1
I0304 16:57:10.027608   44890 rocksdb_coordinatetype.go:731] ASSET-DEBUG Phase3: 0 affected pairs, 0 assetTxs
I0304 16:57:10.027665   44890 rocksdb_coordinatetype.go:552] ASSET-DEBUG processAssetsCoordinateType: block=797 txs=1
I0304 16:57:10.027667   44890 rocksdb_coordinatetype.go:731] ASSET-DEBUG Phase3: 0 affected pairs, 0 assetTxs
I0304 16:57:10.027913   44890 rocksdb_coordinatetype.go:552] ASSET-DEBUG processAssetsCoordinateType: block=798 txs=1
I0304 16:57:10.027918   44890 rocksdb_coordinatetype.go:731] ASSET-DEBUG Phase3: 0 affected pairs, 0 assetTxs
I0304 16:57:10.027972   44890 rocksdb_coordinatetype.go:552] ASSET-DEBUG processAssetsCoordinateType: block=799 txs=1
I0304 16:57:10.027975   44890 rocksdb_coordinatetype.go:731] ASSET-DEBUG Phase3: 0 affected pairs, 0 assetTxs
I0304 16:57:10.028002   44890 rocksdb_coordinatetype.go:552] ASSET-DEBUG processAssetsCoordinateType: block=800 txs=1
I0304 16:57:10.028009   44890 rocksdb_coordinatetype.go:731] ASSET-DEBUG Phase3: 0 affected pairs, 0 assetTxs
I0304 16:57:10.028072   44890 rocksdb_coordinatetype.go:552] ASSET-DEBUG processAssetsCoordinateType: block=801 txs=1
I0304 16:57:10.028075   44890 rocksdb_coordinatetype.go:731] ASSET-DEBUG Phase3: 0 affected pairs, 0 assetTxs
I0304 16:57:10.028163   44890 rocksdb_coordinatetype.go:552] ASSET-DEBUG processAssetsCoordinateType: block=802 txs=1
I0304 16:57:10.028167   44890 rocksdb_coordinatetype.go:731] ASSET-DEBUG Phase3: 0 affected pairs, 0 assetTxs
I0304 16:57:10.028368   44890 rocksdb_coordinatetype.go:552] ASSET-DEBUG processAssetsCoordinateType: block=803 txs=1
I0304 16:57:10.028371   44890 rocksdb_coordinatetype.go:731] ASSET-DEBUG Phase3: 0 affected pairs, 0 assetTxs
I0304 16:57:10.028435   44890 rocksdb_coordinatetype.go:552] ASSET-DEBUG processAssetsCoordinateType: block=804 txs=1
I0304 16:57:10.028438   44890 rocksdb_coordinatetype.go:731] ASSET-DEBUG Phase3: 0 affected pairs, 0 assetTxs
I0304 16:57:10.028481   44890 rocksdb_coordinatetype.go:552] ASSET-DEBUG processAssetsCoordinateType: block=805 txs=1
I0304 16:57:10.028483   44890 rocksdb_coordinatetype.go:731] ASSET-DEBUG Phase3: 0 affected pairs, 0 assetTxs
I0304 16:57:10.028775   44890 rocksdb_coordinatetype.go:552] ASSET-DEBUG processAssetsCoordinateType: block=806 txs=1
I0304 16:57:10.028778   44890 rocksdb_coordinatetype.go:731] ASSET-DEBUG Phase3: 0 affected pairs, 0 assetTxs
I0304 16:57:10.028788   44890 rocksdb_coordinatetype.go:552] ASSET-DEBUG processAssetsCoordinateType: block=807 txs=1
I0304 16:57:10.028789   44890 rocksdb_coordinatetype.go:731] ASSET-DEBUG Phase3: 0 affected pairs, 0 assetTxs
I0304 16:57:10.028809   44890 rocksdb_coordinatetype.go:552] ASSET-DEBUG processAssetsCoordinateType: block=808 txs=1
I0304 16:57:10.028811   44890 rocksdb_coordinatetype.go:731] ASSET-DEBUG Phase3: 0 affected pairs, 0 assetTxs
I0304 16:57:10.028879   44890 rocksdb_coordinatetype.go:552] ASSET-DEBUG processAssetsCoordinateType: block=809 txs=1
I0304 16:57:10.028882   44890 rocksdb_coordinatetype.go:731] ASSET-DEBUG Phase3: 0 affected pairs, 0 assetTxs
I0304 16:57:10.028972   44890 rocksdb_coordinatetype.go:552] ASSET-DEBUG processAssetsCoordinateType: block=810 txs=1
I0304 16:57:10.028975   44890 rocksdb_coordinatetype.go:731] ASSET-DEBUG Phase3: 0 affected pairs, 0 assetTxs
I0304 16:57:10.029058   44890 rocksdb_coordinatetype.go:552] ASSET-DEBUG processAssetsCoordinateType: block=811 txs=1
I0304 16:57:10.029061   44890 rocksdb_coordinatetype.go:731] ASSET-DEBUG Phase3: 0 affected pairs, 0 assetTxs
I0304 16:57:10.029142   44890 rocksdb_coordinatetype.go:552] ASSET-DEBUG processAssetsCoordinateType: block=812 txs=1
I0304 16:57:10.029144   44890 rocksdb_coordinatetype.go:731] ASSET-DEBUG Phase3: 0 affected pairs, 0 assetTxs
I0304 16:57:10.029308   44890 rocksdb_coordinatetype.go:552] ASSET-DEBUG processAssetsCoordinateType: block=813 txs=1
I0304 16:57:10.029312   44890 rocksdb_coordinatetype.go:731] ASSET-DEBUG Phase3: 0 affected pairs, 0 assetTxs
I0304 16:57:10.029485   44890 rocksdb_coordinatetype.go:552] ASSET-DEBUG processAssetsCoordinateType: block=814 txs=1
I0304 16:57:10.029499   44890 rocksdb_coordinatetype.go:731] ASSET-DEBUG Phase3: 0 affected pairs, 0 assetTxs
I0304 16:57:10.029731   44890 rocksdb_coordinatetype.go:552] ASSET-DEBUG processAssetsCoordinateType: block=815 txs=1
I0304 16:57:10.029736   44890 rocksdb_coordinatetype.go:731] ASSET-DEBUG Phase3: 0 affected pairs, 0 assetTxs
I0304 16:57:10.029801   44890 rocksdb_coordinatetype.go:552] ASSET-DEBUG processAssetsCoordinateType: block=816 txs=1
I0304 16:57:10.029805   44890 rocksdb_coordinatetype.go:731] ASSET-DEBUG Phase3: 0 affected pairs, 0 assetTxs
I0304 16:57:10.029970   44890 rocksdb_coordinatetype.go:552] ASSET-DEBUG processAssetsCoordinateType: block=817 txs=1
I0304 16:57:10.029974   44890 rocksdb_coordinatetype.go:731] ASSET-DEBUG Phase3: 0 affected pairs, 0 assetTxs
I0304 16:57:10.029994   44890 rocksdb_coordinatetype.go:552] ASSET-DEBUG processAssetsCoordinateType: block=818 txs=1
I0304 16:57:10.029997   44890 rocksdb_coordinatetype.go:731] ASSET-DEBUG Phase3: 0 affected pairs, 0 assetTxs
I0304 16:57:10.030243   44890 rocksdb_coordinatetype.go:552] ASSET-DEBUG processAssetsCoordinateType: block=819 txs=1
I0304 16:57:10.030247   44890 rocksdb_coordinatetype.go:731] ASSET-DEBUG Phase3: 0 affected pairs, 0 assetTxs
I0304 16:57:10.030288   44890 rocksdb_coordinatetype.go:552] ASSET-DEBUG processAssetsCoordinateType: block=820 txs=1
I0304 16:57:10.030291   44890 rocksdb_coordinatetype.go:731] ASSET-DEBUG Phase3: 0 affected pairs, 0 assetTxs
I0304 16:57:10.030303   44890 rocksdb_coordinatetype.go:552] ASSET-DEBUG processAssetsCoordinateType: block=821 txs=1
I0304 16:57:10.030304   44890 rocksdb_coordinatetype.go:731] ASSET-DEBUG Phase3: 0 affected pairs, 0 assetTxs
I0304 16:57:10.030419   44890 rocksdb_coordinatetype.go:552] ASSET-DEBUG processAssetsCoordinateType: block=822 txs=1
I0304 16:57:10.030421   44890 rocksdb_coordinatetype.go:731] ASSET-DEBUG Phase3: 0 affected pairs, 0 assetTxs
I0304 16:57:10.030521   44890 rocksdb_coordinatetype.go:552] ASSET-DEBUG processAssetsCoordinateType: block=823 txs=1
I0304 16:57:10.030524   44890 rocksdb_coordinatetype.go:731] ASSET-DEBUG Phase3: 0 affected pairs, 0 assetTxs
I0304 16:57:10.030551   44890 rocksdb_coordinatetype.go:552] ASSET-DEBUG processAssetsCoordinateType: block=824 txs=1
I0304 16:57:10.030556   44890 rocksdb_coordinatetype.go:731] ASSET-DEBUG Phase3: 0 affected pairs, 0 assetTxs
I0304 16:57:10.030653   44890 rocksdb_coordinatetype.go:552] ASSET-DEBUG processAssetsCoordinateType: block=825 txs=1
I0304 16:57:10.030655   44890 rocksdb_coordinatetype.go:731] ASSET-DEBUG Phase3: 0 affected pairs, 0 assetTxs
I0304 16:57:10.030723   44890 rocksdb_coordinatetype.go:552] ASSET-DEBUG processAssetsCoordinateType: block=826 txs=1
I0304 16:57:10.030725   44890 rocksdb_coordinatetype.go:731] ASSET-DEBUG Phase3: 0 affected pairs, 0 assetTxs
I0304 16:57:10.030827   44890 rocksdb_coordinatetype.go:552] ASSET-DEBUG processAssetsCoordinateType: block=827 txs=1
I0304 16:57:10.030829   44890 rocksdb_coordinatetype.go:731] ASSET-DEBUG Phase3: 0 affected pairs, 0 assetTxs
I0304 16:57:10.030959   44890 rocksdb_coordinatetype.go:552] ASSET-DEBUG processAssetsCoordinateType: block=828 txs=1
I0304 16:57:10.030966   44890 rocksdb_coordinatetype.go:731] ASSET-DEBUG Phase3: 0 affected pairs, 0 assetTxs
I0304 16:57:10.031032   44890 rocksdb_coordinatetype.go:552] ASSET-DEBUG processAssetsCoordinateType: block=829 txs=1
I0304 16:57:10.031035   44890 rocksdb_coordinatetype.go:731] ASSET-DEBUG Phase3: 0 affected pairs, 0 assetTxs
I0304 16:57:10.031316   44890 rocksdb_coordinatetype.go:552] ASSET-DEBUG processAssetsCoordinateType: block=830 txs=1
I0304 16:57:10.031319   44890 rocksdb_coordinatetype.go:731] ASSET-DEBUG Phase3: 0 affected pairs, 0 assetTxs
I0304 16:57:10.031371   44890 rocksdb_coordinatetype.go:552] ASSET-DEBUG processAssetsCoordinateType: block=831 txs=1
I0304 16:57:10.031373   44890 rocksdb_coordinatetype.go:731] ASSET-DEBUG Phase3: 0 affected pairs, 0 assetTxs
I0304 16:57:10.031382   44890 rocksdb_coordinatetype.go:552] ASSET-DEBUG processAssetsCoordinateType: block=832 txs=1
I0304 16:57:10.031384   44890 rocksdb_coordinatetype.go:731] ASSET-DEBUG Phase3: 0 affected pairs, 0 assetTxs
I0304 16:57:10.031451   44890 rocksdb_coordinatetype.go:552] ASSET-DEBUG processAssetsCoordinateType: block=833 txs=1
I0304 16:57:10.031458   44890 rocksdb_coordinatetype.go:731] ASSET-DEBUG Phase3: 0 affected pairs, 0 assetTxs
I0304 16:57:10.031581   44890 rocksdb_coordinatetype.go:552] ASSET-DEBUG processAssetsCoordinateType: block=834 txs=1
I0304 16:57:10.031586   44890 rocksdb_coordinatetype.go:731] ASSET-DEBUG Phase3: 0 affected pairs, 0 assetTxs
I0304 16:57:10.031686   44890 rocksdb_coordinatetype.go:552] ASSET-DEBUG processAssetsCoordinateType: block=835 txs=1
I0304 16:57:10.031692   44890 rocksdb_coordinatetype.go:731] ASSET-DEBUG Phase3: 0 affected pairs, 0 assetTxs
I0304 16:57:10.031944   44890 rocksdb_coordinatetype.go:552] ASSET-DEBUG processAssetsCoordinateType: block=836 txs=1
I0304 16:57:10.031950   44890 rocksdb_coordinatetype.go:731] ASSET-DEBUG Phase3: 0 affected pairs, 0 assetTxs
I0304 16:57:10.031999   44890 rocksdb_coordinatetype.go:552] ASSET-DEBUG processAssetsCoordinateType: block=837 txs=1
I0304 16:57:10.032002   44890 rocksdb_coordinatetype.go:731] ASSET-DEBUG Phase3: 0 affected pairs, 0 assetTxs
I0304 16:57:10.032073   44890 rocksdb_coordinatetype.go:552] ASSET-DEBUG processAssetsCoordinateType: block=838 txs=1
I0304 16:57:10.032086   44890 rocksdb_coordinatetype.go:731] ASSET-DEBUG Phase3: 0 affected pairs, 0 assetTxs
I0304 16:57:10.032111   44890 rocksdb_coordinatetype.go:552] ASSET-DEBUG processAssetsCoordinateType: block=839 txs=1
I0304 16:57:10.032115   44890 rocksdb_coordinatetype.go:731] ASSET-DEBUG Phase3: 0 affected pairs, 0 assetTxs
I0304 16:57:10.032243   44890 rocksdb_coordinatetype.go:552] ASSET-DEBUG processAssetsCoordinateType: block=840 txs=1
I0304 16:57:10.032246   44890 rocksdb_coordinatetype.go:731] ASSET-DEBUG Phase3: 0 affected pairs, 0 assetTxs
I0304 16:57:10.032404   44890 rocksdb_coordinatetype.go:552] ASSET-DEBUG processAssetsCoordinateType: block=841 txs=1
I0304 16:57:10.032410   44890 rocksdb_coordinatetype.go:731] ASSET-DEBUG Phase3: 0 affected pairs, 0 assetTxs
I0304 16:57:10.032450   44890 rocksdb_coordinatetype.go:552] ASSET-DEBUG processAssetsCoordinateType: block=842 txs=1
I0304 16:57:10.032455   44890 rocksdb_coordinatetype.go:731] ASSET-DEBUG Phase3: 0 affected pairs, 0 assetTxs
I0304 16:57:10.032485   44890 rocksdb_coordinatetype.go:552] ASSET-DEBUG processAssetsCoordinateType: block=843 txs=1
I0304 16:57:10.032490   44890 rocksdb_coordinatetype.go:731] ASSET-DEBUG Phase3: 0 affected pairs, 0 assetTxs
I0304 16:57:10.032539   44890 rocksdb_coordinatetype.go:552] ASSET-DEBUG processAssetsCoordinateType: block=844 txs=1
I0304 16:57:10.032541   44890 rocksdb_coordinatetype.go:731] ASSET-DEBUG Phase3: 0 affected pairs, 0 assetTxs
I0304 16:57:10.032726   44890 rocksdb_coordinatetype.go:552] ASSET-DEBUG processAssetsCoordinateType: block=845 txs=1
I0304 16:57:10.032729   44890 rocksdb_coordinatetype.go:731] ASSET-DEBUG Phase3: 0 affected pairs, 0 assetTxs
I0304 16:57:10.032812   44890 rocksdb_coordinatetype.go:552] ASSET-DEBUG processAssetsCoordinateType: block=846 txs=1
I0304 16:57:10.032815   44890 rocksdb_coordinatetype.go:731] ASSET-DEBUG Phase3: 0 affected pairs, 0 assetTxs
I0304 16:57:10.032907   44890 rocksdb_coordinatetype.go:552] ASSET-DEBUG processAssetsCoordinateType: block=847 txs=1
I0304 16:57:10.032910   44890 rocksdb_coordinatetype.go:731] ASSET-DEBUG Phase3: 0 affected pairs, 0 assetTxs
I0304 16:57:10.033032   44890 rocksdb_coordinatetype.go:552] ASSET-DEBUG processAssetsCoordinateType: block=848 txs=1
I0304 16:57:10.033037   44890 rocksdb_coordinatetype.go:731] ASSET-DEBUG Phase3: 0 affected pairs, 0 assetTxs
I0304 16:57:10.033160   44890 rocksdb_coordinatetype.go:552] ASSET-DEBUG processAssetsCoordinateType: block=849 txs=1
I0304 16:57:10.033173   44890 rocksdb_coordinatetype.go:731] ASSET-DEBUG Phase3: 0 affected pairs, 0 assetTxs
I0304 16:57:10.033284   44890 rocksdb_coordinatetype.go:552] ASSET-DEBUG processAssetsCoordinateType: block=850 txs=1
I0304 16:57:10.033287   44890 rocksdb_coordinatetype.go:731] ASSET-DEBUG Phase3: 0 affected pairs, 0 assetTxs
I0304 16:57:10.033643   44890 rocksdb_coordinatetype.go:552] ASSET-DEBUG processAssetsCoordinateType: block=851 txs=1
I0304 16:57:10.033645   44890 rocksdb_coordinatetype.go:731] ASSET-DEBUG Phase3: 0 affected pairs, 0 assetTxs
I0304 16:57:10.033814   44890 rocksdb_coordinatetype.go:552] ASSET-DEBUG processAssetsCoordinateType: block=852 txs=1
I0304 16:57:10.033824   44890 rocksdb_coordinatetype.go:731] ASSET-DEBUG Phase3: 0 affected pairs, 0 assetTxs
I0304 16:57:10.033861   44890 rocksdb_coordinatetype.go:552] ASSET-DEBUG processAssetsCoordinateType: block=853 txs=1
I0304 16:57:10.033866   44890 rocksdb_coordinatetype.go:731] ASSET-DEBUG Phase3: 0 affected pairs, 0 assetTxs
I0304 16:57:10.033958   44890 rocksdb_coordinatetype.go:552] ASSET-DEBUG processAssetsCoordinateType: block=854 txs=1
I0304 16:57:10.033965   44890 rocksdb_coordinatetype.go:731] ASSET-DEBUG Phase3: 0 affected pairs, 0 assetTxs
I0304 16:57:10.033993   44890 rocksdb_coordinatetype.go:552] ASSET-DEBUG processAssetsCoordinateType: block=855 txs=1
I0304 16:57:10.033998   44890 rocksdb_coordinatetype.go:731] ASSET-DEBUG Phase3: 0 affected pairs, 0 assetTxs
I0304 16:57:10.034023   44890 rocksdb_coordinatetype.go:552] ASSET-DEBUG processAssetsCoordinateType: block=856 txs=1
I0304 16:57:10.034027   44890 rocksdb_coordinatetype.go:731] ASSET-DEBUG Phase3: 0 affected pairs, 0 assetTxs
I0304 16:57:10.034209   44890 rocksdb_coordinatetype.go:552] ASSET-DEBUG processAssetsCoordinateType: block=857 txs=1
I0304 16:57:10.034216   44890 rocksdb_coordinatetype.go:731] ASSET-DEBUG Phase3: 0 affected pairs, 0 assetTxs
I0304 16:57:10.034297   44890 rocksdb_coordinatetype.go:552] ASSET-DEBUG processAssetsCoordinateType: block=858 txs=1
I0304 16:57:10.034300   44890 rocksdb_coordinatetype.go:731] ASSET-DEBUG Phase3: 0 affected pairs, 0 assetTxs
I0304 16:57:10.034478   44890 rocksdb_coordinatetype.go:552] ASSET-DEBUG processAssetsCoordinateType: block=859 txs=1
I0304 16:57:10.034480   44890 rocksdb_coordinatetype.go:731] ASSET-DEBUG Phase3: 0 affected pairs, 0 assetTxs
I0304 16:57:10.034576   44890 rocksdb_coordinatetype.go:552] ASSET-DEBUG processAssetsCoordinateType: block=860 txs=1
I0304 16:57:10.034579   44890 rocksdb_coordinatetype.go:731] ASSET-DEBUG Phase3: 0 affected pairs, 0 assetTxs
I0304 16:57:10.034678   44890 rocksdb_coordinatetype.go:552] ASSET-DEBUG processAssetsCoordinateType: block=861 txs=1
I0304 16:57:10.034680   44890 rocksdb_coordinatetype.go:731] ASSET-DEBUG Phase3: 0 affected pairs, 0 assetTxs
I0304 16:57:10.034790   44890 rocksdb_coordinatetype.go:552] ASSET-DEBUG processAssetsCoordinateType: block=862 txs=1
I0304 16:57:10.034793   44890 rocksdb_coordinatetype.go:731] ASSET-DEBUG Phase3: 0 affected pairs, 0 assetTxs
I0304 16:57:10.034803   44890 rocksdb_coordinatetype.go:552] ASSET-DEBUG processAssetsCoordinateType: block=863 txs=1
I0304 16:57:10.034804   44890 rocksdb_coordinatetype.go:731] ASSET-DEBUG Phase3: 0 affected pairs, 0 assetTxs
I0304 16:57:10.034953   44890 rocksdb_coordinatetype.go:552] ASSET-DEBUG processAssetsCoordinateType: block=864 txs=1
I0304 16:57:10.034955   44890 rocksdb_coordinatetype.go:731] ASSET-DEBUG Phase3: 0 affected pairs, 0 assetTxs
I0304 16:57:10.034966   44890 rocksdb_coordinatetype.go:552] ASSET-DEBUG processAssetsCoordinateType: block=865 txs=1
I0304 16:57:10.034968   44890 rocksdb_coordinatetype.go:731] ASSET-DEBUG Phase3: 0 affected pairs, 0 assetTxs
I0304 16:57:10.035059   44890 rocksdb_coordinatetype.go:552] ASSET-DEBUG processAssetsCoordinateType: block=866 txs=1
I0304 16:57:10.035062   44890 rocksdb_coordinatetype.go:731] ASSET-DEBUG Phase3: 0 affected pairs, 0 assetTxs
I0304 16:57:10.035174   44890 rocksdb_coordinatetype.go:552] ASSET-DEBUG processAssetsCoordinateType: block=867 txs=1
I0304 16:57:10.035176   44890 rocksdb_coordinatetype.go:731] ASSET-DEBUG Phase3: 0 affected pairs, 0 assetTxs
I0304 16:57:10.035213   44890 rocksdb_coordinatetype.go:552] ASSET-DEBUG processAssetsCoordinateType: block=868 txs=1
I0304 16:57:10.035216   44890 rocksdb_coordinatetype.go:731] ASSET-DEBUG Phase3: 0 affected pairs, 0 assetTxs
I0304 16:57:10.035307   44890 rocksdb_coordinatetype.go:552] ASSET-DEBUG processAssetsCoordinateType: block=869 txs=1
I0304 16:57:10.035310   44890 rocksdb_coordinatetype.go:731] ASSET-DEBUG Phase3: 0 affected pairs, 0 assetTxs
I0304 16:57:10.035482   44890 rocksdb_coordinatetype.go:552] ASSET-DEBUG processAssetsCoordinateType: block=870 txs=1
I0304 16:57:10.035484   44890 rocksdb_coordinatetype.go:731] ASSET-DEBUG Phase3: 0 affected pairs, 0 assetTxs
I0304 16:57:10.035631   44890 rocksdb_coordinatetype.go:552] ASSET-DEBUG processAssetsCoordinateType: block=871 txs=1
I0304 16:57:10.035633   44890 rocksdb_coordinatetype.go:731] ASSET-DEBUG Phase3: 0 affected pairs, 0 assetTxs
I0304 16:57:10.035737   44890 rocksdb_coordinatetype.go:552] ASSET-DEBUG processAssetsCoordinateType: block=872 txs=1
I0304 16:57:10.035743   44890 rocksdb_coordinatetype.go:731] ASSET-DEBUG Phase3: 0 affected pairs, 0 assetTxs
I0304 16:57:10.035904   44890 rocksdb_coordinatetype.go:552] ASSET-DEBUG processAssetsCoordinateType: block=873 txs=1
I0304 16:57:10.035909   44890 rocksdb_coordinatetype.go:731] ASSET-DEBUG Phase3: 0 affected pairs, 0 assetTxs
I0304 16:57:10.036092   44890 rocksdb_coordinatetype.go:552] ASSET-DEBUG processAssetsCoordinateType: block=874 txs=1
I0304 16:57:10.036108   44890 rocksdb_coordinatetype.go:731] ASSET-DEBUG Phase3: 0 affected pairs, 0 assetTxs
I0304 16:57:10.036330   44890 rocksdb_coordinatetype.go:552] ASSET-DEBUG processAssetsCoordinateType: block=875 txs=1
I0304 16:57:10.036336   44890 rocksdb_coordinatetype.go:731] ASSET-DEBUG Phase3: 0 affected pairs, 0 assetTxs
I0304 16:57:10.036541   44890 rocksdb_coordinatetype.go:552] ASSET-DEBUG processAssetsCoordinateType: block=876 txs=1
I0304 16:57:10.036545   44890 rocksdb_coordinatetype.go:731] ASSET-DEBUG Phase3: 0 affected pairs, 0 assetTxs
I0304 16:57:10.036562   44890 rocksdb_coordinatetype.go:552] ASSET-DEBUG processAssetsCoordinateType: block=877 txs=1
I0304 16:57:10.036564   44890 rocksdb_coordinatetype.go:731] ASSET-DEBUG Phase3: 0 affected pairs, 0 assetTxs
I0304 16:57:10.036654   44890 rocksdb_coordinatetype.go:552] ASSET-DEBUG processAssetsCoordinateType: block=878 txs=1
I0304 16:57:10.036656   44890 rocksdb_coordinatetype.go:731] ASSET-DEBUG Phase3: 0 affected pairs, 0 assetTxs
I0304 16:57:10.036786   44890 rocksdb_coordinatetype.go:552] ASSET-DEBUG processAssetsCoordinateType: block=879 txs=1
I0304 16:57:10.036789   44890 rocksdb_coordinatetype.go:731] ASSET-DEBUG Phase3: 0 affected pairs, 0 assetTxs
I0304 16:57:10.036871   44890 rocksdb_coordinatetype.go:552] ASSET-DEBUG processAssetsCoordinateType: block=880 txs=1
I0304 16:57:10.036881   44890 rocksdb_coordinatetype.go:731] ASSET-DEBUG Phase3: 0 affected pairs, 0 assetTxs
I0304 16:57:10.036980   44890 rocksdb_coordinatetype.go:552] ASSET-DEBUG processAssetsCoordinateType: block=881 txs=1
I0304 16:57:10.036983   44890 rocksdb_coordinatetype.go:731] ASSET-DEBUG Phase3: 0 affected pairs, 0 assetTxs
I0304 16:57:10.037198   44890 rocksdb_coordinatetype.go:552] ASSET-DEBUG processAssetsCoordinateType: block=882 txs=1
I0304 16:57:10.037201   44890 rocksdb_coordinatetype.go:731] ASSET-DEBUG Phase3: 0 affected pairs, 0 assetTxs
I0304 16:57:10.037244   44890 rocksdb_coordinatetype.go:552] ASSET-DEBUG processAssetsCoordinateType: block=883 txs=1
I0304 16:57:10.037248   44890 rocksdb_coordinatetype.go:731] ASSET-DEBUG Phase3: 0 affected pairs, 0 assetTxs
I0304 16:57:10.037259   44890 rocksdb_coordinatetype.go:552] ASSET-DEBUG processAssetsCoordinateType: block=884 txs=1
I0304 16:57:10.037282   44890 rocksdb_coordinatetype.go:731] ASSET-DEBUG Phase3: 0 affected pairs, 0 assetTxs
I0304 16:57:10.037569   44890 rocksdb_coordinatetype.go:552] ASSET-DEBUG processAssetsCoordinateType: block=885 txs=1
I0304 16:57:10.037571   44890 rocksdb_coordinatetype.go:731] ASSET-DEBUG Phase3: 0 affected pairs, 0 assetTxs
I0304 16:57:10.037584   44890 rocksdb_coordinatetype.go:552] ASSET-DEBUG processAssetsCoordinateType: block=886 txs=1
I0304 16:57:10.037585   44890 rocksdb_coordinatetype.go:731] ASSET-DEBUG Phase3: 0 affected pairs, 0 assetTxs
I0304 16:57:10.037605   44890 rocksdb_coordinatetype.go:552] ASSET-DEBUG processAssetsCoordinateType: block=887 txs=1
I0304 16:57:10.037607   44890 rocksdb_coordinatetype.go:731] ASSET-DEBUG Phase3: 0 affected pairs, 0 assetTxs
I0304 16:57:10.037624   44890 rocksdb_coordinatetype.go:552] ASSET-DEBUG processAssetsCoordinateType: block=888 txs=1
I0304 16:57:10.037625   44890 rocksdb_coordinatetype.go:731] ASSET-DEBUG Phase3: 0 affected pairs, 0 assetTxs
I0304 16:57:10.037792   44890 rocksdb_coordinatetype.go:552] ASSET-DEBUG processAssetsCoordinateType: block=889 txs=1
I0304 16:57:10.037795   44890 rocksdb_coordinatetype.go:731] ASSET-DEBUG Phase3: 0 affected pairs, 0 assetTxs
I0304 16:57:10.037854   44890 rocksdb_coordinatetype.go:552] ASSET-DEBUG processAssetsCoordinateType: block=890 txs=1
I0304 16:57:10.037857   44890 rocksdb_coordinatetype.go:731] ASSET-DEBUG Phase3: 0 affected pairs, 0 assetTxs
I0304 16:57:10.037984   44890 rocksdb_coordinatetype.go:552] ASSET-DEBUG processAssetsCoordinateType: block=891 txs=1
I0304 16:57:10.037987   44890 rocksdb_coordinatetype.go:731] ASSET-DEBUG Phase3: 0 affected pairs, 0 assetTxs
I0304 16:57:10.038107   44890 rocksdb_coordinatetype.go:552] ASSET-DEBUG processAssetsCoordinateType: block=892 txs=1
I0304 16:57:10.038109   44890 rocksdb_coordinatetype.go:731] ASSET-DEBUG Phase3: 0 affected pairs, 0 assetTxs
I0304 16:57:10.038174   44890 rocksdb_coordinatetype.go:552] ASSET-DEBUG processAssetsCoordinateType: block=893 txs=1
I0304 16:57:10.038176   44890 rocksdb_coordinatetype.go:731] ASSET-DEBUG Phase3: 0 affected pairs, 0 assetTxs
I0304 16:57:10.038277   44890 rocksdb_coordinatetype.go:552] ASSET-DEBUG processAssetsCoordinateType: block=894 txs=1
I0304 16:57:10.038279   44890 rocksdb_coordinatetype.go:731] ASSET-DEBUG Phase3: 0 affected pairs, 0 assetTxs
I0304 16:57:10.038385   44890 rocksdb_coordinatetype.go:552] ASSET-DEBUG processAssetsCoordinateType: block=895 txs=1
I0304 16:57:10.038390   44890 rocksdb_coordinatetype.go:731] ASSET-DEBUG Phase3: 0 affected pairs, 0 assetTxs
I0304 16:57:10.038483   44890 rocksdb_coordinatetype.go:552] ASSET-DEBUG processAssetsCoordinateType: block=896 txs=1
I0304 16:57:10.038486   44890 rocksdb_coordinatetype.go:731] ASSET-DEBUG Phase3: 0 affected pairs, 0 assetTxs
I0304 16:57:10.038517   44890 rocksdb_coordinatetype.go:552] ASSET-DEBUG processAssetsCoordinateType: block=897 txs=1
I0304 16:57:10.038519   44890 rocksdb_coordinatetype.go:731] ASSET-DEBUG Phase3: 0 affected pairs, 0 assetTxs
I0304 16:57:10.038615   44890 rocksdb_coordinatetype.go:552] ASSET-DEBUG processAssetsCoordinateType: block=898 txs=1
I0304 16:57:10.038618   44890 rocksdb_coordinatetype.go:731] ASSET-DEBUG Phase3: 0 affected pairs, 0 assetTxs
I0304 16:57:10.038725   44890 rocksdb_coordinatetype.go:552] ASSET-DEBUG processAssetsCoordinateType: block=899 txs=1
I0304 16:57:10.038728   44890 rocksdb_coordinatetype.go:731] ASSET-DEBUG Phase3: 0 affected pairs, 0 assetTxs
I0304 16:57:10.038783   44890 rocksdb_coordinatetype.go:552] ASSET-DEBUG processAssetsCoordinateType: block=900 txs=1
I0304 16:57:10.038786   44890 rocksdb_coordinatetype.go:731] ASSET-DEBUG Phase3: 0 affected pairs, 0 assetTxs
I0304 16:57:10.038867   44890 rocksdb_coordinatetype.go:552] ASSET-DEBUG processAssetsCoordinateType: block=901 txs=1
I0304 16:57:10.038869   44890 rocksdb_coordinatetype.go:731] ASSET-DEBUG Phase3: 0 affected pairs, 0 assetTxs
I0304 16:57:10.039065   44890 rocksdb_coordinatetype.go:552] ASSET-DEBUG processAssetsCoordinateType: block=902 txs=1
I0304 16:57:10.039068   44890 rocksdb_coordinatetype.go:731] ASSET-DEBUG Phase3: 0 affected pairs, 0 assetTxs
I0304 16:57:10.039132   44890 rocksdb_coordinatetype.go:552] ASSET-DEBUG processAssetsCoordinateType: block=903 txs=1
I0304 16:57:10.039134   44890 rocksdb_coordinatetype.go:731] ASSET-DEBUG Phase3: 0 affected pairs, 0 assetTxs
I0304 16:57:10.039146   44890 rocksdb_coordinatetype.go:552] ASSET-DEBUG processAssetsCoordinateType: block=904 txs=1
I0304 16:57:10.039147   44890 rocksdb_coordinatetype.go:731] ASSET-DEBUG Phase3: 0 affected pairs, 0 assetTxs
I0304 16:57:10.039170   44890 rocksdb_coordinatetype.go:552] ASSET-DEBUG processAssetsCoordinateType: block=905 txs=1
I0304 16:57:10.039175   44890 rocksdb_coordinatetype.go:731] ASSET-DEBUG Phase3: 0 affected pairs, 0 assetTxs
I0304 16:57:10.039297   44890 rocksdb_coordinatetype.go:552] ASSET-DEBUG processAssetsCoordinateType: block=906 txs=1
I0304 16:57:10.039299   44890 rocksdb_coordinatetype.go:731] ASSET-DEBUG Phase3: 0 affected pairs, 0 assetTxs
I0304 16:57:10.039369   44890 rocksdb_coordinatetype.go:552] ASSET-DEBUG processAssetsCoordinateType: block=907 txs=1
I0304 16:57:10.039371   44890 rocksdb_coordinatetype.go:731] ASSET-DEBUG Phase3: 0 affected pairs, 0 assetTxs
I0304 16:57:10.039448   44890 rocksdb_coordinatetype.go:552] ASSET-DEBUG processAssetsCoordinateType: block=908 txs=1
I0304 16:57:10.039451   44890 rocksdb_coordinatetype.go:731] ASSET-DEBUG Phase3: 0 affected pairs, 0 assetTxs
I0304 16:57:10.039551   44890 rocksdb_coordinatetype.go:552] ASSET-DEBUG processAssetsCoordinateType: block=909 txs=1
I0304 16:57:10.039555   44890 rocksdb_coordinatetype.go:731] ASSET-DEBUG Phase3: 0 affected pairs, 0 assetTxs
I0304 16:57:10.039653   44890 rocksdb_coordinatetype.go:552] ASSET-DEBUG processAssetsCoordinateType: block=910 txs=1
I0304 16:57:10.039655   44890 rocksdb_coordinatetype.go:731] ASSET-DEBUG Phase3: 0 affected pairs, 0 assetTxs
I0304 16:57:10.039741   44890 rocksdb_coordinatetype.go:552] ASSET-DEBUG processAssetsCoordinateType: block=911 txs=1
I0304 16:57:10.039743   44890 rocksdb_coordinatetype.go:731] ASSET-DEBUG Phase3: 0 affected pairs, 0 assetTxs
I0304 16:57:10.039778   44890 rocksdb_coordinatetype.go:552] ASSET-DEBUG processAssetsCoordinateType: block=912 txs=1
I0304 16:57:10.039781   44890 rocksdb_coordinatetype.go:731] ASSET-DEBUG Phase3: 0 affected pairs, 0 assetTxs
I0304 16:57:10.039968   44890 rocksdb_coordinatetype.go:552] ASSET-DEBUG processAssetsCoordinateType: block=913 txs=1
I0304 16:57:10.039970   44890 rocksdb_coordinatetype.go:731] ASSET-DEBUG Phase3: 0 affected pairs, 0 assetTxs
I0304 16:57:10.039980   44890 rocksdb_coordinatetype.go:552] ASSET-DEBUG processAssetsCoordinateType: block=914 txs=1
I0304 16:57:10.039981   44890 rocksdb_coordinatetype.go:731] ASSET-DEBUG Phase3: 0 affected pairs, 0 assetTxs
I0304 16:57:10.039988   44890 rocksdb_coordinatetype.go:552] ASSET-DEBUG processAssetsCoordinateType: block=915 txs=1
I0304 16:57:10.039989   44890 rocksdb_coordinatetype.go:731] ASSET-DEBUG Phase3: 0 affected pairs, 0 assetTxs
I0304 16:57:10.040157   44890 rocksdb_coordinatetype.go:552] ASSET-DEBUG processAssetsCoordinateType: block=916 txs=1
I0304 16:57:10.040183   44890 rocksdb_coordinatetype.go:731] ASSET-DEBUG Phase3: 0 affected pairs, 0 assetTxs
I0304 16:57:10.040291   44890 rocksdb_coordinatetype.go:552] ASSET-DEBUG processAssetsCoordinateType: block=917 txs=1
I0304 16:57:10.040294   44890 rocksdb_coordinatetype.go:731] ASSET-DEBUG Phase3: 0 affected pairs, 0 assetTxs
I0304 16:57:10.040312   44890 rocksdb_coordinatetype.go:552] ASSET-DEBUG processAssetsCoordinateType: block=918 txs=1
I0304 16:57:10.040314   44890 rocksdb_coordinatetype.go:731] ASSET-DEBUG Phase3: 0 affected pairs, 0 assetTxs
I0304 16:57:10.040598   44890 rocksdb_coordinatetype.go:552] ASSET-DEBUG processAssetsCoordinateType: block=919 txs=1
I0304 16:57:10.040601   44890 rocksdb_coordinatetype.go:731] ASSET-DEBUG Phase3: 0 affected pairs, 0 assetTxs
I0304 16:57:10.040676   44890 rocksdb_coordinatetype.go:552] ASSET-DEBUG processAssetsCoordinateType: block=920 txs=1
I0304 16:57:10.040685   44890 rocksdb_coordinatetype.go:731] ASSET-DEBUG Phase3: 0 affected pairs, 0 assetTxs
I0304 16:57:10.040985   44890 rocksdb_coordinatetype.go:552] ASSET-DEBUG processAssetsCoordinateType: block=921 txs=1
I0304 16:57:10.040989   44890 rocksdb_coordinatetype.go:731] ASSET-DEBUG Phase3: 0 affected pairs, 0 assetTxs
I0304 16:57:10.040999   44890 rocksdb_coordinatetype.go:552] ASSET-DEBUG processAssetsCoordinateType: block=922 txs=1
I0304 16:57:10.041000   44890 rocksdb_coordinatetype.go:731] ASSET-DEBUG Phase3: 0 affected pairs, 0 assetTxs
I0304 16:57:10.041018   44890 rocksdb_coordinatetype.go:552] ASSET-DEBUG processAssetsCoordinateType: block=923 txs=1
I0304 16:57:10.041020   44890 rocksdb_coordinatetype.go:731] ASSET-DEBUG Phase3: 0 affected pairs, 0 assetTxs
I0304 16:57:10.041032   44890 rocksdb_coordinatetype.go:552] ASSET-DEBUG processAssetsCoordinateType: block=924 txs=1
I0304 16:57:10.041033   44890 rocksdb_coordinatetype.go:731] ASSET-DEBUG Phase3: 0 affected pairs, 0 assetTxs
I0304 16:57:10.041285   44890 rocksdb_coordinatetype.go:552] ASSET-DEBUG processAssetsCoordinateType: block=925 txs=1
I0304 16:57:10.041292   44890 rocksdb_coordinatetype.go:731] ASSET-DEBUG Phase3: 0 affected pairs, 0 assetTxs
I0304 16:57:10.041338   44890 rocksdb_coordinatetype.go:552] ASSET-DEBUG processAssetsCoordinateType: block=926 txs=1
I0304 16:57:10.041341   44890 rocksdb_coordinatetype.go:731] ASSET-DEBUG Phase3: 0 affected pairs, 0 assetTxs
I0304 16:57:10.041415   44890 rocksdb_coordinatetype.go:552] ASSET-DEBUG processAssetsCoordinateType: block=927 txs=1
I0304 16:57:10.041421   44890 rocksdb_coordinatetype.go:731] ASSET-DEBUG Phase3: 0 affected pairs, 0 assetTxs
I0304 16:57:10.041563   44890 rocksdb_coordinatetype.go:552] ASSET-DEBUG processAssetsCoordinateType: block=928 txs=1
I0304 16:57:10.041566   44890 rocksdb_coordinatetype.go:731] ASSET-DEBUG Phase3: 0 affected pairs, 0 assetTxs
I0304 16:57:10.041586   44890 rocksdb_coordinatetype.go:552] ASSET-DEBUG processAssetsCoordinateType: block=929 txs=1
I0304 16:57:10.041591   44890 rocksdb_coordinatetype.go:731] ASSET-DEBUG Phase3: 0 affected pairs, 0 assetTxs
I0304 16:57:10.041836   44890 rocksdb_coordinatetype.go:552] ASSET-DEBUG processAssetsCoordinateType: block=930 txs=1
I0304 16:57:10.041839   44890 rocksdb_coordinatetype.go:731] ASSET-DEBUG Phase3: 0 affected pairs, 0 assetTxs
I0304 16:57:10.041853   44890 rocksdb_coordinatetype.go:552] ASSET-DEBUG processAssetsCoordinateType: block=931 txs=1
I0304 16:57:10.041855   44890 rocksdb_coordinatetype.go:731] ASSET-DEBUG Phase3: 0 affected pairs, 0 assetTxs
I0304 16:57:10.041867   44890 rocksdb_coordinatetype.go:552] ASSET-DEBUG processAssetsCoordinateType: block=932 txs=1
I0304 16:57:10.041869   44890 rocksdb_coordinatetype.go:731] ASSET-DEBUG Phase3: 0 affected pairs, 0 assetTxs
I0304 16:57:10.041959   44890 rocksdb_coordinatetype.go:552] ASSET-DEBUG processAssetsCoordinateType: block=933 txs=1
I0304 16:57:10.041962   44890 rocksdb_coordinatetype.go:731] ASSET-DEBUG Phase3: 0 affected pairs, 0 assetTxs
I0304 16:57:10.042070   44890 rocksdb_coordinatetype.go:552] ASSET-DEBUG processAssetsCoordinateType: block=934 txs=1
I0304 16:57:10.042072   44890 rocksdb_coordinatetype.go:731] ASSET-DEBUG Phase3: 0 affected pairs, 0 assetTxs
I0304 16:57:10.042085   44890 rocksdb_coordinatetype.go:552] ASSET-DEBUG processAssetsCoordinateType: block=935 txs=1
I0304 16:57:10.042087   44890 rocksdb_coordinatetype.go:731] ASSET-DEBUG Phase3: 0 affected pairs, 0 assetTxs
I0304 16:57:10.042281   44890 rocksdb_coordinatetype.go:552] ASSET-DEBUG processAssetsCoordinateType: block=936 txs=1
I0304 16:57:10.042287   44890 rocksdb_coordinatetype.go:731] ASSET-DEBUG Phase3: 0 affected pairs, 0 assetTxs
I0304 16:57:10.042402   44890 rocksdb_coordinatetype.go:552] ASSET-DEBUG processAssetsCoordinateType: block=937 txs=1
I0304 16:57:10.042404   44890 rocksdb_coordinatetype.go:731] ASSET-DEBUG Phase3: 0 affected pairs, 0 assetTxs
I0304 16:57:10.042415   44890 rocksdb_coordinatetype.go:552] ASSET-DEBUG processAssetsCoordinateType: block=938 txs=1
I0304 16:57:10.042419   44890 rocksdb_coordinatetype.go:731] ASSET-DEBUG Phase3: 0 affected pairs, 0 assetTxs
I0304 16:57:10.042484   44890 rocksdb_coordinatetype.go:552] ASSET-DEBUG processAssetsCoordinateType: block=939 txs=1
I0304 16:57:10.042486   44890 rocksdb_coordinatetype.go:731] ASSET-DEBUG Phase3: 0 affected pairs, 0 assetTxs
I0304 16:57:10.042593   44890 rocksdb_coordinatetype.go:552] ASSET-DEBUG processAssetsCoordinateType: block=940 txs=1
I0304 16:57:10.042597   44890 rocksdb_coordinatetype.go:731] ASSET-DEBUG Phase3: 0 affected pairs, 0 assetTxs
I0304 16:57:10.042649   44890 rocksdb_coordinatetype.go:552] ASSET-DEBUG processAssetsCoordinateType: block=941 txs=1
I0304 16:57:10.042653   44890 rocksdb_coordinatetype.go:731] ASSET-DEBUG Phase3: 0 affected pairs, 0 assetTxs
I0304 16:57:10.042779   44890 rocksdb_coordinatetype.go:552] ASSET-DEBUG processAssetsCoordinateType: block=942 txs=1
I0304 16:57:10.042782   44890 rocksdb_coordinatetype.go:731] ASSET-DEBUG Phase3: 0 affected pairs, 0 assetTxs
I0304 16:57:10.042837   44890 rocksdb_coordinatetype.go:552] ASSET-DEBUG processAssetsCoordinateType: block=943 txs=1
I0304 16:57:10.042839   44890 rocksdb_coordinatetype.go:731] ASSET-DEBUG Phase3: 0 affected pairs, 0 assetTxs
I0304 16:57:10.042932   44890 rocksdb_coordinatetype.go:552] ASSET-DEBUG processAssetsCoordinateType: block=944 txs=1
I0304 16:57:10.042940   44890 rocksdb_coordinatetype.go:731] ASSET-DEBUG Phase3: 0 affected pairs, 0 assetTxs
I0304 16:57:10.043214   44890 rocksdb_coordinatetype.go:552] ASSET-DEBUG processAssetsCoordinateType: block=945 txs=1
I0304 16:57:10.043216   44890 rocksdb_coordinatetype.go:731] ASSET-DEBUG Phase3: 0 affected pairs, 0 assetTxs
I0304 16:57:10.043274   44890 rocksdb_coordinatetype.go:552] ASSET-DEBUG processAssetsCoordinateType: block=946 txs=1
I0304 16:57:10.043287   44890 rocksdb_coordinatetype.go:731] ASSET-DEBUG Phase3: 0 affected pairs, 0 assetTxs
I0304 16:57:10.043354   44890 rocksdb_coordinatetype.go:552] ASSET-DEBUG processAssetsCoordinateType: block=947 txs=1
I0304 16:57:10.043364   44890 rocksdb_coordinatetype.go:731] ASSET-DEBUG Phase3: 0 affected pairs, 0 assetTxs
I0304 16:57:10.043412   44890 rocksdb_coordinatetype.go:552] ASSET-DEBUG processAssetsCoordinateType: block=948 txs=1
I0304 16:57:10.043418   44890 rocksdb_coordinatetype.go:731] ASSET-DEBUG Phase3: 0 affected pairs, 0 assetTxs
I0304 16:57:10.043731   44890 rocksdb_coordinatetype.go:552] ASSET-DEBUG processAssetsCoordinateType: block=949 txs=1
I0304 16:57:10.043737   44890 rocksdb_coordinatetype.go:731] ASSET-DEBUG Phase3: 0 affected pairs, 0 assetTxs
I0304 16:57:10.043780   44890 rocksdb_coordinatetype.go:552] ASSET-DEBUG processAssetsCoordinateType: block=950 txs=1
I0304 16:57:10.043784   44890 rocksdb_coordinatetype.go:731] ASSET-DEBUG Phase3: 0 affected pairs, 0 assetTxs
I0304 16:57:10.043885   44890 rocksdb_coordinatetype.go:552] ASSET-DEBUG processAssetsCoordinateType: block=951 txs=1
I0304 16:57:10.043891   44890 rocksdb_coordinatetype.go:731] ASSET-DEBUG Phase3: 0 affected pairs, 0 assetTxs
I0304 16:57:10.044086   44890 rocksdb_coordinatetype.go:552] ASSET-DEBUG processAssetsCoordinateType: block=952 txs=1
I0304 16:57:10.044093   44890 rocksdb_coordinatetype.go:731] ASSET-DEBUG Phase3: 0 affected pairs, 0 assetTxs
I0304 16:57:10.044197   44890 rocksdb_coordinatetype.go:552] ASSET-DEBUG processAssetsCoordinateType: block=953 txs=1
I0304 16:57:10.044217   44890 rocksdb_coordinatetype.go:731] ASSET-DEBUG Phase3: 0 affected pairs, 0 assetTxs
I0304 16:57:10.044343   44890 rocksdb_coordinatetype.go:552] ASSET-DEBUG processAssetsCoordinateType: block=954 txs=1
I0304 16:57:10.044355   44890 rocksdb_coordinatetype.go:731] ASSET-DEBUG Phase3: 0 affected pairs, 0 assetTxs
I0304 16:57:10.044491   44890 rocksdb_coordinatetype.go:552] ASSET-DEBUG processAssetsCoordinateType: block=955 txs=1
I0304 16:57:10.044498   44890 rocksdb_coordinatetype.go:731] ASSET-DEBUG Phase3: 0 affected pairs, 0 assetTxs
I0304 16:57:10.044532   44890 rocksdb_coordinatetype.go:552] ASSET-DEBUG processAssetsCoordinateType: block=956 txs=1
I0304 16:57:10.044536   44890 rocksdb_coordinatetype.go:731] ASSET-DEBUG Phase3: 0 affected pairs, 0 assetTxs
I0304 16:57:10.044724   44890 rocksdb_coordinatetype.go:552] ASSET-DEBUG processAssetsCoordinateType: block=957 txs=1
I0304 16:57:10.044727   44890 rocksdb_coordinatetype.go:731] ASSET-DEBUG Phase3: 0 affected pairs, 0 assetTxs
I0304 16:57:10.044850   44890 rocksdb_coordinatetype.go:552] ASSET-DEBUG processAssetsCoordinateType: block=958 txs=1
I0304 16:57:10.044853   44890 rocksdb_coordinatetype.go:731] ASSET-DEBUG Phase3: 0 affected pairs, 0 assetTxs
I0304 16:57:10.045054   44890 rocksdb_coordinatetype.go:552] ASSET-DEBUG processAssetsCoordinateType: block=959 txs=1
I0304 16:57:10.045057   44890 rocksdb_coordinatetype.go:731] ASSET-DEBUG Phase3: 0 affected pairs, 0 assetTxs
I0304 16:57:10.045073   44890 rocksdb_coordinatetype.go:552] ASSET-DEBUG processAssetsCoordinateType: block=960 txs=1
I0304 16:57:10.045074   44890 rocksdb_coordinatetype.go:731] ASSET-DEBUG Phase3: 0 affected pairs, 0 assetTxs
I0304 16:57:10.045084   44890 rocksdb_coordinatetype.go:552] ASSET-DEBUG processAssetsCoordinateType: block=961 txs=1
I0304 16:57:10.045085   44890 rocksdb_coordinatetype.go:731] ASSET-DEBUG Phase3: 0 affected pairs, 0 assetTxs
I0304 16:57:10.045215   44890 rocksdb_coordinatetype.go:552] ASSET-DEBUG processAssetsCoordinateType: block=962 txs=1
I0304 16:57:10.045218   44890 rocksdb_coordinatetype.go:731] ASSET-DEBUG Phase3: 0 affected pairs, 0 assetTxs
I0304 16:57:10.045375   44890 rocksdb_coordinatetype.go:552] ASSET-DEBUG processAssetsCoordinateType: block=963 txs=1
I0304 16:57:10.045377   44890 rocksdb_coordinatetype.go:731] ASSET-DEBUG Phase3: 0 affected pairs, 0 assetTxs
I0304 16:57:10.045475   44890 rocksdb_coordinatetype.go:552] ASSET-DEBUG processAssetsCoordinateType: block=964 txs=1
I0304 16:57:10.045484   44890 rocksdb_coordinatetype.go:731] ASSET-DEBUG Phase3: 0 affected pairs, 0 assetTxs
I0304 16:57:10.045772   44890 rocksdb_coordinatetype.go:552] ASSET-DEBUG processAssetsCoordinateType: block=965 txs=1
I0304 16:57:10.045778   44890 rocksdb_coordinatetype.go:731] ASSET-DEBUG Phase3: 0 affected pairs, 0 assetTxs
I0304 16:57:10.045807   44890 rocksdb_coordinatetype.go:552] ASSET-DEBUG processAssetsCoordinateType: block=966 txs=1
I0304 16:57:10.045813   44890 rocksdb_coordinatetype.go:731] ASSET-DEBUG Phase3: 0 affected pairs, 0 assetTxs
I0304 16:57:10.045846   44890 rocksdb_coordinatetype.go:552] ASSET-DEBUG processAssetsCoordinateType: block=967 txs=1
I0304 16:57:10.045850   44890 rocksdb_coordinatetype.go:731] ASSET-DEBUG Phase3: 0 affected pairs, 0 assetTxs
I0304 16:57:10.045887   44890 rocksdb_coordinatetype.go:552] ASSET-DEBUG processAssetsCoordinateType: block=968 txs=1
I0304 16:57:10.045889   44890 rocksdb_coordinatetype.go:731] ASSET-DEBUG Phase3: 0 affected pairs, 0 assetTxs
I0304 16:57:10.045940   44890 rocksdb_coordinatetype.go:552] ASSET-DEBUG processAssetsCoordinateType: block=969 txs=1
I0304 16:57:10.045942   44890 rocksdb_coordinatetype.go:731] ASSET-DEBUG Phase3: 0 affected pairs, 0 assetTxs
I0304 16:57:10.046052   44890 rocksdb_coordinatetype.go:552] ASSET-DEBUG processAssetsCoordinateType: block=970 txs=1
I0304 16:57:10.046054   44890 rocksdb_coordinatetype.go:731] ASSET-DEBUG Phase3: 0 affected pairs, 0 assetTxs
I0304 16:57:10.046184   44890 rocksdb_coordinatetype.go:552] ASSET-DEBUG processAssetsCoordinateType: block=971 txs=1
I0304 16:57:10.046186   44890 rocksdb_coordinatetype.go:731] ASSET-DEBUG Phase3: 0 affected pairs, 0 assetTxs
I0304 16:57:10.046247   44890 rocksdb_coordinatetype.go:552] ASSET-DEBUG processAssetsCoordinateType: block=972 txs=1
I0304 16:57:10.046250   44890 rocksdb_coordinatetype.go:731] ASSET-DEBUG Phase3: 0 affected pairs, 0 assetTxs
I0304 16:57:10.046450   44890 rocksdb_coordinatetype.go:552] ASSET-DEBUG processAssetsCoordinateType: block=973 txs=1
I0304 16:57:10.046452   44890 rocksdb_coordinatetype.go:731] ASSET-DEBUG Phase3: 0 affected pairs, 0 assetTxs
I0304 16:57:10.046471   44890 rocksdb_coordinatetype.go:552] ASSET-DEBUG processAssetsCoordinateType: block=974 txs=1
I0304 16:57:10.046474   44890 rocksdb_coordinatetype.go:731] ASSET-DEBUG Phase3: 0 affected pairs, 0 assetTxs
I0304 16:57:10.046595   44890 rocksdb_coordinatetype.go:552] ASSET-DEBUG processAssetsCoordinateType: block=975 txs=1
I0304 16:57:10.046598   44890 rocksdb_coordinatetype.go:731] ASSET-DEBUG Phase3: 0 affected pairs, 0 assetTxs
I0304 16:57:10.046731   44890 rocksdb_coordinatetype.go:552] ASSET-DEBUG processAssetsCoordinateType: block=976 txs=1
I0304 16:57:10.046734   44890 rocksdb_coordinatetype.go:731] ASSET-DEBUG Phase3: 0 affected pairs, 0 assetTxs
I0304 16:57:10.046745   44890 rocksdb_coordinatetype.go:552] ASSET-DEBUG processAssetsCoordinateType: block=977 txs=1
I0304 16:57:10.046747   44890 rocksdb_coordinatetype.go:731] ASSET-DEBUG Phase3: 0 affected pairs, 0 assetTxs
I0304 16:57:10.046820   44890 rocksdb_coordinatetype.go:552] ASSET-DEBUG processAssetsCoordinateType: block=978 txs=1
I0304 16:57:10.046823   44890 rocksdb_coordinatetype.go:731] ASSET-DEBUG Phase3: 0 affected pairs, 0 assetTxs
I0304 16:57:10.046921   44890 rocksdb_coordinatetype.go:552] ASSET-DEBUG processAssetsCoordinateType: block=979 txs=1
I0304 16:57:10.046923   44890 rocksdb_coordinatetype.go:731] ASSET-DEBUG Phase3: 0 affected pairs, 0 assetTxs
I0304 16:57:10.047059   44890 rocksdb_coordinatetype.go:552] ASSET-DEBUG processAssetsCoordinateType: block=980 txs=1
I0304 16:57:10.047061   44890 rocksdb_coordinatetype.go:731] ASSET-DEBUG Phase3: 0 affected pairs, 0 assetTxs
I0304 16:57:10.047072   44890 rocksdb_coordinatetype.go:552] ASSET-DEBUG processAssetsCoordinateType: block=981 txs=1
I0304 16:57:10.047074   44890 rocksdb_coordinatetype.go:731] ASSET-DEBUG Phase3: 0 affected pairs, 0 assetTxs
I0304 16:57:10.047264   44890 rocksdb_coordinatetype.go:552] ASSET-DEBUG processAssetsCoordinateType: block=982 txs=1
I0304 16:57:10.047266   44890 rocksdb_coordinatetype.go:731] ASSET-DEBUG Phase3: 0 affected pairs, 0 assetTxs
I0304 16:57:10.047288   44890 rocksdb_coordinatetype.go:552] ASSET-DEBUG processAssetsCoordinateType: block=983 txs=1
I0304 16:57:10.047290   44890 rocksdb_coordinatetype.go:731] ASSET-DEBUG Phase3: 0 affected pairs, 0 assetTxs
I0304 16:57:10.047387   44890 rocksdb_coordinatetype.go:552] ASSET-DEBUG processAssetsCoordinateType: block=984 txs=1
I0304 16:57:10.047390   44890 rocksdb_coordinatetype.go:731] ASSET-DEBUG Phase3: 0 affected pairs, 0 assetTxs
I0304 16:57:10.047401   44890 rocksdb_coordinatetype.go:552] ASSET-DEBUG processAssetsCoordinateType: block=985 txs=1
I0304 16:57:10.047402   44890 rocksdb_coordinatetype.go:731] ASSET-DEBUG Phase3: 0 affected pairs, 0 assetTxs
I0304 16:57:10.047500   44890 rocksdb_coordinatetype.go:552] ASSET-DEBUG processAssetsCoordinateType: block=986 txs=1
I0304 16:57:10.047503   44890 rocksdb_coordinatetype.go:731] ASSET-DEBUG Phase3: 0 affected pairs, 0 assetTxs
I0304 16:57:10.047596   44890 rocksdb_coordinatetype.go:552] ASSET-DEBUG processAssetsCoordinateType: block=987 txs=1
I0304 16:57:10.047598   44890 rocksdb_coordinatetype.go:731] ASSET-DEBUG Phase3: 0 affected pairs, 0 assetTxs
I0304 16:57:10.047696   44890 rocksdb_coordinatetype.go:552] ASSET-DEBUG processAssetsCoordinateType: block=988 txs=1
I0304 16:57:10.047699   44890 rocksdb_coordinatetype.go:731] ASSET-DEBUG Phase3: 0 affected pairs, 0 assetTxs
I0304 16:57:10.047792   44890 rocksdb_coordinatetype.go:552] ASSET-DEBUG processAssetsCoordinateType: block=989 txs=1
I0304 16:57:10.047794   44890 rocksdb_coordinatetype.go:731] ASSET-DEBUG Phase3: 0 affected pairs, 0 assetTxs
I0304 16:57:10.047862   44890 rocksdb_coordinatetype.go:552] ASSET-DEBUG processAssetsCoordinateType: block=990 txs=1
I0304 16:57:10.047865   44890 rocksdb_coordinatetype.go:731] ASSET-DEBUG Phase3: 0 affected pairs, 0 assetTxs
I0304 16:57:10.047906   44890 rocksdb_coordinatetype.go:552] ASSET-DEBUG processAssetsCoordinateType: block=991 txs=1
I0304 16:57:10.047908   44890 rocksdb_coordinatetype.go:731] ASSET-DEBUG Phase3: 0 affected pairs, 0 assetTxs
I0304 16:57:10.047990   44890 rocksdb_coordinatetype.go:552] ASSET-DEBUG processAssetsCoordinateType: block=992 txs=1
I0304 16:57:10.047993   44890 rocksdb_coordinatetype.go:731] ASSET-DEBUG Phase3: 0 affected pairs, 0 assetTxs
I0304 16:57:10.048080   44890 rocksdb_coordinatetype.go:552] ASSET-DEBUG processAssetsCoordinateType: block=993 txs=1
I0304 16:57:10.048083   44890 rocksdb_coordinatetype.go:731] ASSET-DEBUG Phase3: 0 affected pairs, 0 assetTxs
I0304 16:57:10.048157   44890 rocksdb_coordinatetype.go:552] ASSET-DEBUG processAssetsCoordinateType: block=994 txs=1
I0304 16:57:10.048160   44890 rocksdb_coordinatetype.go:731] ASSET-DEBUG Phase3: 0 affected pairs, 0 assetTxs
I0304 16:57:10.048308   44890 rocksdb_coordinatetype.go:552] ASSET-DEBUG processAssetsCoordinateType: block=995 txs=1
I0304 16:57:10.048311   44890 rocksdb_coordinatetype.go:731] ASSET-DEBUG Phase3: 0 affected pairs, 0 assetTxs
I0304 16:57:10.048324   44890 rocksdb_coordinatetype.go:552] ASSET-DEBUG processAssetsCoordinateType: block=996 txs=1
I0304 16:57:10.048328   44890 rocksdb_coordinatetype.go:731] ASSET-DEBUG Phase3: 0 affected pairs, 0 assetTxs
I0304 16:57:10.048392   44890 sync.go:629] connecting block 1000 978e56fb28a2350cae95d3b14aee2ea6bd32e766c748cd516406941415023359, elapsed 113.814125ms {txAddressesHit:0 txAddressesMiss:0 balancesHit:1989 balancesMiss:2}
I0304 16:57:10.048565   44890 rocksdb_coordinatetype.go:552] ASSET-DEBUG processAssetsCoordinateType: block=997 txs=1
I0304 16:57:10.048573   44890 rocksdb_coordinatetype.go:731] ASSET-DEBUG Phase3: 0 affected pairs, 0 assetTxs
I0304 16:57:10.048610   44890 rocksdb_coordinatetype.go:552] ASSET-DEBUG processAssetsCoordinateType: block=998 txs=1
I0304 16:57:10.048614   44890 rocksdb_coordinatetype.go:731] ASSET-DEBUG Phase3: 0 affected pairs, 0 assetTxs
I0304 16:57:10.048674   44890 rocksdb_coordinatetype.go:552] ASSET-DEBUG processAssetsCoordinateType: block=999 txs=1
I0304 16:57:10.048677   44890 rocksdb_coordinatetype.go:731] ASSET-DEBUG Phase3: 0 affected pairs, 0 assetTxs
I0304 16:57:10.048730   44890 rocksdb_coordinatetype.go:552] ASSET-DEBUG processAssetsCoordinateType: block=1000 txs=1
I0304 16:57:10.048733   44890 rocksdb_coordinatetype.go:731] ASSET-DEBUG Phase3: 0 affected pairs, 0 assetTxs
I0304 16:57:10.048872   44890 rocksdb_coordinatetype.go:552] ASSET-DEBUG processAssetsCoordinateType: block=1001 txs=2
I0304 16:57:10.048875   44890 rocksdb_coordinatetype.go:731] ASSET-DEBUG Phase3: 0 affected pairs, 0 assetTxs
I0304 16:57:10.048887   44890 rocksdb_coordinatetype.go:552] ASSET-DEBUG processAssetsCoordinateType: block=1002 txs=1
I0304 16:57:10.048889   44890 rocksdb_coordinatetype.go:731] ASSET-DEBUG Phase3: 0 affected pairs, 0 assetTxs
I0304 16:57:10.048969   44890 rocksdb_coordinatetype.go:552] ASSET-DEBUG processAssetsCoordinateType: block=1003 txs=1
I0304 16:57:10.048971   44890 rocksdb_coordinatetype.go:731] ASSET-DEBUG Phase3: 0 affected pairs, 0 assetTxs
I0304 16:57:10.049114   44890 rocksdb_coordinatetype.go:552] ASSET-DEBUG processAssetsCoordinateType: block=1004 txs=1
I0304 16:57:10.049116   44890 rocksdb_coordinatetype.go:731] ASSET-DEBUG Phase3: 0 affected pairs, 0 assetTxs
I0304 16:57:10.049191   44890 rocksdb_coordinatetype.go:552] ASSET-DEBUG processAssetsCoordinateType: block=1005 txs=1
I0304 16:57:10.049193   44890 rocksdb_coordinatetype.go:731] ASSET-DEBUG Phase3: 0 affected pairs, 0 assetTxs
I0304 16:57:10.049281   44890 rocksdb_coordinatetype.go:552] ASSET-DEBUG processAssetsCoordinateType: block=1006 txs=1
I0304 16:57:10.049284   44890 rocksdb_coordinatetype.go:731] ASSET-DEBUG Phase3: 0 affected pairs, 0 assetTxs
I0304 16:57:10.049398   44890 rocksdb_coordinatetype.go:552] ASSET-DEBUG processAssetsCoordinateType: block=1007 txs=1
I0304 16:57:10.049400   44890 rocksdb_coordinatetype.go:731] ASSET-DEBUG Phase3: 0 affected pairs, 0 assetTxs
I0304 16:57:10.049482   44890 rocksdb_coordinatetype.go:552] ASSET-DEBUG processAssetsCoordinateType: block=1008 txs=1
I0304 16:57:10.049484   44890 rocksdb_coordinatetype.go:731] ASSET-DEBUG Phase3: 0 affected pairs, 0 assetTxs
I0304 16:57:10.049623   44890 rocksdb_coordinatetype.go:552] ASSET-DEBUG processAssetsCoordinateType: block=1009 txs=1
I0304 16:57:10.049625   44890 rocksdb_coordinatetype.go:731] ASSET-DEBUG Phase3: 0 affected pairs, 0 assetTxs
I0304 16:57:10.049710   44890 rocksdb_coordinatetype.go:552] ASSET-DEBUG processAssetsCoordinateType: block=1010 txs=1
I0304 16:57:10.049713   44890 rocksdb_coordinatetype.go:731] ASSET-DEBUG Phase3: 0 affected pairs, 0 assetTxs
I0304 16:57:10.049887   44890 rocksdb_coordinatetype.go:552] ASSET-DEBUG processAssetsCoordinateType: block=1011 txs=2
I0304 16:57:10.049890   44890 rocksdb_coordinatetype.go:562] ASSET-DEBUG Phase1: FOUND v10 tx=e7d999144997b24be694e6647f09aa3a7925ac95813f37862da724acfe569b13 vouts=3 coinSpecific=true coinSpecificType=json.RawMessage
I0304 16:57:10.049900   44890 rocksdb_coordinatetype.go:852] ASSET-DEBUG tagUtxo: TAGGED vout=0 isController=true value=100000000
I0304 16:57:10.049913   44890 rocksdb_coordinatetype.go:852] ASSET-DEBUG tagUtxo: TAGGED vout=1 isController=false value=10000000000
I0304 16:57:10.049921   44890 rocksdb_coordinatetype.go:947] ASSET-DEBUG fillMetadata: CoinSpecificData type=json.RawMessage
I0304 16:57:10.049926   44890 rocksdb_coordinatetype.go:962] ASSET-DEBUG fillMetadata: raw JSON len=2687, first100={"txid":"e7d999144997b24be694e6647f09aa3a7925ac95813f37862da724acfe569b13","hash":"cdbeee75a12dd2158
I0304 16:57:10.049976   44890 rocksdb_coordinatetype.go:970] ASSET-DEBUG fillMetadata: parsed ticker="TEST3" headline="Test Asset 3" precision=0 assetType=1
I0304 16:57:10.049984   44890 rocksdb_coordinatetype.go:644] ASSET-DEBUG Phase1: writing registry ticker="TEST3" headline="Test Asset 3" precision=8 assetType=1 supply=10000000000 ctrlOut=e7d999144997b24be694e6647f09aa3a7925ac95813f37862da724acfe569b1300
I0304 16:57:10.049994   44890 rocksdb_coordinatetype.go:649] ASSET-DEBUG Phase1: regKey=61633ae7d999144997b24be694e6647f09aa3a7925ac95813f37862da724acfe569b1300 packedLen=62
I0304 16:57:10.050004   44890 rocksdb_coordinatetype.go:731] ASSET-DEBUG Phase3: 2 affected pairs, 1 assetTxs
I0304 16:57:10.050075   44890 rocksdb_coordinatetype.go:552] ASSET-DEBUG processAssetsCoordinateType: block=1012 txs=1
I0304 16:57:10.050081   44890 rocksdb_coordinatetype.go:731] ASSET-DEBUG Phase3: 0 affected pairs, 0 assetTxs
I0304 16:57:10.050108   44890 rocksdb_coordinatetype.go:552] ASSET-DEBUG processAssetsCoordinateType: block=1013 txs=1
I0304 16:57:10.050111   44890 rocksdb_coordinatetype.go:731] ASSET-DEBUG Phase3: 0 affected pairs, 0 assetTxs
I0304 16:57:10.050155   44890 rocksdb_coordinatetype.go:552] ASSET-DEBUG processAssetsCoordinateType: block=1014 txs=1
I0304 16:57:10.050174   44890 rocksdb_coordinatetype.go:731] ASSET-DEBUG Phase3: 0 affected pairs, 0 assetTxs
I0304 16:57:10.050266   44890 rocksdb_coordinatetype.go:552] ASSET-DEBUG processAssetsCoordinateType: block=1015 txs=1
I0304 16:57:10.050268   44890 rocksdb_coordinatetype.go:731] ASSET-DEBUG Phase3: 0 affected pairs, 0 assetTxs
I0304 16:57:10.050498   44890 rocksdb_coordinatetype.go:552] ASSET-DEBUG processAssetsCoordinateType: block=1016 txs=1
I0304 16:57:10.050514   44890 rocksdb_coordinatetype.go:731] ASSET-DEBUG Phase3: 0 affected pairs, 0 assetTxs
I0304 16:57:10.050699   44890 rocksdb_coordinatetype.go:552] ASSET-DEBUG processAssetsCoordinateType: block=1017 txs=1
I0304 16:57:10.050702   44890 rocksdb_coordinatetype.go:731] ASSET-DEBUG Phase3: 0 affected pairs, 0 assetTxs
I0304 16:57:10.050716   44890 rocksdb_coordinatetype.go:552] ASSET-DEBUG processAssetsCoordinateType: block=1018 txs=1
I0304 16:57:10.050717   44890 rocksdb_coordinatetype.go:731] ASSET-DEBUG Phase3: 0 affected pairs, 0 assetTxs
I0304 16:57:10.050761   44890 rocksdb_coordinatetype.go:552] ASSET-DEBUG processAssetsCoordinateType: block=1019 txs=1
I0304 16:57:10.050763   44890 rocksdb_coordinatetype.go:731] ASSET-DEBUG Phase3: 0 affected pairs, 0 assetTxs
I0304 16:57:10.050950   44890 rocksdb_coordinatetype.go:552] ASSET-DEBUG processAssetsCoordinateType: block=1020 txs=1
I0304 16:57:10.050952   44890 rocksdb_coordinatetype.go:731] ASSET-DEBUG Phase3: 0 affected pairs, 0 assetTxs
I0304 16:57:10.050966   44890 rocksdb_coordinatetype.go:552] ASSET-DEBUG processAssetsCoordinateType: block=1021 txs=1
I0304 16:57:10.050968   44890 rocksdb_coordinatetype.go:731] ASSET-DEBUG Phase3: 0 affected pairs, 0 assetTxs
I0304 16:57:10.051414   44890 rocksdb_coordinatetype.go:552] ASSET-DEBUG processAssetsCoordinateType: block=1022 txs=2
I0304 16:57:10.051420   44890 rocksdb_coordinatetype.go:562] ASSET-DEBUG Phase1: FOUND v10 tx=b1dcbfa0481e1bc27ec3cd5fcc4d5b03e411d6a83f2f28eba6ef9be4fd73111d vouts=3 coinSpecific=true coinSpecificType=json.RawMessage
I0304 16:57:10.051430   44890 rocksdb_coordinatetype.go:852] ASSET-DEBUG tagUtxo: TAGGED vout=0 isController=true value=100000000
I0304 16:57:10.051432   44890 rocksdb_coordinatetype.go:852] ASSET-DEBUG tagUtxo: TAGGED vout=1 isController=false value=10000000000
I0304 16:57:10.051435   44890 rocksdb_coordinatetype.go:947] ASSET-DEBUG fillMetadata: CoinSpecificData type=json.RawMessage
I0304 16:57:10.051437   44890 rocksdb_coordinatetype.go:962] ASSET-DEBUG fillMetadata: raw JSON len=2687, first100={"txid":"b1dcbfa0481e1bc27ec3cd5fcc4d5b03e411d6a83f2f28eba6ef9be4fd73111d","hash":"b6ad191aab2e26e16
I0304 16:57:10.051453   44890 rocksdb_coordinatetype.go:970] ASSET-DEBUG fillMetadata: parsed ticker="TEST3" headline="Test Asset 3" precision=0 assetType=1
I0304 16:57:10.051462   44890 rocksdb_coordinatetype.go:644] ASSET-DEBUG Phase1: writing registry ticker="TEST3" headline="Test Asset 3" precision=8 assetType=1 supply=10000000000 ctrlOut=b1dcbfa0481e1bc27ec3cd5fcc4d5b03e411d6a83f2f28eba6ef9be4fd73111d00
I0304 16:57:10.051468   44890 rocksdb_coordinatetype.go:649] ASSET-DEBUG Phase1: regKey=61633ab1dcbfa0481e1bc27ec3cd5fcc4d5b03e411d6a83f2f28eba6ef9be4fd73111d00 packedLen=62
I0304 16:57:10.051474   44890 rocksdb_coordinatetype.go:731] ASSET-DEBUG Phase3: 2 affected pairs, 1 assetTxs
I0304 16:57:10.051537   44890 rocksdb_coordinatetype.go:552] ASSET-DEBUG processAssetsCoordinateType: block=1023 txs=1
I0304 16:57:10.051552   44890 rocksdb_coordinatetype.go:731] ASSET-DEBUG Phase3: 0 affected pairs, 0 assetTxs
I0304 16:57:10.051606   44890 rocksdb_coordinatetype.go:552] ASSET-DEBUG processAssetsCoordinateType: block=1024 txs=1
I0304 16:57:10.051611   44890 rocksdb_coordinatetype.go:731] ASSET-DEBUG Phase3: 0 affected pairs, 0 assetTxs
I0304 16:57:10.051653   44890 rocksdb_coordinatetype.go:552] ASSET-DEBUG processAssetsCoordinateType: block=1025 txs=1
I0304 16:57:10.051661   44890 rocksdb_coordinatetype.go:731] ASSET-DEBUG Phase3: 0 affected pairs, 0 assetTxs
I0304 16:57:10.052023   44890 rocksdb_coordinatetype.go:552] ASSET-DEBUG processAssetsCoordinateType: block=1026 txs=1
I0304 16:57:10.052029   44890 rocksdb_coordinatetype.go:731] ASSET-DEBUG Phase3: 0 affected pairs, 0 assetTxs
I0304 16:57:10.052089   44890 rocksdb_coordinatetype.go:552] ASSET-DEBUG processAssetsCoordinateType: block=1027 txs=1
I0304 16:57:10.052095   44890 rocksdb_coordinatetype.go:731] ASSET-DEBUG Phase3: 0 affected pairs, 0 assetTxs
I0304 16:57:10.052185   44890 rocksdb_coordinatetype.go:552] ASSET-DEBUG processAssetsCoordinateType: block=1028 txs=1
I0304 16:57:10.052191   44890 rocksdb_coordinatetype.go:731] ASSET-DEBUG Phase3: 0 affected pairs, 0 assetTxs
I0304 16:57:10.052585   44890 sync.go:543] getBlockWorker 2 exiting...
I0304 16:57:10.052595   44890 sync.go:543] getBlockWorker 6 exiting...
I0304 16:57:10.052598   44890 sync.go:543] getBlockWorker 4 exiting...
I0304 16:57:10.052626   44890 sync.go:543] getBlockWorker 1 exiting...
I0304 16:57:10.052636   44890 rocksdb_coordinatetype.go:552] ASSET-DEBUG processAssetsCoordinateType: block=1029 txs=1
I0304 16:57:10.052639   44890 rocksdb_coordinatetype.go:731] ASSET-DEBUG Phase3: 0 affected pairs, 0 assetTxs
I0304 16:57:10.052675   44890 rocksdb_coordinatetype.go:552] ASSET-DEBUG processAssetsCoordinateType: block=1030 txs=1
I0304 16:57:10.052677   44890 rocksdb_coordinatetype.go:731] ASSET-DEBUG Phase3: 0 affected pairs, 0 assetTxs
I0304 16:57:10.052705   44890 rocksdb_coordinatetype.go:552] ASSET-DEBUG processAssetsCoordinateType: block=1031 txs=1
I0304 16:57:10.052709   44890 rocksdb_coordinatetype.go:731] ASSET-DEBUG Phase3: 0 affected pairs, 0 assetTxs
I0304 16:57:10.052723   44890 sync.go:543] getBlockWorker 5 exiting...
I0304 16:57:10.052727   44890 sync.go:543] getBlockWorker 7 exiting...
I0304 16:57:10.052868   44890 sync.go:543] getBlockWorker 3 exiting...
I0304 16:57:10.052880   44890 rocksdb_coordinatetype.go:552] ASSET-DEBUG processAssetsCoordinateType: block=1032 txs=1
I0304 16:57:10.052883   44890 rocksdb_coordinatetype.go:731] ASSET-DEBUG Phase3: 0 affected pairs, 0 assetTxs
I0304 16:57:10.052906   44890 sync.go:543] getBlockWorker 0 exiting...
I0304 16:57:10.052918   44890 rocksdb_coordinatetype.go:552] ASSET-DEBUG processAssetsCoordinateType: block=1033 txs=2
I0304 16:57:10.052920   44890 rocksdb_coordinatetype.go:562] ASSET-DEBUG Phase1: FOUND v10 tx=9f22d63293a74ac7542e5927f710e11503a53a06da92dc2478536758e5f1ff8e vouts=3 coinSpecific=true coinSpecificType=json.RawMessage
I0304 16:57:10.052925   44890 rocksdb_coordinatetype.go:852] ASSET-DEBUG tagUtxo: TAGGED vout=0 isController=true value=100000000
I0304 16:57:10.052930   44890 rocksdb_coordinatetype.go:852] ASSET-DEBUG tagUtxo: TAGGED vout=1 isController=false value=10000000000
I0304 16:57:10.052932   44890 rocksdb_coordinatetype.go:947] ASSET-DEBUG fillMetadata: CoinSpecificData type=json.RawMessage
I0304 16:57:10.052934   44890 rocksdb_coordinatetype.go:962] ASSET-DEBUG fillMetadata: raw JSON len=2687, first100={"txid":"9f22d63293a74ac7542e5927f710e11503a53a06da92dc2478536758e5f1ff8e","hash":"195f28ffc43c4ffb4
I0304 16:57:10.052954   44890 rocksdb_coordinatetype.go:970] ASSET-DEBUG fillMetadata: parsed ticker="TEST3" headline="Test Asset 3" precision=0 assetType=1
I0304 16:57:10.052958   44890 rocksdb_coordinatetype.go:644] ASSET-DEBUG Phase1: writing registry ticker="TEST3" headline="Test Asset 3" precision=8 assetType=1 supply=10000000000 ctrlOut=9f22d63293a74ac7542e5927f710e11503a53a06da92dc2478536758e5f1ff8e00
I0304 16:57:10.052963   44890 rocksdb_coordinatetype.go:649] ASSET-DEBUG Phase1: regKey=61633a9f22d63293a74ac7542e5927f710e11503a53a06da92dc2478536758e5f1ff8e00 packedLen=62
I0304 16:57:10.052967   44890 rocksdb_coordinatetype.go:731] ASSET-DEBUG Phase3: 2 affected pairs, 1 assetTxs
I0304 16:57:10.052988   44890 bulkconnect.go:510] rocksdb: bulk connect closing
I0304 16:57:10.053412   44890 bulkconnect.go:178] rocksdb: height 1033, stored 13 balances, 0 remaining, done in 394.167µs
I0304 16:57:10.053720   44890 bulkconnect.go:138] rocksdb: height 1033, stored 1038 (0 spent) txAddresses, 0 remaining, done in 716.375µs
I0304 16:57:10.053891   44890 bulkconnect.go:542] rocksdb: height 1033, stored 1055 addresses, done in 897.708µs, txs=1038 vin=1038 vout=3111
I0304 16:57:10.053924   44890 bulkconnect.go:563] rocksdb: bulk connect closed, db set to open state
I0304 16:57:10.053930   44890 sync.go:593] WriteBlock exiting...
I0304 16:57:10.054026   44890 sync.go:172] resync: synced at 1033 f2fdf79dd5740053eeb88a3335b671714cad2d4d61a118a40b64686f70f0ba35
I0304 16:57:10.054207   44890 internalstate.go:251] set 1034 block times, average block period 151s
I0304 16:57:10.054211   44890 rocksdb.go:2008] rocksdb: processed block times in 268.292µs
I0304 16:57:10.054224   44890 sync.go:151] resync: finished in 120.334917ms
I0304 16:57:10.054330   44890 mq.go:60] MQ listening to tcp://127.0.0.1:37000
I0304 16:57:10.054414   44890 mempool_bitcoin_type.go:478] mempool: resync finished size=0 missing=0 outpoint_cache_entries=0 outpoint_cache_hits=0 outpoint_cache_misses=0 outpoint_cache_hit_rate=0.000 batch_size=1 batch_workers=0 list_duration=0s process_duration=0s duration=0s avg_per_tx=0s
I0304 16:57:10.054451   44890 blockbook.go:545] syncIndexLoop starting
I0304 16:57:10.054458   44890 blockbook.go:591] syncMempoolLoop starting
I0304 16:57:10.054480   44890 blockbook.go:618] storeInternalStateLoop starting with db stats recompute period 27h21m14.167830928s
I0304 16:57:29.929129   44890 xpub.go:98] Evicted 0 items from xpub cache, cache size 0
I0304 16:57:32.845765   44890 xpub.go:733] GetXpubUtxo vpub5Y67dx5KUXU9GdirBfNauhasYg, cache false, 1 utxos,  8.781208ms
I0304 16:57:32.851298   44890 worker.go:1985] GetAddressUtxo ccrt1z764asmvvaazdl7dyvh9fysrzxfg2ptd2cmuek7537anuhknjhrvs7wcumz, 0 utxos, 54.083µs
I0304 16:57:32.856017   44890 worker.go:2609] GetSystemInfo, 723µs
I0304 16:57:48.055769   44890 xpub.go:733] GetXpubUtxo vpub5Y67dx5KUXU9GdirBfNauhasYg, cache true, 1 utxos,  205.542µs
I0304 16:57:48.060710   44890 worker.go:1985] GetAddressUtxo ccrt1z764asmvvaazdl7dyvh9fysrzxfg2ptd2cmuek7537anuhknjhrvs7wcumz, 0 utxos, 33.333µs
I0304 16:57:48.064967   44890 worker.go:2609] GetSystemInfo, 904µs
I0304 16:57:49.930162   44890 xpub.go:98] Evicted 0 items from xpub cache, cache size 1
I0304 16:57:51.835625   44890 xpub.go:733] GetXpubUtxo vpub5Y67dx5KUXU9GdirBfNauhasYg, cache true, 1 utxos,  399.667µs
I0304 16:57:51.842970   44890 worker.go:1985] GetAddressUtxo ccrt1z764asmvvaazdl7dyvh9fysrzxfg2ptd2cmuek7537anuhknjhrvs7wcumz, 0 utxos, 53.083µs
I0304 16:57:51.848051   44890 worker.go:2609] GetSystemInfo, 1.395ms
I0304 16:57:56.839985   44890 xpub.go:733] GetXpubUtxo vpub5Y67dx5KUXU9GdirBfNauhasYg, cache true, 1 utxos,  231.125µs
I0304 16:57:56.843383   44890 worker.go:1985] GetAddressUtxo ccrt1z764asmvvaazdl7dyvh9fysrzxfg2ptd2cmuek7537anuhknjhrvs7wcumz, 0 utxos, 26.917µs
I0304 16:57:56.847730   44890 worker.go:2609] GetSystemInfo, 718µs
I0304 16:58:01.835201   44890 xpub.go:733] GetXpubUtxo vpub5Y67dx5KUXU9GdirBfNauhasYg, cache true, 1 utxos,  290.333µs
I0304 16:58:01.839354   44890 worker.go:1985] GetAddressUtxo ccrt1z764asmvvaazdl7dyvh9fysrzxfg2ptd2cmuek7537anuhknjhrvs7wcumz, 0 utxos, 30.916µs
I0304 16:58:01.844555   44890 worker.go:2609] GetSystemInfo, 658µs
I0304 16:58:06.834397   44890 xpub.go:733] GetXpubUtxo vpub5Y67dx5KUXU9GdirBfNauhasYg, cache true, 1 utxos,  380.083µs
I0304 16:58:06.837268   44890 worker.go:1985] GetAddressUtxo ccrt1z764asmvvaazdl7dyvh9fysrzxfg2ptd2cmuek7537anuhknjhrvs7wcumz, 0 utxos, 29.083µs
I0304 16:58:06.841767   44890 worker.go:2609] GetSystemInfo, 926µs
I0304 16:58:09.930608   44890 xpub.go:98] Evicted 0 items from xpub cache, cache size 1
I0304 16:58:10.073388   44890 mempool_bitcoin_type.go:478] mempool: resync finished size=0 missing=0 outpoint_cache_entries=0 outpoint_cache_hits=0 outpoint_cache_misses=0 outpoint_cache_hit_rate=0.000 batch_size=1 batch_workers=0 list_duration=1ms process_duration=0s duration=1ms avg_per_tx=0s
I0304 16:58:11.833654   44890 xpub.go:733] GetXpubUtxo vpub5Y67dx5KUXU9GdirBfNauhasYg, cache true, 1 utxos,  294µs
I0304 16:58:11.837202   44890 worker.go:1985] GetAddressUtxo ccrt1z764asmvvaazdl7dyvh9fysrzxfg2ptd2cmuek7537anuhknjhrvs7wcumz, 0 utxos, 27.625µs
I0304 16:58:11.842196   44890 worker.go:2609] GetSystemInfo, 1.165ms
I0304 16:58:16.838738   44890 xpub.go:733] GetXpubUtxo vpub5Y67dx5KUXU9GdirBfNauhasYg, cache true, 1 utxos,  441.916µs
I0304 16:58:16.842712   44890 worker.go:1985] GetAddressUtxo ccrt1z764asmvvaazdl7dyvh9fysrzxfg2ptd2cmuek7537anuhknjhrvs7wcumz, 0 utxos, 41.125µs
I0304 16:58:16.848483   44890 worker.go:2609] GetSystemInfo, 1.215ms
I0304 16:58:21.835378   44890 xpub.go:733] GetXpubUtxo vpub5Y67dx5KUXU9GdirBfNauhasYg, cache true, 1 utxos,  175.583µs
I0304 16:58:21.839837   44890 worker.go:1985] GetAddressUtxo ccrt1z764asmvvaazdl7dyvh9fysrzxfg2ptd2cmuek7537anuhknjhrvs7wcumz, 0 utxos, 29.542µs
I0304 16:58:21.844972   44890 worker.go:2609] GetSystemInfo, 863µs
I0304 16:58:26.835462   44890 xpub.go:733] GetXpubUtxo vpub5Y67dx5KUXU9GdirBfNauhasYg, cache true, 1 utxos,  319.416µs
I0304 16:58:26.838753   44890 worker.go:1985] GetAddressUtxo ccrt1z764asmvvaazdl7dyvh9fysrzxfg2ptd2cmuek7537anuhknjhrvs7wcumz, 0 utxos, 35.333µs
I0304 16:58:26.844257   44890 worker.go:2609] GetSystemInfo, 1.236ms
I0304 16:58:29.931790   44890 xpub.go:98] Evicted 0 items from xpub cache, cache size 1
I0304 16:58:31.834726   44890 xpub.go:733] GetXpubUtxo vpub5Y67dx5KUXU9GdirBfNauhasYg, cache true, 1 utxos,  238.666µs
I0304 16:58:31.837983   44890 worker.go:1985] GetAddressUtxo ccrt1z764asmvvaazdl7dyvh9fysrzxfg2ptd2cmuek7537anuhknjhrvs7wcumz, 0 utxos, 45.792µs
I0304 16:58:31.842227   44890 worker.go:2609] GetSystemInfo, 684µs
I0304 16:58:36.841770   44890 xpub.go:733] GetXpubUtxo vpub5Y67dx5KUXU9GdirBfNauhasYg, cache true, 1 utxos,  966.791µs
I0304 16:58:36.845503   44890 worker.go:1985] GetAddressUtxo ccrt1z764asmvvaazdl7dyvh9fysrzxfg2ptd2cmuek7537anuhknjhrvs7wcumz, 0 utxos, 41.375µs
I0304 16:58:36.849858   44890 worker.go:2609] GetSystemInfo, 1.052ms
I0304 16:58:41.832747   44890 xpub.go:733] GetXpubUtxo vpub5Y67dx5KUXU9GdirBfNauhasYg, cache true, 1 utxos,  326.083µs
I0304 16:58:41.838041   44890 worker.go:1985] GetAddressUtxo ccrt1z764asmvvaazdl7dyvh9fysrzxfg2ptd2cmuek7537anuhknjhrvs7wcumz, 0 utxos, 25.041µs
I0304 16:58:41.842158   44890 worker.go:2609] GetSystemInfo, 923µs
I0304 16:58:46.840277   44890 xpub.go:733] GetXpubUtxo vpub5Y67dx5KUXU9GdirBfNauhasYg, cache true, 1 utxos,  396.708µs
I0304 16:58:46.844685   44890 worker.go:1985] GetAddressUtxo ccrt1z764asmvvaazdl7dyvh9fysrzxfg2ptd2cmuek7537anuhknjhrvs7wcumz, 0 utxos, 33.666µs
I0304 16:58:46.849292   44890 worker.go:2609] GetSystemInfo, 639µs
I0304 16:58:49.932934   44890 xpub.go:98] Evicted 0 items from xpub cache, cache size 1
I0304 16:58:51.832829   44890 xpub.go:733] GetXpubUtxo vpub5Y67dx5KUXU9GdirBfNauhasYg, cache true, 1 utxos,  177.208µs
I0304 16:58:51.835435   44890 worker.go:1985] GetAddressUtxo ccrt1z764asmvvaazdl7dyvh9fysrzxfg2ptd2cmuek7537anuhknjhrvs7wcumz, 0 utxos, 17.625µs
I0304 16:58:51.839168   44890 worker.go:2609] GetSystemInfo, 1.206ms
I0304 16:58:56.849238   44890 xpub.go:733] GetXpubUtxo vpub5Y67dx5KUXU9GdirBfNauhasYg, cache true, 1 utxos,  155.833µs
I0304 16:58:56.855184   44890 worker.go:1985] GetAddressUtxo ccrt1z764asmvvaazdl7dyvh9fysrzxfg2ptd2cmuek7537anuhknjhrvs7wcumz, 0 utxos, 22.958µs
I0304 16:58:56.861203   44890 worker.go:2609] GetSystemInfo, 569µs
I0304 16:59:01.838256   44890 xpub.go:733] GetXpubUtxo vpub5Y67dx5KUXU9GdirBfNauhasYg, cache true, 1 utxos,  406.084µs
I0304 16:59:01.841454   44890 worker.go:1985] GetAddressUtxo ccrt1z764asmvvaazdl7dyvh9fysrzxfg2ptd2cmuek7537anuhknjhrvs7wcumz, 0 utxos, 38.125µs
I0304 16:59:01.846658   44890 worker.go:2609] GetSystemInfo, 1.252ms
I0304 16:59:09.934060   44890 xpub.go:98] Evicted 0 items from xpub cache, cache size 1
I0304 16:59:10.092770   44890 mempool_bitcoin_type.go:478] mempool: resync finished size=0 missing=0 outpoint_cache_entries=0 outpoint_cache_hits=0 outpoint_cache_misses=0 outpoint_cache_hit_rate=0.000 batch_size=1 batch_workers=0 list_duration=1ms process_duration=0s duration=1ms avg_per_tx=0s
I0304 16:59:29.935292   44890 xpub.go:98] Evicted 0 items from xpub cache, cache size 1
I0304 16:59:32.836782   44890 xpub.go:733] GetXpubUtxo vpub5Y67dx5KUXU9GdirBfNauhasYg, cache true, 1 utxos,  648.5µs
I0304 16:59:32.840790   44890 worker.go:1985] GetAddressUtxo ccrt1z764asmvvaazdl7dyvh9fysrzxfg2ptd2cmuek7537anuhknjhrvs7wcumz, 0 utxos, 35.5µs
I0304 16:59:32.847452   44890 worker.go:2609] GetSystemInfo, 1.557ms
I0304 16:59:49.936270   44890 xpub.go:98] Evicted 0 items from xpub cache, cache size 1
I0304 17:00:02.108305   44890 worker.go:1566] GetAddress-1 ccrt1qnj6cakagjqys8tr074w79923zu5raeqvm2sl4t, 169.875µs
I0304 17:00:08.824468   44890 worker.go:1985] GetAddressUtxo ccrt1qnj6cakagjqys8tr074w79923zu5raeqvm2sl4t, 1 utxos, 197µs
I0304 17:00:09.937531   44890 xpub.go:98] Evicted 0 items from xpub cache, cache size 1
I0304 17:00:10.112597   44890 mempool_bitcoin_type.go:478] mempool: resync finished size=0 missing=0 outpoint_cache_entries=0 outpoint_cache_hits=0 outpoint_cache_misses=0 outpoint_cache_hit_rate=0.000 batch_size=1 batch_workers=0 list_duration=1ms process_duration=0s duration=1ms avg_per_tx=0s
I0304 17:00:14.352621   44890 xpub.go:688] GetXpubAddress vpub5Y67dx5KUXU9GdirBfNauhasYg, cache true, 1 txs, 320.041µs
I0304 17:00:29.938840   44890 xpub.go:98] Evicted 0 items from xpub cache, cache size 1
I0304 17:00:32.844176   44890 xpub.go:733] GetXpubUtxo vpub5Y67dx5KUXU9GdirBfNauhasYg, cache true, 1 utxos,  193.625µs
I0304 17:00:32.849031   44890 worker.go:1985] GetAddressUtxo ccrt1z764asmvvaazdl7dyvh9fysrzxfg2ptd2cmuek7537anuhknjhrvs7wcumz, 0 utxos, 51.459µs
I0304 17:00:32.856245   44890 worker.go:2609] GetSystemInfo, 772µs
I0304 17:00:49.940114   44890 xpub.go:98] Evicted 0 items from xpub cache, cache size 1
I0304 17:01:09.941351   44890 xpub.go:98] Evicted 0 items from xpub cache, cache size 1
I0304 17:01:10.131939   44890 mempool_bitcoin_type.go:478] mempool: resync finished size=0 missing=0 outpoint_cache_entries=0 outpoint_cache_hits=0 outpoint_cache_misses=0 outpoint_cache_hit_rate=0.000 batch_size=1 batch_workers=0 list_duration=1ms process_duration=0s duration=1ms avg_per_tx=0s
I0304 17:01:29.942589   44890 xpub.go:98] Evicted 0 items from xpub cache, cache size 1
I0304 17:01:32.840601   44890 xpub.go:733] GetXpubUtxo vpub5Y67dx5KUXU9GdirBfNauhasYg, cache true, 1 utxos,  190.5µs
I0304 17:01:32.846518   44890 worker.go:1985] GetAddressUtxo ccrt1z764asmvvaazdl7dyvh9fysrzxfg2ptd2cmuek7537anuhknjhrvs7wcumz, 0 utxos, 41.292µs
I0304 17:01:32.853259   44890 worker.go:2609] GetSystemInfo, 1.006ms
I0304 17:01:49.639734   44890 xpub.go:733] GetXpubUtxo vpub5Y67dx5KUXU9GdirBfNauhasYg, cache true, 1 utxos,  193.583µs
I0304 17:01:49.643035   44890 worker.go:1985] GetAddressUtxo ccrt1z764asmvvaazdl7dyvh9fysrzxfg2ptd2cmuek7537anuhknjhrvs7wcumz, 0 utxos, 20.125µs
I0304 17:01:49.653575   44890 worker.go:2609] GetSystemInfo, 1.039ms
I0304 17:01:49.943929   44890 xpub.go:98] Evicted 0 items from xpub cache, cache size 1
I0304 17:02:09.945173   44890 xpub.go:98] Evicted 0 items from xpub cache, cache size 1
I0304 17:02:10.879624   44890 mempool_bitcoin_type.go:478] mempool: resync finished size=1 missing=1 outpoint_cache_entries=3 outpoint_cache_hits=0 outpoint_cache_misses=0 outpoint_cache_hit_rate=0.000 batch_size=1 batch_workers=0 list_duration=1ms process_duration=5ms duration=6ms avg_per_tx=5.6ms
I0304 17:02:22.620827   44890 mempool_bitcoin_type.go:478] mempool: resync finished size=0 missing=0 outpoint_cache_entries=0 outpoint_cache_hits=0 outpoint_cache_misses=0 outpoint_cache_hit_rate=0.000 batch_size=1 batch_workers=0 list_duration=1ms process_duration=0s duration=1ms avg_per_tx=0s
I0304 17:02:22.626626   44890 sync.go:186] resync: local at 1033 is behind
W0304 17:02:22.628139   44890 rocksdb.go:403] CONNECT-DEBUG block 1=============
W0304 17:02:22.628180   44890 rocksdb.go:419] CONNECT-DEBUG block 0=============
W0304 17:02:22.628210   44890 rocksdb.go:426] CONNECT-DEBUG block 1=============
W0304 17:02:22.628409   44890 rocksdb.go:439] CONNECT-DEBUG block=1034 assetAware=true txCount=2
I0304 17:02:22.628427   44890 rocksdb_coordinatetype.go:552] ASSET-DEBUG processAssetsCoordinateType: block=1034 txs=2
I0304 17:02:22.628463   44890 rocksdb_coordinatetype.go:562] ASSET-DEBUG Phase1: FOUND v10 tx=dc8535d21206d28239d437ae4785c1c663943f8ccd3f83507aef17ec87b3c92c vouts=3 coinSpecific=true coinSpecificType=json.RawMessage
I0304 17:02:22.628487   44890 rocksdb_coordinatetype.go:852] ASSET-DEBUG tagUtxo: TAGGED vout=0 isController=true value=100000000
I0304 17:02:22.628500   44890 rocksdb_coordinatetype.go:852] ASSET-DEBUG tagUtxo: TAGGED vout=1 isController=false value=10000000000
I0304 17:02:22.628511   44890 rocksdb_coordinatetype.go:947] ASSET-DEBUG fillMetadata: CoinSpecificData type=json.RawMessage
I0304 17:02:22.628523   44890 rocksdb_coordinatetype.go:962] ASSET-DEBUG fillMetadata: raw JSON len=2683, first100={"txid":"dc8535d21206d28239d437ae4785c1c663943f8ccd3f83507aef17ec87b3c92c","hash":"98c6c949886bd1eea
I0304 17:02:22.628598   44890 rocksdb_coordinatetype.go:970] ASSET-DEBUG fillMetadata: parsed ticker="TEST3" headline="Test Asset 3" precision=0 assetType=1
I0304 17:02:22.628612   44890 rocksdb_coordinatetype.go:644] ASSET-DEBUG Phase1: writing registry ticker="TEST3" headline="Test Asset 3" precision=8 assetType=1 supply=10000000000 ctrlOut=dc8535d21206d28239d437ae4785c1c663943f8ccd3f83507aef17ec87b3c92c00
I0304 17:02:22.628636   44890 rocksdb_coordinatetype.go:649] ASSET-DEBUG Phase1: regKey=61633adc8535d21206d28239d437ae4785c1c663943f8ccd3f83507aef17ec87b3c92c00 packedLen=62
I0304 17:02:22.628666   44890 rocksdb_coordinatetype.go:731] ASSET-DEBUG Phase3: 2 affected pairs, 1 assetTxs
W0304 17:02:22.632962   44890 rocksdb.go:403] CONNECT-DEBUG block 1=============
W0304 17:02:22.632979   44890 rocksdb.go:419] CONNECT-DEBUG block 0=============
I0304 17:02:22.632985   44890 websocket.go:1014] broadcasting new block 1034 8bdcdf2adef9dc7c2697890edc6ce6216ff8ae589a2a289e75e364c455933966 to 0 channels
W0304 17:02:22.633005   44890 rocksdb.go:426] CONNECT-DEBUG block 1=============
I0304 17:02:22.632973   44890 socketio.go:724] broadcasting new block hash 8bdcdf2adef9dc7c2697890edc6ce6216ff8ae589a2a289e75e364c455933966 to 0 channels
W0304 17:02:22.633026   44890 rocksdb.go:439] CONNECT-DEBUG block=1035 assetAware=true txCount=1
I0304 17:02:22.633034   44890 rocksdb_coordinatetype.go:552] ASSET-DEBUG processAssetsCoordinateType: block=1035 txs=1
I0304 17:02:22.633038   44890 rocksdb_coordinatetype.go:731] ASSET-DEBUG Phase3: 0 affected pairs, 0 assetTxs
W0304 17:02:22.633114   44890 rocksdb.go:403] CONNECT-DEBUG block 1=============
W0304 17:02:22.633119   44890 rocksdb.go:419] CONNECT-DEBUG block 0=============
I0304 17:02:22.633120   44890 socketio.go:724] broadcasting new block hash c15a0af69d90bedaa15a1dc6c70248bc702288a3c0550c6759254d67f0cdaa6d to 0 channels
W0304 17:02:22.633125   44890 rocksdb.go:426] CONNECT-DEBUG block 1=============
I0304 17:02:22.633140   44890 websocket.go:1014] broadcasting new block 1035 c15a0af69d90bedaa15a1dc6c70248bc702288a3c0550c6759254d67f0cdaa6d to 0 channels
W0304 17:02:22.633177   44890 rocksdb.go:439] CONNECT-DEBUG block=1036 assetAware=true txCount=1
I0304 17:02:22.633188   44890 rocksdb_coordinatetype.go:552] ASSET-DEBUG processAssetsCoordinateType: block=1036 txs=1
I0304 17:02:22.633193   44890 rocksdb_coordinatetype.go:731] ASSET-DEBUG Phase3: 0 affected pairs, 0 assetTxs
W0304 17:02:22.633253   44890 rocksdb.go:403] CONNECT-DEBUG block 1=============
I0304 17:02:22.633263   44890 socketio.go:724] broadcasting new block hash 1e5284609ed1b2a8bb363ad352849599620b6b5865a7df8b7134c27855647a0f to 0 channels
W0304 17:02:22.633258   44890 rocksdb.go:419] CONNECT-DEBUG block 0=============
W0304 17:02:22.633277   44890 rocksdb.go:426] CONNECT-DEBUG block 1=============
I0304 17:02:22.633282   44890 websocket.go:1014] broadcasting new block 1036 1e5284609ed1b2a8bb363ad352849599620b6b5865a7df8b7134c27855647a0f to 0 channels
W0304 17:02:22.633299   44890 rocksdb.go:439] CONNECT-DEBUG block=1037 assetAware=true txCount=1
I0304 17:02:22.633304   44890 rocksdb_coordinatetype.go:552] ASSET-DEBUG processAssetsCoordinateType: block=1037 txs=1
I0304 17:02:22.633320   44890 rocksdb_coordinatetype.go:731] ASSET-DEBUG Phase3: 0 affected pairs, 0 assetTxs
W0304 17:02:22.633405   44890 rocksdb.go:403] CONNECT-DEBUG block 1=============
W0304 17:02:22.633411   44890 rocksdb.go:419] CONNECT-DEBUG block 0=============
W0304 17:02:22.633417   44890 rocksdb.go:426] CONNECT-DEBUG block 1=============
W0304 17:02:22.633434   44890 rocksdb.go:439] CONNECT-DEBUG block=1038 assetAware=true txCount=1
I0304 17:02:22.633456   44890 rocksdb_coordinatetype.go:552] ASSET-DEBUG processAssetsCoordinateType: block=1038 txs=1
I0304 17:02:22.633459   44890 rocksdb_coordinatetype.go:731] ASSET-DEBUG Phase3: 0 affected pairs, 0 assetTxs
I0304 17:02:22.633410   44890 socketio.go:724] broadcasting new block hash 4ff2353ded4aa9b95e31ea40f48d601b7c9fdbe2391690b4ff980063f5c78960 to 0 channels
I0304 17:02:22.633466   44890 websocket.go:1014] broadcasting new block 1037 4ff2353ded4aa9b95e31ea40f48d601b7c9fdbe2391690b4ff980063f5c78960 to 0 channels
W0304 17:02:22.633538   44890 rocksdb.go:403] CONNECT-DEBUG block 1=============
W0304 17:02:22.633543   44890 rocksdb.go:419] CONNECT-DEBUG block 0=============
W0304 17:02:22.633548   44890 rocksdb.go:426] CONNECT-DEBUG block 1=============
I0304 17:02:22.633549   44890 socketio.go:724] broadcasting new block hash ab6f2a15df5ba43c0f3f58181f07442663c7af738ba833f01c7488e2d9c4f08d to 0 channels
I0304 17:02:22.633571   44890 websocket.go:1014] broadcasting new block 1038 ab6f2a15df5ba43c0f3f58181f07442663c7af738ba833f01c7488e2d9c4f08d to 0 channels
W0304 17:02:22.633601   44890 rocksdb.go:439] CONNECT-DEBUG block=1039 assetAware=true txCount=1
I0304 17:02:22.633615   44890 rocksdb_coordinatetype.go:552] ASSET-DEBUG processAssetsCoordinateType: block=1039 txs=1
I0304 17:02:22.633618   44890 rocksdb_coordinatetype.go:731] ASSET-DEBUG Phase3: 0 affected pairs, 0 assetTxs
W0304 17:02:22.633673   44890 rocksdb.go:403] CONNECT-DEBUG block 1=============
W0304 17:02:22.633679   44890 rocksdb.go:419] CONNECT-DEBUG block 0=============
I0304 17:02:22.633681   44890 socketio.go:724] broadcasting new block hash b83a3620eccf8ded2c7845e9feedb7aab86f6958cfbbe6dc2c7843c8e3923b78 to 0 channels
W0304 17:02:22.633684   44890 rocksdb.go:426] CONNECT-DEBUG block 1=============
I0304 17:02:22.633696   44890 websocket.go:1014] broadcasting new block 1039 b83a3620eccf8ded2c7845e9feedb7aab86f6958cfbbe6dc2c7843c8e3923b78 to 0 channels
W0304 17:02:22.633708   44890 rocksdb.go:439] CONNECT-DEBUG block=1040 assetAware=true txCount=1
I0304 17:02:22.633713   44890 rocksdb_coordinatetype.go:552] ASSET-DEBUG processAssetsCoordinateType: block=1040 txs=1
I0304 17:02:22.633716   44890 rocksdb_coordinatetype.go:731] ASSET-DEBUG Phase3: 0 affected pairs, 0 assetTxs
W0304 17:02:22.633772   44890 rocksdb.go:403] CONNECT-DEBUG block 1=============
W0304 17:02:22.633777   44890 rocksdb.go:419] CONNECT-DEBUG block 0=============
I0304 17:02:22.633776   44890 socketio.go:724] broadcasting new block hash 3c229fde744857116537ee7115a74286dcc6f4ea39a5e81221a2ec7025e3862b to 0 channels
W0304 17:02:22.633781   44890 rocksdb.go:426] CONNECT-DEBUG block 1=============
W0304 17:02:22.633795   44890 rocksdb.go:439] CONNECT-DEBUG block=1041 assetAware=true txCount=1
I0304 17:02:22.633800   44890 rocksdb_coordinatetype.go:552] ASSET-DEBUG processAssetsCoordinateType: block=1041 txs=1
I0304 17:02:22.633802   44890 rocksdb_coordinatetype.go:731] ASSET-DEBUG Phase3: 0 affected pairs, 0 assetTxs
I0304 17:02:22.633838   44890 websocket.go:1014] broadcasting new block 1040 3c229fde744857116537ee7115a74286dcc6f4ea39a5e81221a2ec7025e3862b to 0 channels
W0304 17:02:22.633887   44890 rocksdb.go:403] CONNECT-DEBUG block 1=============
I0304 17:02:22.633893   44890 socketio.go:724] broadcasting new block hash 70536e419314227e0dcb7508a2071f9fcb53e3dd56aa5b1798fc2ae9387aa8d1 to 0 channels
W0304 17:02:22.633891   44890 rocksdb.go:419] CONNECT-DEBUG block 0=============
I0304 17:02:22.633900   44890 websocket.go:1014] broadcasting new block 1041 70536e419314227e0dcb7508a2071f9fcb53e3dd56aa5b1798fc2ae9387aa8d1 to 0 channels
W0304 17:02:22.633905   44890 rocksdb.go:426] CONNECT-DEBUG block 1=============
W0304 17:02:22.633948   44890 rocksdb.go:439] CONNECT-DEBUG block=1042 assetAware=true txCount=1
I0304 17:02:22.633955   44890 rocksdb_coordinatetype.go:552] ASSET-DEBUG processAssetsCoordinateType: block=1042 txs=1
I0304 17:02:22.633959   44890 rocksdb_coordinatetype.go:731] ASSET-DEBUG Phase3: 0 affected pairs, 0 assetTxs
W0304 17:02:22.634009   44890 rocksdb.go:403] CONNECT-DEBUG block 1=============
W0304 17:02:22.634014   44890 rocksdb.go:419] CONNECT-DEBUG block 0=============
W0304 17:02:22.634019   44890 rocksdb.go:426] CONNECT-DEBUG block 1=============
I0304 17:02:22.634020   44890 socketio.go:724] broadcasting new block hash caecd4e7c7a788a693287cb7d26d91f6a685e6376790edc9fdcdccb678b7e77e to 0 channels
I0304 17:02:22.634033   44890 websocket.go:1014] broadcasting new block 1042 caecd4e7c7a788a693287cb7d26d91f6a685e6376790edc9fdcdccb678b7e77e to 0 channels
W0304 17:02:22.634040   44890 rocksdb.go:439] CONNECT-DEBUG block=1043 assetAware=true txCount=1
I0304 17:02:22.634045   44890 rocksdb_coordinatetype.go:552] ASSET-DEBUG processAssetsCoordinateType: block=1043 txs=1
I0304 17:02:22.634048   44890 rocksdb_coordinatetype.go:731] ASSET-DEBUG Phase3: 0 affected pairs, 0 assetTxs
I0304 17:02:22.634111   44890 socketio.go:724] broadcasting new block hash 6ee1a1ab760cd9502accccc3483af285b3387e96122a0cf8f446ad3232cc53e9 to 0 channels
I0304 17:02:22.634107   44890 websocket.go:1014] broadcasting new block 1043 6ee1a1ab760cd9502accccc3483af285b3387e96122a0cf8f446ad3232cc53e9 to 0 channels
I0304 17:02:22.634886   44890 sync.go:339] resync: synced at 1043 6ee1a1ab760cd9502accccc3483af285b3387e96122a0cf8f446ad3232cc53e9
I0304 17:02:22.635286   44890 sync.go:135] resync: finished in 9.640041ms
I0304 17:02:29.947846   44890 xpub.go:98] Evicted 0 items from xpub cache, cache size 1
I0304 17:02:49.949001   44890 xpub.go:98] Evicted 0 items from xpub cache, cache size 1
I0304 17:03:00.521388   44890 worker.go:1566] GetAddress-1 ccrt1qnj6cakagjqys8tr074w79923zu5raeqvm2sl4t, 254.75µs
I0304 17:03:09.658296   44890 worker.go:1566] GetAddress-1 ccrt1qnj6cakagjqys8tr074w79923zu5raeqvm2sl4t, 117.333µs
I0304 17:03:09.950248   44890 xpub.go:98] Evicted 0 items from xpub cache, cache size 1
I0304 17:03:11.992746   44890 worker.go:1566] GetAddress-1 ccrt1qnj6cakagjqys8tr074w79923zu5raeqvm2sl4t, 384.25µs
I0304 17:03:22.640805   44890 mempool_bitcoin_type.go:478] mempool: resync finished size=0 missing=0 outpoint_cache_entries=0 outpoint_cache_hits=0 outpoint_cache_misses=0 outpoint_cache_hit_rate=0.000 batch_size=1 batch_workers=0 list_duration=2ms process_duration=0s duration=2ms avg_per_tx=0s
I0304 17:03:29.950692   44890 xpub.go:98] Evicted 0 items from xpub cache, cache size 1
I0304 17:03:49.951883   44890 xpub.go:98] Evicted 0 items from xpub cache, cache size 1
I0304 17:04:09.953158   44890 xpub.go:98] Evicted 0 items from xpub cache, cache size 1
I0304 17:04:22.660159   44890 mempool_bitcoin_type.go:478] mempool: resync finished size=0 missing=0 outpoint_cache_entries=0 outpoint_cache_hits=0 outpoint_cache_misses=0 outpoint_cache_hit_rate=0.000 batch_size=1 batch_workers=0 list_duration=1ms process_duration=0s duration=1ms avg_per_tx=0s
I0304 17:04:29.954519   44890 xpub.go:98] Evicted 0 items from xpub cache, cache size 1
I0304 17:04:49.955685   44890 xpub.go:98] Evicted 0 items from xpub cache, cache size 1
I0304 17:05:09.956983   44890 xpub.go:98] Evicted 0 items from xpub cache, cache size 1
I0304 17:05:22.680386   44890 mempool_bitcoin_type.go:478] mempool: resync finished size=0 missing=0 outpoint_cache_entries=0 outpoint_cache_hits=0 outpoint_cache_misses=0 outpoint_cache_hit_rate=0.000 batch_size=1 batch_workers=0 list_duration=2ms process_duration=0s duration=2ms avg_per_tx=0s
I0304 17:05:29.958341   44890 xpub.go:98] Evicted 0 items from xpub cache, cache size 1
I0304 17:05:49.959578   44890 xpub.go:98] Evicted 0 items from xpub cache, cache size 1
I0304 17:06:09.960793   44890 xpub.go:98] Evicted 0 items from xpub cache, cache size 1
I0304 17:06:22.699763   44890 mempool_bitcoin_type.go:478] mempool: resync finished size=0 missing=0 outpoint_cache_entries=0 outpoint_cache_hits=0 outpoint_cache_misses=0 outpoint_cache_hit_rate=0.000 batch_size=1 batch_workers=0 list_duration=1ms process_duration=0s duration=1ms avg_per_tx=0s
I0304 17:06:29.962030   44890 xpub.go:98] Evicted 0 items from xpub cache, cache size 1
I0304 17:06:49.963243   44890 xpub.go:98] Evicted 0 items from xpub cache, cache size 1
I0304 17:07:09.964283   44890 xpub.go:98] Evicted 0 items from xpub cache, cache size 1
I0304 17:07:22.720059   44890 mempool_bitcoin_type.go:478] mempool: resync finished size=0 missing=0 outpoint_cache_entries=0 outpoint_cache_hits=0 outpoint_cache_misses=0 outpoint_cache_hit_rate=0.000 batch_size=1 batch_workers=0 list_duration=2ms process_duration=0s duration=2ms avg_per_tx=0s
I0304 17:07:29.965494   44890 xpub.go:98] Evicted 0 items from xpub cache, cache size 1
I0304 17:07:49.965955   44890 xpub.go:98] Evicted 0 items from xpub cache, cache size 1
I0304 17:08:09.967188   44890 xpub.go:98] Evicted 0 items from xpub cache, cache size 1
I0304 17:08:22.739973   44890 mempool_bitcoin_type.go:478] mempool: resync finished size=0 missing=0 outpoint_cache_entries=0 outpoint_cache_hits=0 outpoint_cache_misses=0 outpoint_cache_hit_rate=0.000 batch_size=1 batch_workers=0 list_duration=1ms process_duration=0s duration=1ms avg_per_tx=0s
I0304 17:08:29.968474   44890 xpub.go:98] Evicted 0 items from xpub cache, cache size 1
I0304 17:08:49.969689   44890 xpub.go:98] Evicted 0 items from xpub cache, cache size 1
I0304 17:09:09.970936   44890 xpub.go:98] Evicted 0 items from xpub cache, cache size 1
I0304 17:09:22.761443   44890 mempool_bitcoin_type.go:478] mempool: resync finished size=0 missing=0 outpoint_cache_entries=0 outpoint_cache_hits=0 outpoint_cache_misses=0 outpoint_cache_hit_rate=0.000 batch_size=1 batch_workers=0 list_duration=3ms process_duration=0s duration=3ms avg_per_tx=0s
I0304 17:09:29.971488   44890 xpub.go:98] Evicted 0 items from xpub cache, cache size 1
I0304 17:09:45.045345   44890 worker.go:1566] GetAddress-1 ccrt1qa5e0efards0eujktvw09tpxy07d4cknp26geyd, 334.292µs
I0304 17:09:49.972742   44890 xpub.go:98] Evicted 0 items from xpub cache, cache size 1
I0304 17:09:59.412865   44890 worker.go:1566] GetAddress-1 ccrt1qa5e0efards0eujktvw09tpxy07d4cknp26geyd, 385.75µs
I0304 17:09:59.426608   44890 worker.go:1985] GetAddressUtxo ccrt1qa5e0efards0eujktvw09tpxy07d4cknp26geyd, 2 utxos, 132.916µs
I0304 17:09:59.437272   44890 worker.go:1985] GetAddressUtxo ccrt1qa5e0efards0eujktvw09tpxy07d4cknp26geyd, 2 utxos, 42.792µs
I0304 17:09:59.445044   44890 worker.go:1566] GetAddress-1 ccrt1qa5e0efards0eujktvw09tpxy07d4cknp26geyd, 32.625µs
I0304 17:10:09.973520   44890 xpub.go:98] Evicted 0 items from xpub cache, cache size 1
I0304 17:10:22.781374   44890 mempool_bitcoin_type.go:478] mempool: resync finished size=0 missing=0 outpoint_cache_entries=0 outpoint_cache_hits=0 outpoint_cache_misses=0 outpoint_cache_hit_rate=0.000 batch_size=1 batch_workers=0 list_duration=2ms process_duration=0s duration=2ms avg_per_tx=0s
I0304 17:10:28.028911   44890 worker.go:1566] GetAddress-1 ccrt1qa5e0efards0eujktvw09tpxy07d4cknp26geyd, 149.875µs
I0304 17:10:29.974824   44890 xpub.go:98] Evicted 0 items from xpub cache, cache size 1
I0304 17:10:33.256925   44890 worker.go:1566] GetAddress-1 ccrt1qa5e0efards0eujktvw09tpxy07d4cknp26geyd, 189.167µs
I0304 17:10:49.976066   44890 xpub.go:98] Evicted 0 items from xpub cache, cache size 1
I0304 17:11:01.248648   44890 worker.go:1985] GetAddressUtxo ccrt1qa5e0efards0eujktvw09tpxy07d4cknp26geyd, 2 utxos, 216.5µs
I0304 17:11:09.977267   44890 xpub.go:98] Evicted 0 items from xpub cache, cache size 1
I0304 17:11:22.801657   44890 mempool_bitcoin_type.go:478] mempool: resync finished size=0 missing=0 outpoint_cache_entries=0 outpoint_cache_hits=0 outpoint_cache_misses=0 outpoint_cache_hit_rate=0.000 batch_size=1 batch_workers=0 list_duration=2ms process_duration=0s duration=2ms avg_per_tx=0s
I0304 17:11:23.261876   44890 worker.go:1985] GetAddressUtxo ccrt1qa5e0efards0eujktvw09tpxy07d4cknp26geyd, 2 utxos, 177.208µs
I0304 17:11:29.978676   44890 xpub.go:98] Evicted 0 items from xpub cache, cache size 1
I0304 17:11:49.979243   44890 xpub.go:98] Evicted 0 items from xpub cache, cache size 1
I0304 17:11:56.259824   44890 worker.go:1566] GetAddress-1 ccrt1qa5e0efards0eujktvw09tpxy07d4cknp26geyd, 302.958µs
I0304 17:11:59.726723   44890 worker.go:1566] GetAddress-1 ccrt1qa5e0efards0eujktvw09tpxy07d4cknp26geyd, 208.583µs
I0304 17:12:09.980524   44890 xpub.go:98] Evicted 0 items from xpub cache, cache size 1
I0304 17:12:22.821280   44890 mempool_bitcoin_type.go:478] mempool: resync finished size=0 missing=0 outpoint_cache_entries=0 outpoint_cache_hits=0 outpoint_cache_misses=0 outpoint_cache_hit_rate=0.000 batch_size=1 batch_workers=0 list_duration=1ms process_duration=0s duration=1ms avg_per_tx=0s
I0304 17:12:29.981398   44890 xpub.go:98] Evicted 0 items from xpub cache, cache size 1
I0304 17:12:33.352282   44890 mempool_bitcoin_type.go:478] mempool: resync finished size=0 missing=0 outpoint_cache_entries=0 outpoint_cache_hits=0 outpoint_cache_misses=0 outpoint_cache_hit_rate=0.000 batch_size=1 batch_workers=0 list_duration=1ms process_duration=0s duration=1ms avg_per_tx=0s
I0304 17:12:33.355288   44890 sync.go:186] resync: local at 1043 is behind
W0304 17:12:33.356875   44890 rocksdb.go:403] CONNECT-DEBUG block 1=============
W0304 17:12:33.356900   44890 rocksdb.go:419] CONNECT-DEBUG block 0=============
W0304 17:12:33.356925   44890 rocksdb.go:426] CONNECT-DEBUG block 1=============
W0304 17:12:33.357056   44890 rocksdb.go:439] CONNECT-DEBUG block=1044 assetAware=true txCount=1
I0304 17:12:33.357068   44890 rocksdb_coordinatetype.go:552] ASSET-DEBUG processAssetsCoordinateType: block=1044 txs=1
I0304 17:12:33.357117   44890 rocksdb_coordinatetype.go:731] ASSET-DEBUG Phase3: 0 affected pairs, 0 assetTxs
W0304 17:12:33.359721   44890 rocksdb.go:403] CONNECT-DEBUG block 1=============
W0304 17:12:33.359736   44890 rocksdb.go:419] CONNECT-DEBUG block 0=============
W0304 17:12:33.359744   44890 rocksdb.go:426] CONNECT-DEBUG block 1=============
I0304 17:12:33.359763   44890 websocket.go:1014] broadcasting new block 1044 02fb7c20d82b5118bb74d4c72a036f93b1489b2b295957fc372618f05255cfed to 0 channels
I0304 17:12:33.359740   44890 socketio.go:724] broadcasting new block hash 02fb7c20d82b5118bb74d4c72a036f93b1489b2b295957fc372618f05255cfed to 0 channels
W0304 17:12:33.359804   44890 rocksdb.go:439] CONNECT-DEBUG block=1045 assetAware=true txCount=1
I0304 17:12:33.359812   44890 rocksdb_coordinatetype.go:552] ASSET-DEBUG processAssetsCoordinateType: block=1045 txs=1
I0304 17:12:33.359816   44890 rocksdb_coordinatetype.go:731] ASSET-DEBUG Phase3: 0 affected pairs, 0 assetTxs
W0304 17:12:33.359899   44890 rocksdb.go:403] CONNECT-DEBUG block 1=============
W0304 17:12:33.359904   44890 rocksdb.go:419] CONNECT-DEBUG block 0=============
W0304 17:12:33.359910   44890 rocksdb.go:426] CONNECT-DEBUG block 1=============
I0304 17:12:33.359908   44890 socketio.go:724] broadcasting new block hash 90563abc4d402ff3f830354cab135fb28b8840f35d4fefa0dccf6597d4721c14 to 0 channels
I0304 17:12:33.359920   44890 websocket.go:1014] broadcasting new block 1045 90563abc4d402ff3f830354cab135fb28b8840f35d4fefa0dccf6597d4721c14 to 0 channels
W0304 17:12:33.359966   44890 rocksdb.go:439] CONNECT-DEBUG block=1046 assetAware=true txCount=1
I0304 17:12:33.359974   44890 rocksdb_coordinatetype.go:552] ASSET-DEBUG processAssetsCoordinateType: block=1046 txs=1
I0304 17:12:33.359977   44890 rocksdb_coordinatetype.go:731] ASSET-DEBUG Phase3: 0 affected pairs, 0 assetTxs
W0304 17:12:33.360032   44890 rocksdb.go:403] CONNECT-DEBUG block 1=============
W0304 17:12:33.360037   44890 rocksdb.go:419] CONNECT-DEBUG block 0=============
W0304 17:12:33.360042   44890 rocksdb.go:426] CONNECT-DEBUG block 1=============
I0304 17:12:33.360045   44890 socketio.go:724] broadcasting new block hash 8e003bef65ca4a2232692c5960f2654c9f217cd8e056726e0d0afd2d8bea34b0 to 0 channels
I0304 17:12:33.360055   44890 websocket.go:1014] broadcasting new block 1046 8e003bef65ca4a2232692c5960f2654c9f217cd8e056726e0d0afd2d8bea34b0 to 0 channels
W0304 17:12:33.360069   44890 rocksdb.go:439] CONNECT-DEBUG block=1047 assetAware=true txCount=1
I0304 17:12:33.360086   44890 rocksdb_coordinatetype.go:552] ASSET-DEBUG processAssetsCoordinateType: block=1047 txs=1
I0304 17:12:33.360089   44890 rocksdb_coordinatetype.go:731] ASSET-DEBUG Phase3: 0 affected pairs, 0 assetTxs
W0304 17:12:33.360129   44890 rocksdb.go:403] CONNECT-DEBUG block 1=============
W0304 17:12:33.360148   44890 rocksdb.go:419] CONNECT-DEBUG block 0=============
W0304 17:12:33.360152   44890 rocksdb.go:426] CONNECT-DEBUG block 1=============
I0304 17:12:33.360138   44890 socketio.go:724] broadcasting new block hash ce832f41717f8844e2c6a0e36831b808e6d71de166a2fdd6fa5b34f2c50cd5b2 to 0 channels
W0304 17:12:33.360176   44890 rocksdb.go:439] CONNECT-DEBUG block=1048 assetAware=true txCount=1
I0304 17:12:33.360182   44890 rocksdb_coordinatetype.go:552] ASSET-DEBUG processAssetsCoordinateType: block=1048 txs=1
I0304 17:12:33.360184   44890 rocksdb_coordinatetype.go:731] ASSET-DEBUG Phase3: 0 affected pairs, 0 assetTxs
I0304 17:12:33.360180   44890 websocket.go:1014] broadcasting new block 1047 ce832f41717f8844e2c6a0e36831b808e6d71de166a2fdd6fa5b34f2c50cd5b2 to 0 channels
W0304 17:12:33.360242   44890 rocksdb.go:403] CONNECT-DEBUG block 1=============
W0304 17:12:33.360246   44890 rocksdb.go:419] CONNECT-DEBUG block 0=============
W0304 17:12:33.360250   44890 rocksdb.go:426] CONNECT-DEBUG block 1=============
I0304 17:12:33.360251   44890 socketio.go:724] broadcasting new block hash 66f4204828eb51bcf6cf9bfad312455898cb3c44130f5505b5a009d0fc396645 to 0 channels
W0304 17:12:33.360259   44890 rocksdb.go:439] CONNECT-DEBUG block=1049 assetAware=true txCount=1
I0304 17:12:33.360264   44890 rocksdb_coordinatetype.go:552] ASSET-DEBUG processAssetsCoordinateType: block=1049 txs=1
I0304 17:12:33.360266   44890 rocksdb_coordinatetype.go:731] ASSET-DEBUG Phase3: 0 affected pairs, 0 assetTxs
I0304 17:12:33.360265   44890 websocket.go:1014] broadcasting new block 1048 66f4204828eb51bcf6cf9bfad312455898cb3c44130f5505b5a009d0fc396645 to 0 channels
I0304 17:12:33.360315   44890 websocket.go:1014] broadcasting new block 1049 633d0f9c01ee687533ad104283e100268104d61636a38d6b6019b5b2a7268b99 to 0 channels
I0304 17:12:33.360322   44890 socketio.go:724] broadcasting new block hash 633d0f9c01ee687533ad104283e100268104d61636a38d6b6019b5b2a7268b99 to 0 channels
W0304 17:12:33.360540   44890 rocksdb.go:403] CONNECT-DEBUG block 1=============
W0304 17:12:33.360545   44890 rocksdb.go:419] CONNECT-DEBUG block 0=============
W0304 17:12:33.360560   44890 rocksdb.go:426] CONNECT-DEBUG block 1=============
W0304 17:12:33.360592   44890 rocksdb.go:439] CONNECT-DEBUG block=1050 assetAware=true txCount=1
I0304 17:12:33.360605   44890 rocksdb_coordinatetype.go:552] ASSET-DEBUG processAssetsCoordinateType: block=1050 txs=1
I0304 17:12:33.360608   44890 rocksdb_coordinatetype.go:731] ASSET-DEBUG Phase3: 0 affected pairs, 0 assetTxs
I0304 17:12:33.360671   44890 websocket.go:1014] broadcasting new block 1050 fee07a8a0b183b49ff9815a4a232c29bd5ee40c10fcb972235d6fdedd0e163bf to 0 channels
I0304 17:12:33.360679   44890 socketio.go:724] broadcasting new block hash fee07a8a0b183b49ff9815a4a232c29bd5ee40c10fcb972235d6fdedd0e163bf to 0 channels
W0304 17:12:33.361033   44890 rocksdb.go:403] CONNECT-DEBUG block 1=============
W0304 17:12:33.361040   44890 rocksdb.go:419] CONNECT-DEBUG block 0=============
W0304 17:12:33.361045   44890 rocksdb.go:426] CONNECT-DEBUG block 1=============
W0304 17:12:33.361083   44890 rocksdb.go:439] CONNECT-DEBUG block=1051 assetAware=true txCount=1
I0304 17:12:33.361089   44890 rocksdb_coordinatetype.go:552] ASSET-DEBUG processAssetsCoordinateType: block=1051 txs=1
I0304 17:12:33.361091   44890 rocksdb_coordinatetype.go:731] ASSET-DEBUG Phase3: 0 affected pairs, 0 assetTxs
I0304 17:12:33.361162   44890 websocket.go:1014] broadcasting new block 1051 f1efbe6bfc0e7ee93c7d34117157259b21ff1c3ecd2cb496d15812e280cc315b to 0 channels
I0304 17:12:33.361167   44890 socketio.go:724] broadcasting new block hash f1efbe6bfc0e7ee93c7d34117157259b21ff1c3ecd2cb496d15812e280cc315b to 0 channels
W0304 17:12:33.361550   44890 rocksdb.go:403] CONNECT-DEBUG block 1=============
W0304 17:12:33.361558   44890 rocksdb.go:419] CONNECT-DEBUG block 0=============
W0304 17:12:33.361564   44890 rocksdb.go:426] CONNECT-DEBUG block 1=============
W0304 17:12:33.361595   44890 rocksdb.go:439] CONNECT-DEBUG block=1052 assetAware=true txCount=1
I0304 17:12:33.361601   44890 rocksdb_coordinatetype.go:552] ASSET-DEBUG processAssetsCoordinateType: block=1052 txs=1
I0304 17:12:33.361604   44890 rocksdb_coordinatetype.go:731] ASSET-DEBUG Phase3: 0 affected pairs, 0 assetTxs
I0304 17:12:33.361687   44890 websocket.go:1014] broadcasting new block 1052 786071ef39210071e377a27b210c80cee812e61ad8a0f2f1bea90f355290fea5 to 0 channels
I0304 17:12:33.361693   44890 socketio.go:724] broadcasting new block hash 786071ef39210071e377a27b210c80cee812e61ad8a0f2f1bea90f355290fea5 to 0 channels
W0304 17:12:33.362071   44890 rocksdb.go:403] CONNECT-DEBUG block 1=============
W0304 17:12:33.362077   44890 rocksdb.go:419] CONNECT-DEBUG block 0=============
W0304 17:12:33.362082   44890 rocksdb.go:426] CONNECT-DEBUG block 1=============
W0304 17:12:33.362115   44890 rocksdb.go:439] CONNECT-DEBUG block=1053 assetAware=true txCount=1
I0304 17:12:33.362121   44890 rocksdb_coordinatetype.go:552] ASSET-DEBUG processAssetsCoordinateType: block=1053 txs=1
I0304 17:12:33.362125   44890 rocksdb_coordinatetype.go:731] ASSET-DEBUG Phase3: 0 affected pairs, 0 assetTxs
I0304 17:12:33.362172   44890 websocket.go:1014] broadcasting new block 1053 d9ec776b79bee54adde21430bd4afee048dcf2a47a1c71c07d769df6e8727c22 to 0 channels
I0304 17:12:33.362175   44890 socketio.go:724] broadcasting new block hash d9ec776b79bee54adde21430bd4afee048dcf2a47a1c71c07d769df6e8727c22 to 0 channels
W0304 17:12:33.362460   44890 rocksdb.go:403] CONNECT-DEBUG block 1=============
W0304 17:12:33.362467   44890 rocksdb.go:419] CONNECT-DEBUG block 0=============
W0304 17:12:33.362472   44890 rocksdb.go:426] CONNECT-DEBUG block 1=============
W0304 17:12:33.362509   44890 rocksdb.go:439] CONNECT-DEBUG block=1054 assetAware=true txCount=1
I0304 17:12:33.362515   44890 rocksdb_coordinatetype.go:552] ASSET-DEBUG processAssetsCoordinateType: block=1054 txs=1
I0304 17:12:33.362518   44890 rocksdb_coordinatetype.go:731] ASSET-DEBUG Phase3: 0 affected pairs, 0 assetTxs
I0304 17:12:33.362582   44890 socketio.go:724] broadcasting new block hash 39e899ff6f9bac8cc716e5364e5387f274781193800d98d4c7a972211562fa78 to 0 channels
I0304 17:12:33.362596   44890 websocket.go:1014] broadcasting new block 1054 39e899ff6f9bac8cc716e5364e5387f274781193800d98d4c7a972211562fa78 to 0 channels
W0304 17:12:33.362895   44890 rocksdb.go:403] CONNECT-DEBUG block 1=============
W0304 17:12:33.362903   44890 rocksdb.go:419] CONNECT-DEBUG block 0=============
W0304 17:12:33.362907   44890 rocksdb.go:426] CONNECT-DEBUG block 1=============
W0304 17:12:33.362951   44890 rocksdb.go:439] CONNECT-DEBUG block=1055 assetAware=true txCount=1
I0304 17:12:33.362958   44890 rocksdb_coordinatetype.go:552] ASSET-DEBUG processAssetsCoordinateType: block=1055 txs=1
I0304 17:12:33.362961   44890 rocksdb_coordinatetype.go:731] ASSET-DEBUG Phase3: 0 affected pairs, 0 assetTxs
I0304 17:12:33.363018   44890 socketio.go:724] broadcasting new block hash 563c7bfd35723ba02e75f3191212fd3a777d404ab10e2098ea0b57f5ffaf49ed to 0 channels
I0304 17:12:33.363026   44890 websocket.go:1014] broadcasting new block 1055 563c7bfd35723ba02e75f3191212fd3a777d404ab10e2098ea0b57f5ffaf49ed to 0 channels
W0304 17:12:33.363287   44890 rocksdb.go:403] CONNECT-DEBUG block 1=============
W0304 17:12:33.363292   44890 rocksdb.go:419] CONNECT-DEBUG block 0=============
W0304 17:12:33.363297   44890 rocksdb.go:426] CONNECT-DEBUG block 1=============
W0304 17:12:33.363330   44890 rocksdb.go:439] CONNECT-DEBUG block=1056 assetAware=true txCount=1
I0304 17:12:33.363335   44890 rocksdb_coordinatetype.go:552] ASSET-DEBUG processAssetsCoordinateType: block=1056 txs=1
I0304 17:12:33.363337   44890 rocksdb_coordinatetype.go:731] ASSET-DEBUG Phase3: 0 affected pairs, 0 assetTxs
I0304 17:12:33.363378   44890 websocket.go:1014] broadcasting new block 1056 461cf3b8f2bd4c0e29c65fb7aac18840bdc3188492193d0a8bef9e3aeddadf31 to 0 channels
I0304 17:12:33.363381   44890 socketio.go:724] broadcasting new block hash 461cf3b8f2bd4c0e29c65fb7aac18840bdc3188492193d0a8bef9e3aeddadf31 to 0 channels
W0304 17:12:33.363647   44890 rocksdb.go:403] CONNECT-DEBUG block 1=============
W0304 17:12:33.363657   44890 rocksdb.go:419] CONNECT-DEBUG block 0=============
W0304 17:12:33.363661   44890 rocksdb.go:426] CONNECT-DEBUG block 1=============
W0304 17:12:33.363678   44890 rocksdb.go:439] CONNECT-DEBUG block=1057 assetAware=true txCount=1
I0304 17:12:33.363686   44890 rocksdb_coordinatetype.go:552] ASSET-DEBUG processAssetsCoordinateType: block=1057 txs=1
I0304 17:12:33.363688   44890 rocksdb_coordinatetype.go:731] ASSET-DEBUG Phase3: 0 affected pairs, 0 assetTxs
I0304 17:12:33.363753   44890 websocket.go:1014] broadcasting new block 1057 a4032a4ea7dd508788021e74cb2dcda8c9535c7d923e6e7754fa9a22e95199a2 to 0 channels
I0304 17:12:33.363758   44890 socketio.go:724] broadcasting new block hash a4032a4ea7dd508788021e74cb2dcda8c9535c7d923e6e7754fa9a22e95199a2 to 0 channels
W0304 17:12:33.364034   44890 rocksdb.go:403] CONNECT-DEBUG block 1=============
W0304 17:12:33.364039   44890 rocksdb.go:419] CONNECT-DEBUG block 0=============
W0304 17:12:33.364044   44890 rocksdb.go:426] CONNECT-DEBUG block 1=============
W0304 17:12:33.364067   44890 rocksdb.go:439] CONNECT-DEBUG block=1058 assetAware=true txCount=1
I0304 17:12:33.364072   44890 rocksdb_coordinatetype.go:552] ASSET-DEBUG processAssetsCoordinateType: block=1058 txs=1
I0304 17:12:33.364074   44890 rocksdb_coordinatetype.go:731] ASSET-DEBUG Phase3: 0 affected pairs, 0 assetTxs
I0304 17:12:33.364154   44890 websocket.go:1014] broadcasting new block 1058 0400fc67d34e1df2b12318697c86dbf60bfc6143fb015c04d185bac2e8627dd4 to 0 channels
I0304 17:12:33.364158   44890 socketio.go:724] broadcasting new block hash 0400fc67d34e1df2b12318697c86dbf60bfc6143fb015c04d185bac2e8627dd4 to 0 channels
W0304 17:12:33.364457   44890 rocksdb.go:403] CONNECT-DEBUG block 1=============
W0304 17:12:33.364463   44890 rocksdb.go:419] CONNECT-DEBUG block 0=============
W0304 17:12:33.364474   44890 rocksdb.go:426] CONNECT-DEBUG block 1=============
W0304 17:12:33.364499   44890 rocksdb.go:439] CONNECT-DEBUG block=1059 assetAware=true txCount=1
I0304 17:12:33.364505   44890 rocksdb_coordinatetype.go:552] ASSET-DEBUG processAssetsCoordinateType: block=1059 txs=1
I0304 17:12:33.364508   44890 rocksdb_coordinatetype.go:731] ASSET-DEBUG Phase3: 0 affected pairs, 0 assetTxs
I0304 17:12:33.364580   44890 websocket.go:1014] broadcasting new block 1059 fe735b084dc01b338b28ffc39a2989beeb52a5f87e0fbe418150b8bac1f51776 to 0 channels
I0304 17:12:33.364587   44890 socketio.go:724] broadcasting new block hash fe735b084dc01b338b28ffc39a2989beeb52a5f87e0fbe418150b8bac1f51776 to 0 channels
W0304 17:12:33.365026   44890 rocksdb.go:403] CONNECT-DEBUG block 1=============
W0304 17:12:33.365034   44890 rocksdb.go:419] CONNECT-DEBUG block 0=============
W0304 17:12:33.365040   44890 rocksdb.go:426] CONNECT-DEBUG block 1=============
W0304 17:12:33.365080   44890 rocksdb.go:439] CONNECT-DEBUG block=1060 assetAware=true txCount=1
I0304 17:12:33.365089   44890 rocksdb_coordinatetype.go:552] ASSET-DEBUG processAssetsCoordinateType: block=1060 txs=1
I0304 17:12:33.365102   44890 rocksdb_coordinatetype.go:731] ASSET-DEBUG Phase3: 0 affected pairs, 0 assetTxs
I0304 17:12:33.365175   44890 websocket.go:1014] broadcasting new block 1060 9a8ffc4352601f2bb35f2e05e514ce9c39969f976f91252803b1ddf002be0e35 to 0 channels
I0304 17:12:33.365191   44890 socketio.go:724] broadcasting new block hash 9a8ffc4352601f2bb35f2e05e514ce9c39969f976f91252803b1ddf002be0e35 to 0 channels
W0304 17:12:33.365466   44890 rocksdb.go:403] CONNECT-DEBUG block 1=============
W0304 17:12:33.365475   44890 rocksdb.go:419] CONNECT-DEBUG block 0=============
W0304 17:12:33.365481   44890 rocksdb.go:426] CONNECT-DEBUG block 1=============
W0304 17:12:33.365498   44890 rocksdb.go:439] CONNECT-DEBUG block=1061 assetAware=true txCount=1
I0304 17:12:33.365505   44890 rocksdb_coordinatetype.go:552] ASSET-DEBUG processAssetsCoordinateType: block=1061 txs=1
I0304 17:12:33.365508   44890 rocksdb_coordinatetype.go:731] ASSET-DEBUG Phase3: 0 affected pairs, 0 assetTxs
I0304 17:12:33.365560   44890 websocket.go:1014] broadcasting new block 1061 47ef557ce8e328d8f3472bfb323af08f52670509883fde9abc6b37b1af4080a6 to 0 channels
I0304 17:12:33.365566   44890 socketio.go:724] broadcasting new block hash 47ef557ce8e328d8f3472bfb323af08f52670509883fde9abc6b37b1af4080a6 to 0 channels
W0304 17:12:33.365820   44890 rocksdb.go:403] CONNECT-DEBUG block 1=============
W0304 17:12:33.365826   44890 rocksdb.go:419] CONNECT-DEBUG block 0=============
W0304 17:12:33.365831   44890 rocksdb.go:426] CONNECT-DEBUG block 1=============
W0304 17:12:33.365855   44890 rocksdb.go:439] CONNECT-DEBUG block=1062 assetAware=true txCount=1
I0304 17:12:33.365861   44890 rocksdb_coordinatetype.go:552] ASSET-DEBUG processAssetsCoordinateType: block=1062 txs=1
I0304 17:12:33.365863   44890 rocksdb_coordinatetype.go:731] ASSET-DEBUG Phase3: 0 affected pairs, 0 assetTxs
I0304 17:12:33.365911   44890 websocket.go:1014] broadcasting new block 1062 62138cc738f1141c5ff5046073164fbd767e8400586e1a4472b0967583e64cbf to 0 channels
I0304 17:12:33.365915   44890 socketio.go:724] broadcasting new block hash 62138cc738f1141c5ff5046073164fbd767e8400586e1a4472b0967583e64cbf to 0 channels
W0304 17:12:33.366169   44890 rocksdb.go:403] CONNECT-DEBUG block 1=============
W0304 17:12:33.366174   44890 rocksdb.go:419] CONNECT-DEBUG block 0=============
W0304 17:12:33.366179   44890 rocksdb.go:426] CONNECT-DEBUG block 1=============
W0304 17:12:33.366203   44890 rocksdb.go:439] CONNECT-DEBUG block=1063 assetAware=true txCount=1
I0304 17:12:33.366208   44890 rocksdb_coordinatetype.go:552] ASSET-DEBUG processAssetsCoordinateType: block=1063 txs=1
I0304 17:12:33.366212   44890 rocksdb_coordinatetype.go:731] ASSET-DEBUG Phase3: 0 affected pairs, 0 assetTxs
I0304 17:12:33.366260   44890 websocket.go:1014] broadcasting new block 1063 3d687d811ce80d140155fc598574c48ade14c2e0a537cdb8cc5777849ab5f316 to 0 channels
I0304 17:12:33.366267   44890 socketio.go:724] broadcasting new block hash 3d687d811ce80d140155fc598574c48ade14c2e0a537cdb8cc5777849ab5f316 to 0 channels
W0304 17:12:33.366513   44890 rocksdb.go:403] CONNECT-DEBUG block 1=============
W0304 17:12:33.366517   44890 rocksdb.go:419] CONNECT-DEBUG block 0=============
W0304 17:12:33.366523   44890 rocksdb.go:426] CONNECT-DEBUG block 1=============
W0304 17:12:33.366536   44890 rocksdb.go:439] CONNECT-DEBUG block=1064 assetAware=true txCount=1
I0304 17:12:33.366540   44890 rocksdb_coordinatetype.go:552] ASSET-DEBUG processAssetsCoordinateType: block=1064 txs=1
I0304 17:12:33.366542   44890 rocksdb_coordinatetype.go:731] ASSET-DEBUG Phase3: 0 affected pairs, 0 assetTxs
I0304 17:12:33.366582   44890 websocket.go:1014] broadcasting new block 1064 5ce13a56c869839b5593a9eeb68a9cdb90fe7c4eacad8d9927b9c6bbe37e76b4 to 0 channels
I0304 17:12:33.366588   44890 socketio.go:724] broadcasting new block hash 5ce13a56c869839b5593a9eeb68a9cdb90fe7c4eacad8d9927b9c6bbe37e76b4 to 0 channels
W0304 17:12:33.366839   44890 rocksdb.go:403] CONNECT-DEBUG block 1=============
W0304 17:12:33.366843   44890 rocksdb.go:419] CONNECT-DEBUG block 0=============
W0304 17:12:33.366848   44890 rocksdb.go:426] CONNECT-DEBUG block 1=============
W0304 17:12:33.366875   44890 rocksdb.go:439] CONNECT-DEBUG block=1065 assetAware=true txCount=1
I0304 17:12:33.366889   44890 rocksdb_coordinatetype.go:552] ASSET-DEBUG processAssetsCoordinateType: block=1065 txs=1
I0304 17:12:33.366893   44890 rocksdb_coordinatetype.go:731] ASSET-DEBUG Phase3: 0 affected pairs, 0 assetTxs
I0304 17:12:33.366946   44890 websocket.go:1014] broadcasting new block 1065 825daa2059ef9d116a1a214b06597c2d8a1e4d32f72dbb6cfe4a798df5f21858 to 0 channels
I0304 17:12:33.366952   44890 socketio.go:724] broadcasting new block hash 825daa2059ef9d116a1a214b06597c2d8a1e4d32f72dbb6cfe4a798df5f21858 to 0 channels
W0304 17:12:33.367218   44890 rocksdb.go:403] CONNECT-DEBUG block 1=============
W0304 17:12:33.367222   44890 rocksdb.go:419] CONNECT-DEBUG block 0=============
W0304 17:12:33.367226   44890 rocksdb.go:426] CONNECT-DEBUG block 1=============
W0304 17:12:33.367255   44890 rocksdb.go:439] CONNECT-DEBUG block=1066 assetAware=true txCount=1
I0304 17:12:33.367260   44890 rocksdb_coordinatetype.go:552] ASSET-DEBUG processAssetsCoordinateType: block=1066 txs=1
I0304 17:12:33.367262   44890 rocksdb_coordinatetype.go:731] ASSET-DEBUG Phase3: 0 affected pairs, 0 assetTxs
I0304 17:12:33.367311   44890 websocket.go:1014] broadcasting new block 1066 509ada5d440cf53e9978d49e264cffb1e26c577861977d2b16613947183539b3 to 0 channels
I0304 17:12:33.367317   44890 socketio.go:724] broadcasting new block hash 509ada5d440cf53e9978d49e264cffb1e26c577861977d2b16613947183539b3 to 0 channels
W0304 17:12:33.367554   44890 rocksdb.go:403] CONNECT-DEBUG block 1=============
W0304 17:12:33.367558   44890 rocksdb.go:419] CONNECT-DEBUG block 0=============
W0304 17:12:33.367566   44890 rocksdb.go:426] CONNECT-DEBUG block 1=============
W0304 17:12:33.367581   44890 rocksdb.go:439] CONNECT-DEBUG block=1067 assetAware=true txCount=1
I0304 17:12:33.367585   44890 rocksdb_coordinatetype.go:552] ASSET-DEBUG processAssetsCoordinateType: block=1067 txs=1
I0304 17:12:33.367588   44890 rocksdb_coordinatetype.go:731] ASSET-DEBUG Phase3: 0 affected pairs, 0 assetTxs
I0304 17:12:33.367635   44890 websocket.go:1014] broadcasting new block 1067 95483dd41ad565c7cb9b177789282957202b8a9e35c76e8f4e5e37b60d801ea9 to 0 channels
I0304 17:12:33.367639   44890 socketio.go:724] broadcasting new block hash 95483dd41ad565c7cb9b177789282957202b8a9e35c76e8f4e5e37b60d801ea9 to 0 channels
W0304 17:12:33.367877   44890 rocksdb.go:403] CONNECT-DEBUG block 1=============
W0304 17:12:33.367882   44890 rocksdb.go:419] CONNECT-DEBUG block 0=============
W0304 17:12:33.367886   44890 rocksdb.go:426] CONNECT-DEBUG block 1=============
W0304 17:12:33.367910   44890 rocksdb.go:439] CONNECT-DEBUG block=1068 assetAware=true txCount=1
I0304 17:12:33.367915   44890 rocksdb_coordinatetype.go:552] ASSET-DEBUG processAssetsCoordinateType: block=1068 txs=1
I0304 17:12:33.367925   44890 rocksdb_coordinatetype.go:731] ASSET-DEBUG Phase3: 0 affected pairs, 0 assetTxs
I0304 17:12:33.367982   44890 websocket.go:1014] broadcasting new block 1068 cbc133dd7acd785afde839367da2a4be81b8c9ff87733ec1aa8f8590f168560a to 0 channels
I0304 17:12:33.367988   44890 socketio.go:724] broadcasting new block hash cbc133dd7acd785afde839367da2a4be81b8c9ff87733ec1aa8f8590f168560a to 0 channels
W0304 17:12:33.368220   44890 rocksdb.go:403] CONNECT-DEBUG block 1=============
W0304 17:12:33.368225   44890 rocksdb.go:419] CONNECT-DEBUG block 0=============
W0304 17:12:33.368231   44890 rocksdb.go:426] CONNECT-DEBUG block 1=============
W0304 17:12:33.368301   44890 rocksdb.go:439] CONNECT-DEBUG block=1069 assetAware=true txCount=1
I0304 17:12:33.368306   44890 rocksdb_coordinatetype.go:552] ASSET-DEBUG processAssetsCoordinateType: block=1069 txs=1
I0304 17:12:33.368308   44890 rocksdb_coordinatetype.go:731] ASSET-DEBUG Phase3: 0 affected pairs, 0 assetTxs
I0304 17:12:33.368346   44890 websocket.go:1014] broadcasting new block 1069 03b36ed4cc249ed1fb764145f3b5bba136f44386ff6eca24bdb278103b8ec19e to 0 channels
I0304 17:12:33.368354   44890 socketio.go:724] broadcasting new block hash 03b36ed4cc249ed1fb764145f3b5bba136f44386ff6eca24bdb278103b8ec19e to 0 channels
W0304 17:12:33.368539   44890 rocksdb.go:403] CONNECT-DEBUG block 1=============
W0304 17:12:33.368543   44890 rocksdb.go:419] CONNECT-DEBUG block 0=============
W0304 17:12:33.368547   44890 rocksdb.go:426] CONNECT-DEBUG block 1=============
W0304 17:12:33.368563   44890 rocksdb.go:439] CONNECT-DEBUG block=1070 assetAware=true txCount=1
I0304 17:12:33.368568   44890 rocksdb_coordinatetype.go:552] ASSET-DEBUG processAssetsCoordinateType: block=1070 txs=1
I0304 17:12:33.368571   44890 rocksdb_coordinatetype.go:731] ASSET-DEBUG Phase3: 0 affected pairs, 0 assetTxs
I0304 17:12:33.368601   44890 websocket.go:1014] broadcasting new block 1070 41325f71277da7193b31649a9abe4c853882e0ec913869fcd56479d59659925c to 0 channels
I0304 17:12:33.368607   44890 socketio.go:724] broadcasting new block hash 41325f71277da7193b31649a9abe4c853882e0ec913869fcd56479d59659925c to 0 channels
W0304 17:12:33.368863   44890 rocksdb.go:403] CONNECT-DEBUG block 1=============
W0304 17:12:33.368867   44890 rocksdb.go:419] CONNECT-DEBUG block 0=============
W0304 17:12:33.368873   44890 rocksdb.go:426] CONNECT-DEBUG block 1=============
W0304 17:12:33.368917   44890 rocksdb.go:439] CONNECT-DEBUG block=1071 assetAware=true txCount=1
I0304 17:12:33.368922   44890 rocksdb_coordinatetype.go:552] ASSET-DEBUG processAssetsCoordinateType: block=1071 txs=1
I0304 17:12:33.368924   44890 rocksdb_coordinatetype.go:731] ASSET-DEBUG Phase3: 0 affected pairs, 0 assetTxs
I0304 17:12:33.368961   44890 websocket.go:1014] broadcasting new block 1071 325ea160c22e5f0366c504acb535d4ba41ce6fb8c0a83b797a0ecca809885978 to 0 channels
I0304 17:12:33.368966   44890 socketio.go:724] broadcasting new block hash 325ea160c22e5f0366c504acb535d4ba41ce6fb8c0a83b797a0ecca809885978 to 0 channels
W0304 17:12:33.369191   44890 rocksdb.go:403] CONNECT-DEBUG block 1=============
W0304 17:12:33.369195   44890 rocksdb.go:419] CONNECT-DEBUG block 0=============
W0304 17:12:33.369199   44890 rocksdb.go:426] CONNECT-DEBUG block 1=============
W0304 17:12:33.369221   44890 rocksdb.go:439] CONNECT-DEBUG block=1072 assetAware=true txCount=1
I0304 17:12:33.369225   44890 rocksdb_coordinatetype.go:552] ASSET-DEBUG processAssetsCoordinateType: block=1072 txs=1
I0304 17:12:33.369227   44890 rocksdb_coordinatetype.go:731] ASSET-DEBUG Phase3: 0 affected pairs, 0 assetTxs
I0304 17:12:33.369258   44890 websocket.go:1014] broadcasting new block 1072 335b63a911c5691b5e20f0f9fc71f913dcc00814983b9b655acff7d3d50d4c92 to 0 channels
I0304 17:12:33.369262   44890 socketio.go:724] broadcasting new block hash 335b63a911c5691b5e20f0f9fc71f913dcc00814983b9b655acff7d3d50d4c92 to 0 channels
W0304 17:12:33.369500   44890 rocksdb.go:403] CONNECT-DEBUG block 1=============
W0304 17:12:33.369504   44890 rocksdb.go:419] CONNECT-DEBUG block 0=============
W0304 17:12:33.369508   44890 rocksdb.go:426] CONNECT-DEBUG block 1=============
W0304 17:12:33.369535   44890 rocksdb.go:439] CONNECT-DEBUG block=1073 assetAware=true txCount=1
I0304 17:12:33.369541   44890 rocksdb_coordinatetype.go:552] ASSET-DEBUG processAssetsCoordinateType: block=1073 txs=1
I0304 17:12:33.369543   44890 rocksdb_coordinatetype.go:731] ASSET-DEBUG Phase3: 0 affected pairs, 0 assetTxs
I0304 17:12:33.369586   44890 websocket.go:1014] broadcasting new block 1073 51b2de0badb09c1879df2fa75d8841b4db543c1ec0cbde5b3d973650d1cae7fa to 0 channels
I0304 17:12:33.369592   44890 socketio.go:724] broadcasting new block hash 51b2de0badb09c1879df2fa75d8841b4db543c1ec0cbde5b3d973650d1cae7fa to 0 channels
W0304 17:12:33.369796   44890 rocksdb.go:403] CONNECT-DEBUG block 1=============
W0304 17:12:33.369800   44890 rocksdb.go:419] CONNECT-DEBUG block 0=============
W0304 17:12:33.369810   44890 rocksdb.go:426] CONNECT-DEBUG block 1=============
W0304 17:12:33.369824   44890 rocksdb.go:439] CONNECT-DEBUG block=1074 assetAware=true txCount=1
I0304 17:12:33.369828   44890 rocksdb_coordinatetype.go:552] ASSET-DEBUG processAssetsCoordinateType: block=1074 txs=1
I0304 17:12:33.369830   44890 rocksdb_coordinatetype.go:731] ASSET-DEBUG Phase3: 0 affected pairs, 0 assetTxs
I0304 17:12:33.369875   44890 websocket.go:1014] broadcasting new block 1074 21227479db40248a84fa4371aa632da4cb14f9cefcf2e0403a7d5d2c71d4d3d9 to 0 channels
I0304 17:12:33.369878   44890 socketio.go:724] broadcasting new block hash 21227479db40248a84fa4371aa632da4cb14f9cefcf2e0403a7d5d2c71d4d3d9 to 0 channels
W0304 17:12:33.370097   44890 rocksdb.go:403] CONNECT-DEBUG block 1=============
W0304 17:12:33.370101   44890 rocksdb.go:419] CONNECT-DEBUG block 0=============
W0304 17:12:33.370106   44890 rocksdb.go:426] CONNECT-DEBUG block 1=============
W0304 17:12:33.370125   44890 rocksdb.go:439] CONNECT-DEBUG block=1075 assetAware=true txCount=1
I0304 17:12:33.370130   44890 rocksdb_coordinatetype.go:552] ASSET-DEBUG processAssetsCoordinateType: block=1075 txs=1
I0304 17:12:33.370132   44890 rocksdb_coordinatetype.go:731] ASSET-DEBUG Phase3: 0 affected pairs, 0 assetTxs
I0304 17:12:33.370189   44890 websocket.go:1014] broadcasting new block 1075 78c0e019638242ce0bb0b31f365bd74cba672907f4ab2a194fd2c8fa9528fc8d to 0 channels
I0304 17:12:33.370193   44890 socketio.go:724] broadcasting new block hash 78c0e019638242ce0bb0b31f365bd74cba672907f4ab2a194fd2c8fa9528fc8d to 0 channels
W0304 17:12:33.370397   44890 rocksdb.go:403] CONNECT-DEBUG block 1=============
W0304 17:12:33.370401   44890 rocksdb.go:419] CONNECT-DEBUG block 0=============
W0304 17:12:33.370407   44890 rocksdb.go:426] CONNECT-DEBUG block 1=============
W0304 17:12:33.370426   44890 rocksdb.go:439] CONNECT-DEBUG block=1076 assetAware=true txCount=1
I0304 17:12:33.370430   44890 rocksdb_coordinatetype.go:552] ASSET-DEBUG processAssetsCoordinateType: block=1076 txs=1
I0304 17:12:33.370432   44890 rocksdb_coordinatetype.go:731] ASSET-DEBUG Phase3: 0 affected pairs, 0 assetTxs
I0304 17:12:33.370765   44890 websocket.go:1014] broadcasting new block 1076 930aa82dc7665770856a58a896d2cef17e71ce4efc6619c8e5de3f953e63217d to 0 channels
I0304 17:12:33.370797   44890 socketio.go:724] broadcasting new block hash 930aa82dc7665770856a58a896d2cef17e71ce4efc6619c8e5de3f953e63217d to 0 channels
W0304 17:12:33.371046   44890 rocksdb.go:403] CONNECT-DEBUG block 1=============
W0304 17:12:33.371054   44890 rocksdb.go:419] CONNECT-DEBUG block 0=============
W0304 17:12:33.371059   44890 rocksdb.go:426] CONNECT-DEBUG block 1=============
W0304 17:12:33.371091   44890 rocksdb.go:439] CONNECT-DEBUG block=1077 assetAware=true txCount=1
I0304 17:12:33.371100   44890 rocksdb_coordinatetype.go:552] ASSET-DEBUG processAssetsCoordinateType: block=1077 txs=1
I0304 17:12:33.371124   44890 rocksdb_coordinatetype.go:731] ASSET-DEBUG Phase3: 0 affected pairs, 0 assetTxs
I0304 17:12:33.371186   44890 socketio.go:724] broadcasting new block hash 9e72f6603a784ce37f588a402a8301a2a836104cf47c5229cd1a548e745f3373 to 0 channels
I0304 17:12:33.371186   44890 websocket.go:1014] broadcasting new block 1077 9e72f6603a784ce37f588a402a8301a2a836104cf47c5229cd1a548e745f3373 to 0 channels
W0304 17:12:33.371573   44890 rocksdb.go:403] CONNECT-DEBUG block 1=============
W0304 17:12:33.371584   44890 rocksdb.go:419] CONNECT-DEBUG block 0=============
W0304 17:12:33.371589   44890 rocksdb.go:426] CONNECT-DEBUG block 1=============
W0304 17:12:33.371625   44890 rocksdb.go:439] CONNECT-DEBUG block=1078 assetAware=true txCount=1
I0304 17:12:33.371630   44890 rocksdb_coordinatetype.go:552] ASSET-DEBUG processAssetsCoordinateType: block=1078 txs=1
I0304 17:12:33.371632   44890 rocksdb_coordinatetype.go:731] ASSET-DEBUG Phase3: 0 affected pairs, 0 assetTxs
I0304 17:12:33.371669   44890 websocket.go:1014] broadcasting new block 1078 dbebd661061fdda5423984ac4c7a628bfe717bf2187bf58def79359db2102506 to 0 channels
I0304 17:12:33.371673   44890 socketio.go:724] broadcasting new block hash dbebd661061fdda5423984ac4c7a628bfe717bf2187bf58def79359db2102506 to 0 channels
W0304 17:12:33.371904   44890 rocksdb.go:403] CONNECT-DEBUG block 1=============
W0304 17:12:33.371908   44890 rocksdb.go:419] CONNECT-DEBUG block 0=============
W0304 17:12:33.371913   44890 rocksdb.go:426] CONNECT-DEBUG block 1=============
W0304 17:12:33.371930   44890 rocksdb.go:439] CONNECT-DEBUG block=1079 assetAware=true txCount=1
I0304 17:12:33.371935   44890 rocksdb_coordinatetype.go:552] ASSET-DEBUG processAssetsCoordinateType: block=1079 txs=1
I0304 17:12:33.371941   44890 rocksdb_coordinatetype.go:731] ASSET-DEBUG Phase3: 0 affected pairs, 0 assetTxs
I0304 17:12:33.371973   44890 websocket.go:1014] broadcasting new block 1079 9e15e45210da2347391ef093ad4b819f8412deef3d242c7c272e6f3be6267df6 to 0 channels
I0304 17:12:33.371977   44890 socketio.go:724] broadcasting new block hash 9e15e45210da2347391ef093ad4b819f8412deef3d242c7c272e6f3be6267df6 to 0 channels
W0304 17:12:33.372192   44890 rocksdb.go:403] CONNECT-DEBUG block 1=============
W0304 17:12:33.372196   44890 rocksdb.go:419] CONNECT-DEBUG block 0=============
W0304 17:12:33.372200   44890 rocksdb.go:426] CONNECT-DEBUG block 1=============
W0304 17:12:33.372228   44890 rocksdb.go:439] CONNECT-DEBUG block=1080 assetAware=true txCount=1
I0304 17:12:33.372233   44890 rocksdb_coordinatetype.go:552] ASSET-DEBUG processAssetsCoordinateType: block=1080 txs=1
I0304 17:12:33.372234   44890 rocksdb_coordinatetype.go:731] ASSET-DEBUG Phase3: 0 affected pairs, 0 assetTxs
I0304 17:12:33.372269   44890 websocket.go:1014] broadcasting new block 1080 f3d2ab111b5aa262211454f33f218df93515b65fe2b4b791ead996f73a2ae7fe to 0 channels
I0304 17:12:33.372274   44890 socketio.go:724] broadcasting new block hash f3d2ab111b5aa262211454f33f218df93515b65fe2b4b791ead996f73a2ae7fe to 0 channels
W0304 17:12:33.372468   44890 rocksdb.go:403] CONNECT-DEBUG block 1=============
W0304 17:12:33.372472   44890 rocksdb.go:419] CONNECT-DEBUG block 0=============
W0304 17:12:33.372475   44890 rocksdb.go:426] CONNECT-DEBUG block 1=============
W0304 17:12:33.372492   44890 rocksdb.go:439] CONNECT-DEBUG block=1081 assetAware=true txCount=1
I0304 17:12:33.372497   44890 rocksdb_coordinatetype.go:552] ASSET-DEBUG processAssetsCoordinateType: block=1081 txs=1
I0304 17:12:33.372498   44890 rocksdb_coordinatetype.go:731] ASSET-DEBUG Phase3: 0 affected pairs, 0 assetTxs
I0304 17:12:33.372530   44890 websocket.go:1014] broadcasting new block 1081 878ad8929445efdf92490c0ef5993f2902cad491eb9d3cd56156b19ab4195bcb to 0 channels
I0304 17:12:33.372534   44890 socketio.go:724] broadcasting new block hash 878ad8929445efdf92490c0ef5993f2902cad491eb9d3cd56156b19ab4195bcb to 0 channels
W0304 17:12:33.372828   44890 rocksdb.go:403] CONNECT-DEBUG block 1=============
W0304 17:12:33.372855   44890 rocksdb.go:419] CONNECT-DEBUG block 0=============
W0304 17:12:33.372866   44890 rocksdb.go:426] CONNECT-DEBUG block 1=============
W0304 17:12:33.372921   44890 rocksdb.go:439] CONNECT-DEBUG block=1082 assetAware=true txCount=1
I0304 17:12:33.372932   44890 rocksdb_coordinatetype.go:552] ASSET-DEBUG processAssetsCoordinateType: block=1082 txs=1
I0304 17:12:33.372936   44890 rocksdb_coordinatetype.go:731] ASSET-DEBUG Phase3: 0 affected pairs, 0 assetTxs
I0304 17:12:33.373057   44890 websocket.go:1014] broadcasting new block 1082 2e5e5ee72e8a78fcb7428a6aa3ee5b589931fbc18c3cbb92e3eb10ebd97f386d to 0 channels
I0304 17:12:33.373068   44890 socketio.go:724] broadcasting new block hash 2e5e5ee72e8a78fcb7428a6aa3ee5b589931fbc18c3cbb92e3eb10ebd97f386d to 0 channels
W0304 17:12:33.373588   44890 rocksdb.go:403] CONNECT-DEBUG block 1=============
W0304 17:12:33.373599   44890 rocksdb.go:419] CONNECT-DEBUG block 0=============
W0304 17:12:33.373606   44890 rocksdb.go:426] CONNECT-DEBUG block 1=============
W0304 17:12:33.373636   44890 rocksdb.go:439] CONNECT-DEBUG block=1083 assetAware=true txCount=1
I0304 17:12:33.373647   44890 rocksdb_coordinatetype.go:552] ASSET-DEBUG processAssetsCoordinateType: block=1083 txs=1
I0304 17:12:33.373651   44890 rocksdb_coordinatetype.go:731] ASSET-DEBUG Phase3: 0 affected pairs, 0 assetTxs
I0304 17:12:33.373744   44890 websocket.go:1014] broadcasting new block 1083 5c87d654d51c73813e9ecb616aefc4a92e0730399977ada423fbece31bd033f0 to 0 channels
I0304 17:12:33.373752   44890 socketio.go:724] broadcasting new block hash 5c87d654d51c73813e9ecb616aefc4a92e0730399977ada423fbece31bd033f0 to 0 channels
W0304 17:12:33.374094   44890 rocksdb.go:403] CONNECT-DEBUG block 1=============
W0304 17:12:33.374105   44890 rocksdb.go:419] CONNECT-DEBUG block 0=============
W0304 17:12:33.374110   44890 rocksdb.go:426] CONNECT-DEBUG block 1=============
W0304 17:12:33.374132   44890 rocksdb.go:439] CONNECT-DEBUG block=1084 assetAware=true txCount=1
I0304 17:12:33.374138   44890 rocksdb_coordinatetype.go:552] ASSET-DEBUG processAssetsCoordinateType: block=1084 txs=1
I0304 17:12:33.374141   44890 rocksdb_coordinatetype.go:731] ASSET-DEBUG Phase3: 0 affected pairs, 0 assetTxs
I0304 17:12:33.374194   44890 websocket.go:1014] broadcasting new block 1084 dd44df19c477d9623a0939fb70720ba29a1381393beee0b334e18b6910641f6b to 0 channels
I0304 17:12:33.374210   44890 socketio.go:724] broadcasting new block hash dd44df19c477d9623a0939fb70720ba29a1381393beee0b334e18b6910641f6b to 0 channels
W0304 17:12:33.374745   44890 rocksdb.go:403] CONNECT-DEBUG block 1=============
W0304 17:12:33.374755   44890 rocksdb.go:419] CONNECT-DEBUG block 0=============
W0304 17:12:33.374761   44890 rocksdb.go:426] CONNECT-DEBUG block 1=============
W0304 17:12:33.374789   44890 rocksdb.go:439] CONNECT-DEBUG block=1085 assetAware=true txCount=1
I0304 17:12:33.374795   44890 rocksdb_coordinatetype.go:552] ASSET-DEBUG processAssetsCoordinateType: block=1085 txs=1
I0304 17:12:33.374798   44890 rocksdb_coordinatetype.go:731] ASSET-DEBUG Phase3: 0 affected pairs, 0 assetTxs
I0304 17:12:33.374863   44890 websocket.go:1014] broadcasting new block 1085 dcca14aa95b241159bf0950bf2a5259fa09f6f33b99fe19d19eaa7e50f1a6c6b to 0 channels
I0304 17:12:33.374867   44890 socketio.go:724] broadcasting new block hash dcca14aa95b241159bf0950bf2a5259fa09f6f33b99fe19d19eaa7e50f1a6c6b to 0 channels
W0304 17:12:33.375190   44890 rocksdb.go:403] CONNECT-DEBUG block 1=============
W0304 17:12:33.375197   44890 rocksdb.go:419] CONNECT-DEBUG block 0=============
W0304 17:12:33.375203   44890 rocksdb.go:426] CONNECT-DEBUG block 1=============
W0304 17:12:33.375241   44890 rocksdb.go:439] CONNECT-DEBUG block=1086 assetAware=true txCount=1
I0304 17:12:33.375248   44890 rocksdb_coordinatetype.go:552] ASSET-DEBUG processAssetsCoordinateType: block=1086 txs=1
I0304 17:12:33.375252   44890 rocksdb_coordinatetype.go:731] ASSET-DEBUG Phase3: 0 affected pairs, 0 assetTxs
I0304 17:12:33.375312   44890 websocket.go:1014] broadcasting new block 1086 d6898d1a96831507e9d445fb7912a9fbe685c3d66c40000df359dba0f5386708 to 0 channels
I0304 17:12:33.375318   44890 socketio.go:724] broadcasting new block hash d6898d1a96831507e9d445fb7912a9fbe685c3d66c40000df359dba0f5386708 to 0 channels
W0304 17:12:33.375580   44890 rocksdb.go:403] CONNECT-DEBUG block 1=============
W0304 17:12:33.375588   44890 rocksdb.go:419] CONNECT-DEBUG block 0=============
W0304 17:12:33.375592   44890 rocksdb.go:426] CONNECT-DEBUG block 1=============
W0304 17:12:33.375617   44890 rocksdb.go:439] CONNECT-DEBUG block=1087 assetAware=true txCount=1
I0304 17:12:33.375623   44890 rocksdb_coordinatetype.go:552] ASSET-DEBUG processAssetsCoordinateType: block=1087 txs=1
I0304 17:12:33.375625   44890 rocksdb_coordinatetype.go:731] ASSET-DEBUG Phase3: 0 affected pairs, 0 assetTxs
I0304 17:12:33.375672   44890 websocket.go:1014] broadcasting new block 1087 f4b43ca1d0d30796cc33869130c16e893fe86cbf41522d49d2424a39ca43b391 to 0 channels
I0304 17:12:33.375687   44890 socketio.go:724] broadcasting new block hash f4b43ca1d0d30796cc33869130c16e893fe86cbf41522d49d2424a39ca43b391 to 0 channels
W0304 17:12:33.376004   44890 rocksdb.go:403] CONNECT-DEBUG block 1=============
W0304 17:12:33.376010   44890 rocksdb.go:419] CONNECT-DEBUG block 0=============
W0304 17:12:33.376014   44890 rocksdb.go:426] CONNECT-DEBUG block 1=============
W0304 17:12:33.376044   44890 rocksdb.go:439] CONNECT-DEBUG block=1088 assetAware=true txCount=1
I0304 17:12:33.376051   44890 rocksdb_coordinatetype.go:552] ASSET-DEBUG processAssetsCoordinateType: block=1088 txs=1
I0304 17:12:33.376054   44890 rocksdb_coordinatetype.go:731] ASSET-DEBUG Phase3: 0 affected pairs, 0 assetTxs
I0304 17:12:33.376104   44890 websocket.go:1014] broadcasting new block 1088 b4669a72819455f2434c3abc71702dfbb21200c9ffb69bf1a3fc82c4b1115143 to 0 channels
I0304 17:12:33.376113   44890 socketio.go:724] broadcasting new block hash b4669a72819455f2434c3abc71702dfbb21200c9ffb69bf1a3fc82c4b1115143 to 0 channels
W0304 17:12:33.376395   44890 rocksdb.go:403] CONNECT-DEBUG block 1=============
W0304 17:12:33.376402   44890 rocksdb.go:419] CONNECT-DEBUG block 0=============
W0304 17:12:33.376406   44890 rocksdb.go:426] CONNECT-DEBUG block 1=============
W0304 17:12:33.376429   44890 rocksdb.go:439] CONNECT-DEBUG block=1089 assetAware=true txCount=1
I0304 17:12:33.376433   44890 rocksdb_coordinatetype.go:552] ASSET-DEBUG processAssetsCoordinateType: block=1089 txs=1
I0304 17:12:33.376435   44890 rocksdb_coordinatetype.go:731] ASSET-DEBUG Phase3: 0 affected pairs, 0 assetTxs
I0304 17:12:33.376489   44890 websocket.go:1014] broadcasting new block 1089 b9c3f1ef16ef1504c001c9364bd75546839c14e979096753b7a13ef4a844f545 to 0 channels
I0304 17:12:33.376497   44890 socketio.go:724] broadcasting new block hash b9c3f1ef16ef1504c001c9364bd75546839c14e979096753b7a13ef4a844f545 to 0 channels
W0304 17:12:33.376928   44890 rocksdb.go:403] CONNECT-DEBUG block 1=============
W0304 17:12:33.376935   44890 rocksdb.go:419] CONNECT-DEBUG block 0=============
W0304 17:12:33.376939   44890 rocksdb.go:426] CONNECT-DEBUG block 1=============
W0304 17:12:33.376962   44890 rocksdb.go:439] CONNECT-DEBUG block=1090 assetAware=true txCount=1
I0304 17:12:33.376969   44890 rocksdb_coordinatetype.go:552] ASSET-DEBUG processAssetsCoordinateType: block=1090 txs=1
I0304 17:12:33.376971   44890 rocksdb_coordinatetype.go:731] ASSET-DEBUG Phase3: 0 affected pairs, 0 assetTxs
I0304 17:12:33.377020   44890 websocket.go:1014] broadcasting new block 1090 6e0afcf9a39751f9017a6a7df7ad7f0c1c4cca80095b9d0d840d25e883db3aa4 to 0 channels
I0304 17:12:33.377026   44890 socketio.go:724] broadcasting new block hash 6e0afcf9a39751f9017a6a7df7ad7f0c1c4cca80095b9d0d840d25e883db3aa4 to 0 channels
W0304 17:12:33.377327   44890 rocksdb.go:403] CONNECT-DEBUG block 1=============
W0304 17:12:33.377333   44890 rocksdb.go:419] CONNECT-DEBUG block 0=============
W0304 17:12:33.377338   44890 rocksdb.go:426] CONNECT-DEBUG block 1=============
W0304 17:12:33.377370   44890 rocksdb.go:439] CONNECT-DEBUG block=1091 assetAware=true txCount=1
I0304 17:12:33.377376   44890 rocksdb_coordinatetype.go:552] ASSET-DEBUG processAssetsCoordinateType: block=1091 txs=1
I0304 17:12:33.377379   44890 rocksdb_coordinatetype.go:731] ASSET-DEBUG Phase3: 0 affected pairs, 0 assetTxs
I0304 17:12:33.377439   44890 socketio.go:724] broadcasting new block hash 13652488ad00d9b22d2d820c0d936132aaaa2477bf2c3164e65eed039b95d6a7 to 0 channels
I0304 17:12:33.377433   44890 websocket.go:1014] broadcasting new block 1091 13652488ad00d9b22d2d820c0d936132aaaa2477bf2c3164e65eed039b95d6a7 to 0 channels
W0304 17:12:33.377775   44890 rocksdb.go:403] CONNECT-DEBUG block 1=============
W0304 17:12:33.377781   44890 rocksdb.go:419] CONNECT-DEBUG block 0=============
W0304 17:12:33.377784   44890 rocksdb.go:426] CONNECT-DEBUG block 1=============
W0304 17:12:33.377804   44890 rocksdb.go:439] CONNECT-DEBUG block=1092 assetAware=true txCount=1
I0304 17:12:33.377809   44890 rocksdb_coordinatetype.go:552] ASSET-DEBUG processAssetsCoordinateType: block=1092 txs=1
I0304 17:12:33.377811   44890 rocksdb_coordinatetype.go:731] ASSET-DEBUG Phase3: 0 affected pairs, 0 assetTxs
I0304 17:12:33.377848   44890 websocket.go:1014] broadcasting new block 1092 7d2fe983a3f82b5a41478c8daab86f6eaa43a05582235f2c53e720228907e4e5 to 0 channels
I0304 17:12:33.377854   44890 socketio.go:724] broadcasting new block hash 7d2fe983a3f82b5a41478c8daab86f6eaa43a05582235f2c53e720228907e4e5 to 0 channels
W0304 17:12:33.378128   44890 rocksdb.go:403] CONNECT-DEBUG block 1=============
W0304 17:12:33.378134   44890 rocksdb.go:419] CONNECT-DEBUG block 0=============
W0304 17:12:33.378138   44890 rocksdb.go:426] CONNECT-DEBUG block 1=============
W0304 17:12:33.378177   44890 rocksdb.go:439] CONNECT-DEBUG block=1093 assetAware=true txCount=1
I0304 17:12:33.378188   44890 rocksdb_coordinatetype.go:552] ASSET-DEBUG processAssetsCoordinateType: block=1093 txs=1
I0304 17:12:33.378190   44890 rocksdb_coordinatetype.go:731] ASSET-DEBUG Phase3: 0 affected pairs, 0 assetTxs
I0304 17:12:33.378244   44890 websocket.go:1014] broadcasting new block 1093 de9e1340f8639f454c85fcdb29dbeb4c6bd488c521ca91646cf453661881c076 to 0 channels
I0304 17:12:33.378252   44890 socketio.go:724] broadcasting new block hash de9e1340f8639f454c85fcdb29dbeb4c6bd488c521ca91646cf453661881c076 to 0 channels
I0304 17:12:33.378354   44890 sync.go:339] resync: synced at 1093 de9e1340f8639f454c85fcdb29dbeb4c6bd488c521ca91646cf453661881c076
I0304 17:12:33.378794   44890 sync.go:135] resync: finished in 24.661125ms
I0304 17:12:35.803541   44890 mempool_bitcoin_type.go:478] mempool: resync finished size=1 missing=1 outpoint_cache_entries=3 outpoint_cache_hits=0 outpoint_cache_misses=0 outpoint_cache_hit_rate=0.000 batch_size=1 batch_workers=0 list_duration=1ms process_duration=1ms duration=1ms avg_per_tx=1.373ms
I0304 17:12:49.981659   44890 xpub.go:98] Evicted 0 items from xpub cache, cache size 1
I0304 17:13:05.312676   44890 worker.go:2609] GetSystemInfo, 785µs
I0304 17:13:09.982897   44890 xpub.go:98] Evicted 0 items from xpub cache, cache size 1
I0304 17:13:29.984176   44890 xpub.go:98] Evicted 0 items from xpub cache, cache size 1
I0304 17:13:35.822952   44890 mempool_bitcoin_type.go:478] mempool: resync finished size=1 missing=0 outpoint_cache_entries=0 outpoint_cache_hits=0 outpoint_cache_misses=0 outpoint_cache_hit_rate=0.000 batch_size=1 batch_workers=0 list_duration=1ms process_duration=0s duration=1ms avg_per_tx=997µs
I0304 17:13:49.984636   44890 xpub.go:98] Evicted 0 items from xpub cache, cache size 1
I0304 17:14:09.985989   44890 xpub.go:98] Evicted 0 items from xpub cache, cache size 1
I0304 17:14:29.987296   44890 xpub.go:98] Evicted 0 items from xpub cache, cache size 1
W0304 17:14:35.842590   44890 mempool_bitcoin_type.go:476] mempool: resync failed size=0 missing=0 outpoint_cache_entries=0 outpoint_cache_hits=0 outpoint_cache_misses=0 outpoint_cache_hit_rate=0.000 batch_size=0 batch_workers=0 list_duration=1ms process_duration=0s duration=1ms avg_per_tx=0s err=Post "http://127.0.0.1:18443": dial tcp 127.0.0.1:18443: connect: connection refused
E0304 17:14:35.842714   44890 blockbook.go:596] syncMempoolLoop Post "http://127.0.0.1:18443": dial tcp 127.0.0.1:18443: connect: connection refused
I0304 17:14:49.988619   44890 xpub.go:98] Evicted 0 items from xpub cache, cache size 1
I0304 17:15:09.989801   44890 xpub.go:98] Evicted 0 items from xpub cache, cache size 1
I0304 17:15:29.990988   44890 xpub.go:98] Evicted 0 items from xpub cache, cache size 1
I0304 17:15:35.865391   44890 mempool_bitcoin_type.go:478] mempool: resync finished size=1 missing=0 outpoint_cache_entries=0 outpoint_cache_hits=0 outpoint_cache_misses=0 outpoint_cache_hit_rate=0.000 batch_size=1 batch_workers=0 list_duration=4ms process_duration=0s duration=4ms avg_per_tx=4.243ms
I0304 17:15:49.992219   44890 xpub.go:98] Evicted 0 items from xpub cache, cache size 1
I0304 17:16:09.993481   44890 xpub.go:98] Evicted 0 items from xpub cache, cache size 1
I0304 17:16:29.994790   44890 xpub.go:98] Evicted 0 items from xpub cache, cache size 1
I0304 17:16:35.888194   44890 mempool_bitcoin_type.go:478] mempool: resync finished size=1 missing=0 outpoint_cache_entries=0 outpoint_cache_hits=0 outpoint_cache_misses=0 outpoint_cache_hit_rate=0.000 batch_size=1 batch_workers=0 list_duration=4ms process_duration=0s duration=4ms avg_per_tx=4.123ms
I0304 17:16:47.113947   44890 mempool_bitcoin_type.go:478] mempool: resync finished size=2 missing=1 outpoint_cache_entries=3 outpoint_cache_hits=0 outpoint_cache_misses=0 outpoint_cache_hit_rate=0.000 batch_size=1 batch_workers=0 list_duration=1ms process_duration=6ms duration=7ms avg_per_tx=3.42ms
I0304 17:16:49.995167   44890 xpub.go:98] Evicted 0 items from xpub cache, cache size 1
I0304 17:17:02.423261   44890 mempool_bitcoin_type.go:478] mempool: resync finished size=3 missing=1 outpoint_cache_entries=3 outpoint_cache_hits=0 outpoint_cache_misses=0 outpoint_cache_hit_rate=0.000 batch_size=1 batch_workers=0 list_duration=1ms process_duration=1ms duration=3ms avg_per_tx=878µs
I0304 17:17:09.996444   44890 xpub.go:98] Evicted 0 items from xpub cache, cache size 1
I0304 17:17:24.684187   44890 mempool_bitcoin_type.go:478] mempool: resync finished size=0 missing=0 outpoint_cache_entries=0 outpoint_cache_hits=0 outpoint_cache_misses=0 outpoint_cache_hit_rate=0.000 batch_size=1 batch_workers=0 list_duration=1ms process_duration=0s duration=1ms avg_per_tx=0s
I0304 17:17:24.687161   44890 sync.go:186] resync: local at 1093 is behind
W0304 17:17:24.689439   44890 rocksdb.go:403] CONNECT-DEBUG block 1=============
W0304 17:17:24.689491   44890 rocksdb.go:419] CONNECT-DEBUG block 0=============
W0304 17:17:24.689503   44890 rocksdb.go:426] CONNECT-DEBUG block 1=============
W0304 17:17:24.690534   44890 rocksdb.go:439] CONNECT-DEBUG block=1094 assetAware=true txCount=4
I0304 17:17:24.690550   44890 rocksdb_coordinatetype.go:552] ASSET-DEBUG processAssetsCoordinateType: block=1094 txs=4
I0304 17:17:24.690583   44890 rocksdb_coordinatetype.go:562] ASSET-DEBUG Phase1: FOUND v10 tx=4248b023c16f73608446b4333773a47025679d00d047398c999f223122787a08 vouts=3 coinSpecific=true coinSpecificType=json.RawMessage
I0304 17:17:24.690625   44890 rocksdb_coordinatetype.go:852] ASSET-DEBUG tagUtxo: TAGGED vout=0 isController=true value=100000000
I0304 17:17:24.690635   44890 rocksdb_coordinatetype.go:852] ASSET-DEBUG tagUtxo: TAGGED vout=1 isController=false value=10000000000
I0304 17:17:24.690641   44890 rocksdb_coordinatetype.go:947] ASSET-DEBUG fillMetadata: CoinSpecificData type=json.RawMessage
I0304 17:17:24.690655   44890 rocksdb_coordinatetype.go:962] ASSET-DEBUG fillMetadata: raw JSON len=2687, first100={"txid":"4248b023c16f73608446b4333773a47025679d00d047398c999f223122787a08","hash":"1c31e10eb1d803a2c
I0304 17:17:24.690693   44890 rocksdb_coordinatetype.go:970] ASSET-DEBUG fillMetadata: parsed ticker="TEST3" headline="Test Asset 3" precision=0 assetType=1
I0304 17:17:24.690700   44890 rocksdb_coordinatetype.go:644] ASSET-DEBUG Phase1: writing registry ticker="TEST3" headline="Test Asset 3" precision=8 assetType=1 supply=10000000000 ctrlOut=4248b023c16f73608446b4333773a47025679d00d047398c999f223122787a0800
I0304 17:17:24.690713   44890 rocksdb_coordinatetype.go:649] ASSET-DEBUG Phase1: regKey=61633a4248b023c16f73608446b4333773a47025679d00d047398c999f223122787a0800 packedLen=62
I0304 17:17:24.690734   44890 rocksdb_coordinatetype.go:562] ASSET-DEBUG Phase1: FOUND v10 tx=61f1817cd67f588d00eefc7a55ce6426d16b34324786f57577bb20bbc5f47267 vouts=3 coinSpecific=true coinSpecificType=json.RawMessage
I0304 17:17:24.690961   44890 rocksdb_coordinatetype.go:852] ASSET-DEBUG tagUtxo: TAGGED vout=0 isController=true value=100000000
I0304 17:17:24.690968   44890 rocksdb_coordinatetype.go:852] ASSET-DEBUG tagUtxo: TAGGED vout=1 isController=false value=10000000000
I0304 17:17:24.690972   44890 rocksdb_coordinatetype.go:947] ASSET-DEBUG fillMetadata: CoinSpecificData type=json.RawMessage
I0304 17:17:24.690975   44890 rocksdb_coordinatetype.go:962] ASSET-DEBUG fillMetadata: raw JSON len=2688, first100={"txid":"61f1817cd67f588d00eefc7a55ce6426d16b34324786f57577bb20bbc5f47267","hash":"a63f7a0a30b4951d5
I0304 17:17:24.691000   44890 rocksdb_coordinatetype.go:970] ASSET-DEBUG fillMetadata: parsed ticker="TEST3" headline="Test Asset 3" precision=0 assetType=1
I0304 17:17:24.691004   44890 rocksdb_coordinatetype.go:644] ASSET-DEBUG Phase1: writing registry ticker="TEST3" headline="Test Asset 3" precision=8 assetType=1 supply=10000000000 ctrlOut=61f1817cd67f588d00eefc7a55ce6426d16b34324786f57577bb20bbc5f4726700
I0304 17:17:24.691014   44890 rocksdb_coordinatetype.go:649] ASSET-DEBUG Phase1: regKey=61633a61f1817cd67f588d00eefc7a55ce6426d16b34324786f57577bb20bbc5f4726700 packedLen=62
I0304 17:17:24.691031   44890 rocksdb_coordinatetype.go:562] ASSET-DEBUG Phase1: FOUND v10 tx=c0ee570433e8ab4d85d2338c118f348e43322e58cc8b8df83f166653daeb0ad6 vouts=3 coinSpecific=true coinSpecificType=json.RawMessage
I0304 17:17:24.691235   44890 rocksdb_coordinatetype.go:852] ASSET-DEBUG tagUtxo: TAGGED vout=0 isController=true value=100000000
I0304 17:17:24.691240   44890 rocksdb_coordinatetype.go:852] ASSET-DEBUG tagUtxo: TAGGED vout=1 isController=false value=10000000000
I0304 17:17:24.691243   44890 rocksdb_coordinatetype.go:947] ASSET-DEBUG fillMetadata: CoinSpecificData type=json.RawMessage
I0304 17:17:24.691245   44890 rocksdb_coordinatetype.go:962] ASSET-DEBUG fillMetadata: raw JSON len=2687, first100={"txid":"c0ee570433e8ab4d85d2338c118f348e43322e58cc8b8df83f166653daeb0ad6","hash":"8acb7446807284214
I0304 17:17:24.691268   44890 rocksdb_coordinatetype.go:970] ASSET-DEBUG fillMetadata: parsed ticker="TEST3" headline="Test Asset 3" precision=0 assetType=1
I0304 17:17:24.691273   44890 rocksdb_coordinatetype.go:644] ASSET-DEBUG Phase1: writing registry ticker="TEST3" headline="Test Asset 3" precision=8 assetType=1 supply=10000000000 ctrlOut=c0ee570433e8ab4d85d2338c118f348e43322e58cc8b8df83f166653daeb0ad600
I0304 17:17:24.691281   44890 rocksdb_coordinatetype.go:649] ASSET-DEBUG Phase1: regKey=61633ac0ee570433e8ab4d85d2338c118f348e43322e58cc8b8df83f166653daeb0ad600 packedLen=62
I0304 17:17:24.691289   44890 rocksdb_coordinatetype.go:731] ASSET-DEBUG Phase3: 6 affected pairs, 3 assetTxs
W0304 17:17:24.692864   44890 rocksdb.go:403] CONNECT-DEBUG block 1=============
W0304 17:17:24.692886   44890 rocksdb.go:419] CONNECT-DEBUG block 0=============
W0304 17:17:24.692899   44890 rocksdb.go:426] CONNECT-DEBUG block 1=============
I0304 17:17:24.692881   44890 websocket.go:1014] broadcasting new block 1094 a40b0a61a6c7b6d12ae51668978c789acebe023290a243cf1abee993a7897de6 to 0 channels
I0304 17:17:24.692874   44890 socketio.go:724] broadcasting new block hash a40b0a61a6c7b6d12ae51668978c789acebe023290a243cf1abee993a7897de6 to 0 channels
W0304 17:17:24.692953   44890 rocksdb.go:439] CONNECT-DEBUG block=1095 assetAware=true txCount=1
I0304 17:17:24.692971   44890 rocksdb_coordinatetype.go:552] ASSET-DEBUG processAssetsCoordinateType: block=1095 txs=1
I0304 17:17:24.692976   44890 rocksdb_coordinatetype.go:731] ASSET-DEBUG Phase3: 0 affected pairs, 0 assetTxs
W0304 17:17:24.693070   44890 rocksdb.go:403] CONNECT-DEBUG block 1=============
W0304 17:17:24.693075   44890 rocksdb.go:419] CONNECT-DEBUG block 0=============
W0304 17:17:24.693082   44890 rocksdb.go:426] CONNECT-DEBUG block 1=============
I0304 17:17:24.693095   44890 socketio.go:724] broadcasting new block hash 21bc99c0be455ddcbc7cd8f88dfd12980899fa09b277d8e2cf90c0b7500d4c6e to 0 channels
I0304 17:17:24.693107   44890 websocket.go:1014] broadcasting new block 1095 21bc99c0be455ddcbc7cd8f88dfd12980899fa09b277d8e2cf90c0b7500d4c6e to 0 channels
W0304 17:17:24.693202   44890 rocksdb.go:439] CONNECT-DEBUG block=1096 assetAware=true txCount=1
I0304 17:17:24.693301   44890 rocksdb_coordinatetype.go:552] ASSET-DEBUG processAssetsCoordinateType: block=1096 txs=1
I0304 17:17:24.693305   44890 rocksdb_coordinatetype.go:731] ASSET-DEBUG Phase3: 0 affected pairs, 0 assetTxs
W0304 17:17:24.693400   44890 rocksdb.go:403] CONNECT-DEBUG block 1=============
W0304 17:17:24.693405   44890 rocksdb.go:419] CONNECT-DEBUG block 0=============
W0304 17:17:24.693410   44890 rocksdb.go:426] CONNECT-DEBUG block 1=============
I0304 17:17:24.693411   44890 socketio.go:724] broadcasting new block hash b06d6b9e5f87d781ecdb1561382298de90823ec8f4e24c803d4e3e672ac8ac28 to 0 channels
I0304 17:17:24.693426   44890 websocket.go:1014] broadcasting new block 1096 b06d6b9e5f87d781ecdb1561382298de90823ec8f4e24c803d4e3e672ac8ac28 to 0 channels
W0304 17:17:24.693435   44890 rocksdb.go:439] CONNECT-DEBUG block=1097 assetAware=true txCount=1
I0304 17:17:24.693440   44890 rocksdb_coordinatetype.go:552] ASSET-DEBUG processAssetsCoordinateType: block=1097 txs=1
I0304 17:17:24.693442   44890 rocksdb_coordinatetype.go:731] ASSET-DEBUG Phase3: 0 affected pairs, 0 assetTxs
W0304 17:17:24.693482   44890 rocksdb.go:403] CONNECT-DEBUG block 1=============
W0304 17:17:24.693486   44890 rocksdb.go:419] CONNECT-DEBUG block 0=============
W0304 17:17:24.693489   44890 rocksdb.go:426] CONNECT-DEBUG block 1=============
I0304 17:17:24.693486   44890 socketio.go:724] broadcasting new block hash 6df3d9ef341aa84adff7c4ec7d4d637c93d7d8b1eb4ffec082bef513f1a66835 to 0 channels
W0304 17:17:24.693498   44890 rocksdb.go:439] CONNECT-DEBUG block=1098 assetAware=true txCount=1
I0304 17:17:24.693503   44890 rocksdb_coordinatetype.go:552] ASSET-DEBUG processAssetsCoordinateType: block=1098 txs=1
I0304 17:17:24.693500   44890 websocket.go:1014] broadcasting new block 1097 6df3d9ef341aa84adff7c4ec7d4d637c93d7d8b1eb4ffec082bef513f1a66835 to 0 channels
I0304 17:17:24.693505   44890 rocksdb_coordinatetype.go:731] ASSET-DEBUG Phase3: 0 affected pairs, 0 assetTxs
I0304 17:17:24.693538   44890 sync.go:339] resync: synced at 1098 f52d7d148da263b80e2885f0da2e89d0080224f4cb6b819fb7f50b7902053cd4
I0304 17:17:24.693546   44890 socketio.go:724] broadcasting new block hash f52d7d148da263b80e2885f0da2e89d0080224f4cb6b819fb7f50b7902053cd4 to 0 channels
I0304 17:17:24.693560   44890 websocket.go:1014] broadcasting new block 1098 f52d7d148da263b80e2885f0da2e89d0080224f4cb6b819fb7f50b7902053cd4 to 0 channels
I0304 17:17:24.694079   44890 sync.go:135] resync: finished in 7.712334ms
I0304 17:17:29.997434   44890 xpub.go:98] Evicted 0 items from xpub cache, cache size 1
I0304 17:17:49.998630   44890 xpub.go:98] Evicted 0 items from xpub cache, cache size 1
I0304 17:18:09.999834   44890 xpub.go:98] Evicted 0 items from xpub cache, cache size 1
I0304 17:18:24.704889   44890 mempool_bitcoin_type.go:478] mempool: resync finished size=0 missing=0 outpoint_cache_entries=0 outpoint_cache_hits=0 outpoint_cache_misses=0 outpoint_cache_hit_rate=0.000 batch_size=1 batch_workers=0 list_duration=2ms process_duration=0s duration=2ms avg_per_tx=0s
I0304 17:18:30.001127   44890 xpub.go:98] Evicted 0 items from xpub cache, cache size 1
I0304 17:18:50.001573   44890 xpub.go:98] Evicted 0 items from xpub cache, cache size 1
I0304 17:19:03.119371   44890 worker.go:1566] GetAddress-1 ccrt1qnj6cakagjqys8tr074w79923zu5raeqvm2sl4t, 486.5µs
I0304 17:19:10.002842   44890 xpub.go:98] Evicted 0 items from xpub cache, cache size 1
I0304 17:19:22.865539   44890 worker.go:1566] GetAddress-1 ccrt1qnj6cakagjqys8tr074w79923zu5raeqvm2sl4t, 114.458µs
I0304 17:19:24.726115   44890 mempool_bitcoin_type.go:478] mempool: resync finished size=0 missing=0 outpoint_cache_entries=0 outpoint_cache_hits=0 outpoint_cache_misses=0 outpoint_cache_hit_rate=0.000 batch_size=1 batch_workers=0 list_duration=3ms process_duration=0s duration=3ms avg_per_tx=0s
I0304 17:19:30.004080   44890 xpub.go:98] Evicted 0 items from xpub cache, cache size 1
I0304 17:19:32.322853   44890 worker.go:1566] GetAddress-1 ccrt1qnj6cakagjqys8tr074w79923zu5raeqvm2sl4t, 198.667µs
I0304 17:19:43.046982   44890 worker.go:1985] GetAddressUtxo ccrt1qnj6cakagjqys8tr074w79923zu5raeqvm2sl4t, 7 utxos, 207.792µs
I0304 17:19:50.005296   44890 xpub.go:98] Evicted 0 items from xpub cache, cache size 1
I0304 17:20:10.006169   44890 xpub.go:98] Evicted 0 items from xpub cache, cache size 1
I0304 17:20:24.746344   44890 mempool_bitcoin_type.go:478] mempool: resync finished size=0 missing=0 outpoint_cache_entries=0 outpoint_cache_hits=0 outpoint_cache_misses=0 outpoint_cache_hit_rate=0.000 batch_size=1 batch_workers=0 list_duration=2ms process_duration=0s duration=2ms avg_per_tx=0s
I0304 17:20:30.007456   44890 xpub.go:98] Evicted 0 items from xpub cache, cache size 1
I0304 17:20:50.008796   44890 xpub.go:98] Evicted 0 items from xpub cache, cache size 1
I0304 17:20:56.937061   44890 worker.go:1985] GetAddressUtxo ccrt1qnj6cakagjqys8tr074w79923zu5raeqvm2sl4t, 2 utxos, 406.875µs
I0304 17:21:10.010050   44890 xpub.go:98] Evicted 0 items from xpub cache, cache size 1
I0304 17:21:14.484273   44890 xpub.go:688] GetXpubAddress vpub5Y67dx5KUXU9GdirBfNauhasYg, cache true, 3 txs, 706.667µs
I0304 17:21:24.768301   44890 mempool_bitcoin_type.go:478] mempool: resync finished size=0 missing=0 outpoint_cache_entries=0 outpoint_cache_hits=0 outpoint_cache_misses=0 outpoint_cache_hit_rate=0.000 batch_size=1 batch_workers=0 list_duration=3ms process_duration=0s duration=3ms avg_per_tx=0s
I0304 17:21:30.011093   44890 xpub.go:98] Evicted 0 items from xpub cache, cache size 1
I0304 17:21:36.564377   44890 xpub.go:688] GetXpubAddress vpub5Y67dx5KUXU9GdirBfNauhasYg, cache true, 3 txs, 391.208µs
I0304 17:21:50.012305   44890 xpub.go:98] Evicted 0 items from xpub cache, cache size 1
I0304 17:21:52.388371   44890 xpub.go:733] GetXpubUtxo vpub5Y67dx5KUXU9GdirBfNauhasYg, cache true, 7 utxos,  315.417µs
I0304 17:22:10.013007   44890 xpub.go:98] Evicted 0 items from xpub cache, cache size 1
I0304 17:22:24.788047   44890 mempool_bitcoin_type.go:478] mempool: resync finished size=0 missing=0 outpoint_cache_entries=0 outpoint_cache_hits=0 outpoint_cache_misses=0 outpoint_cache_hit_rate=0.000 batch_size=1 batch_workers=0 list_duration=1ms process_duration=0s duration=1ms avg_per_tx=0s
I0304 17:22:28.131864   44890 xpub.go:733] GetXpubUtxo vpub5Y67dx5KUXU9GdirBfNauhasYg, cache true, 2 utxos,  207.375µs
I0304 17:22:30.014193   44890 xpub.go:98] Evicted 0 items from xpub cache, cache size 1
I0304 17:22:50.015429   44890 xpub.go:98] Evicted 0 items from xpub cache, cache size 1
